날짜,원/미국달러,기준금리,dubai,총지수
2016-07-01,1152.6,1.25,45.76,95.431
2016-07-02,1152.6,1.25,45.76,95.431
2016-07-03,1152.6,1.25,45.76,95.431
2016-07-04,1147.5,1.25,45.76,95.431
2016-07-05,1148.1,1.25,44.01,95.431
2016-07-06,1153.0,1.25,44.73,95.431
2016-07-07,1165.8,1.25,44.79,95.431
2016-07-08,1156.6,1.25,43.13,95.431
2016-07-09,1156.6,1.25,43.13,95.431
2016-07-10,1156.6,1.25,43.13,95.431
2016-07-11,1159.2,1.25,42.83,95.431
2016-07-12,1147.8,1.25,44.29,95.431
2016-07-13,1149.3,1.25,42.81,95.431
2016-07-14,1145.7,1.25,43.52,95.431
2016-07-15,1141.8,1.25,43.67,95.431
2016-07-16,1141.8,1.25,43.67,95.431
2016-07-17,1141.8,1.25,43.67,95.431
2016-07-18,1132.7,1.25,43.18,95.431
2016-07-19,1136.3,1.25,43.06,95.431
2016-07-20,1138.4,1.25,43.26,95.431
2016-07-21,1140.8,1.25,43.18,95.431
2016-07-22,1140.2,1.25,42.77,95.431
2016-07-23,1140.2,1.25,42.77,95.431
2016-07-24,1140.2,1.25,42.77,95.431
2016-07-25,1135.0,1.25,42.58,95.431
2016-07-26,1136.9,1.25,42.56,95.431
2016-07-27,1138.4,1.25,42.5,95.431
2016-07-28,1134.1,1.25,40.02,95.431
2016-07-29,1125.7,1.25,40.17,95.431
2016-07-30,1125.7,1.25,40.17,95.431
2016-07-31,1125.7,1.25,40.17,95.431
2016-08-01,1122.4,1.25,38.91,95.677
2016-08-02,1111.0,1.25,38.68,95.677
2016-08-03,1108.9,1.25,39.76,95.677
2016-08-04,1114.0,1.25,40.85,95.677
2016-08-05,1113.8,1.25,40.71,95.677
2016-08-06,1113.8,1.25,40.71,95.677
2016-08-07,1113.8,1.25,40.71,95.677
2016-08-08,1111.3,1.25,41.61,95.677
2016-08-09,1112.7,1.25,41.17,95.677
2016-08-10,1107.2,1.25,40.7,95.677
2016-08-11,1096.1,1.25,41.97,95.677
2016-08-12,1098.6,1.25,42.52,95.677
2016-08-13,1098.6,1.25,42.52,95.677
2016-08-14,1098.6,1.25,42.52,95.677
2016-08-15,1098.6,1.25,43.26,95.677
2016-08-16,1101.1,1.25,43.83,95.677
2016-08-17,1095.0,1.25,43.9,95.677
2016-08-18,1102.3,1.25,44.5,95.677
2016-08-19,1106.4,1.25,44.45,95.677
2016-08-20,1106.4,1.25,44.45,95.677
2016-08-21,1106.4,1.25,44.45,95.677
2016-08-22,1115.2,1.25,43.8,95.677
2016-08-23,1125.3,1.25,43.95,95.677
2016-08-24,1117.4,1.25,43.7,95.677
2016-08-25,1121.6,1.25,43.81,95.677
2016-08-26,1119.0,1.25,43.84,95.677
2016-08-27,1119.0,1.25,43.84,95.677
2016-08-28,1119.0,1.25,43.84,95.677
2016-08-29,1113.9,1.25,43.74,95.677
2016-08-30,1125.2,1.25,43.72,95.677
2016-08-31,1118.5,1.25,43.63,95.677
2016-09-01,1117.4,1.25,41.88,96.247
2016-09-02,1119.3,1.25,43.16,96.247
2016-09-03,1119.3,1.25,43.16,96.247
2016-09-04,1119.3,1.25,43.16,96.247
2016-09-05,1117.6,1.25,43.16,96.247
2016-09-06,1108.2,1.25,43.53,96.247
2016-09-07,1105.0,1.25,44.11,96.247
2016-09-08,1093.2,1.25,45.43,96.247
2016-09-09,1093.2,1.25,44.11,96.247
2016-09-10,1093.2,1.25,44.11,96.247
2016-09-11,1093.2,1.25,44.11,96.247
2016-09-12,1099.5,1.25,44.88,96.247
2016-09-13,1110.6,1.25,43.57,96.247
2016-09-14,1110.6,1.25,42.85,96.247
2016-09-15,1110.6,1.25,43.28,96.247
2016-09-16,1110.6,1.25,42.92,96.247
2016-09-17,1110.6,1.25,42.92,96.247
2016-09-18,1110.6,1.25,42.92,96.247
2016-09-19,1112.3,1.25,43.01,96.247
2016-09-20,1120.0,1.25,42.98,96.247
2016-09-21,1119.5,1.25,43.33,96.247
2016-09-22,1116.8,1.25,43.59,96.247
2016-09-23,1103.1,1.25,43.13,96.247
2016-09-24,1103.1,1.25,43.13,96.247
2016-09-25,1103.1,1.25,43.13,96.247
2016-09-26,1104.2,1.25,43.4,96.247
2016-09-27,1106.9,1.25,43.14,96.247
2016-09-28,1103.5,1.25,43.38,96.247
2016-09-29,1095.7,1.25,46.8,96.247
2016-09-30,1096.3,1.25,46.8,96.247
2016-10-01,1096.3,1.25,46.8,96.379
2016-10-02,1096.3,1.25,46.8,96.379
2016-10-03,1096.3,1.25,48.0,96.379
2016-10-04,1102.0,1.25,48.14,96.379
2016-10-05,1105.1,1.25,48.95,96.379
2016-10-06,1113.8,1.25,49.41,96.379
2016-10-07,1111.3,1.25,49.07,96.379
2016-10-08,1111.3,1.25,49.07,96.379
2016-10-09,1111.3,1.25,49.07,96.379
2016-10-10,1115.7,1.25,49.93,96.379
2016-10-11,1111.0,1.25,49.49,96.379
2016-10-12,1117.2,1.25,49.09,96.379
2016-10-13,1123.3,1.25,49.27,96.379
2016-10-14,1130.5,1.25,49.37,96.379
2016-10-15,1130.5,1.25,49.37,96.379
2016-10-16,1130.5,1.25,49.37,96.379
2016-10-17,1132.9,1.25,49.08,96.379
2016-10-18,1140.3,1.25,49.06,96.379
2016-10-19,1132.3,1.25,49.51,96.379
2016-10-20,1122.8,1.25,49.07,96.379
2016-10-21,1124.0,1.25,49.24,96.379
2016-10-22,1124.0,1.25,49.24,96.379
2016-10-23,1124.0,1.25,49.24,96.379
2016-10-24,1134.5,1.25,49.19,96.379
2016-10-25,1134.5,1.25,49.04,96.379
2016-10-26,1136.5,1.25,48.95,96.379
2016-10-27,1132.4,1.25,49.06,96.379
2016-10-28,1140.2,1.25,49.03,96.379
2016-10-29,1140.2,1.25,49.03,96.379
2016-10-30,1140.2,1.25,49.03,96.379
2016-10-31,1145.2,1.25,48.98,96.379
2016-11-01,1144.6,1.25,44.67,96.237
2016-11-02,1141.8,1.25,43.62,96.237
2016-11-03,1148.7,1.25,43.13,96.237
2016-11-04,1140.6,1.25,42.54,96.237
2016-11-05,1140.6,1.25,42.54,96.237
2016-11-06,1140.6,1.25,42.54,96.237
2016-11-07,1143.4,1.25,43.03,96.237
2016-11-08,1141.6,1.25,42.97,96.237
2016-11-09,1137.5,1.25,43.38,96.237
2016-11-10,1145.8,1.25,43.04,96.237
2016-11-11,1151.0,1.25,42.44,96.237
2016-11-12,1151.0,1.25,42.44,96.237
2016-11-13,1151.0,1.25,42.44,96.237
2016-11-14,1164.4,1.25,42.33,96.237
2016-11-15,1169.8,1.25,43.55,96.237
2016-11-16,1168.8,1.25,43.37,96.237
2016-11-17,1167.2,1.25,43.3,96.237
2016-11-18,1174.4,1.25,43.47,96.237
2016-11-19,1174.4,1.25,43.47,96.237
2016-11-20,1174.4,1.25,43.47,96.237
2016-11-21,1182.3,1.25,44.15,96.237
2016-11-22,1183.6,1.25,44.19,96.237
2016-11-23,1175.5,1.25,44.14,96.237
2016-11-24,1174.9,1.25,44.14,96.237
2016-11-25,1182.4,1.25,43.95,96.237
2016-11-26,1182.4,1.25,43.95,96.237
2016-11-27,1182.4,1.25,43.95,96.237
2016-11-28,1178.9,1.25,44.02,96.237
2016-11-29,1170.3,1.25,43.88,96.237
2016-11-30,1168.5,1.25,43.86,96.237
2016-12-01,1168.0,1.25,50.85,96.342
2016-12-02,1172.6,1.25,51.02,96.342
2016-12-03,1172.6,1.25,51.02,96.342
2016-12-04,1172.6,1.25,51.02,96.342
2016-12-05,1170.5,1.25,51.5,96.342
2016-12-06,1173.8,1.25,51.03,96.342
2016-12-07,1169.5,1.25,50.35,96.342
2016-12-08,1169.4,1.25,50.98,96.342
2016-12-09,1159.1,1.25,51.3,96.342
2016-12-10,1159.1,1.25,51.3,96.342
2016-12-11,1159.1,1.25,51.3,96.342
2016-12-12,1166.2,1.25,52.25,96.342
2016-12-13,1170.2,1.25,52.36,96.342
2016-12-14,1165.5,1.25,51.41,96.342
2016-12-15,1168.3,1.25,51.52,96.342
2016-12-16,1180.1,1.25,52.0,96.342
2016-12-17,1180.1,1.25,52.0,96.342
2016-12-18,1180.1,1.25,52.0,96.342
2016-12-19,1183.4,1.25,51.81,96.342
2016-12-20,1186.4,1.25,51.95,96.342
2016-12-21,1191.2,1.25,51.69,96.342
2016-12-22,1194.2,1.25,51.94,96.342
2016-12-23,1198.0,1.25,51.95,96.342
2016-12-24,1198.0,1.25,51.95,96.342
2016-12-25,1198.0,1.25,51.95,96.342
2016-12-26,1202.9,1.25,51.95,96.342
2016-12-27,1199.4,1.25,52.09,96.342
2016-12-28,1205.3,1.25,52.09,96.342
2016-12-29,1207.6,1.25,52.12,96.342
2016-12-30,1208.5,1.25,52.09,96.342
2016-12-31,1208.5,1.25,52.09,96.342
2017-01-01,1208.5,1.25,52.09,97.366
2017-01-02,1208.5,1.25,52.09,97.366
2017-01-03,1207.8,1.25,52.09,97.366
2017-01-04,1206.2,1.25,52.09,97.366
2017-01-05,1206.7,1.25,54.76,97.366
2017-01-06,1191.6,1.25,54.81,97.366
2017-01-07,1191.6,1.25,54.81,97.366
2017-01-08,1191.6,1.25,54.81,97.366
2017-01-09,1189.1,1.25,53.18,97.366
2017-01-10,1205.5,1.25,52.32,97.366
2017-01-11,1198.7,1.25,53.37,97.366
2017-01-12,1196.4,1.25,53.89,97.366
2017-01-13,1182.8,1.25,53.71,97.366
2017-01-14,1182.8,1.25,53.71,97.366
2017-01-15,1182.8,1.25,53.71,97.366
2017-01-16,1177.7,1.25,53.71,97.366
2017-01-17,1180.5,1.25,53.68,97.366
2017-01-18,1180.9,1.25,53.1,97.366
2017-01-19,1165.6,1.25,53.31,97.366
2017-01-20,1177.1,1.25,53.74,97.366
2017-01-21,1177.1,1.25,53.74,97.366
2017-01-22,1177.1,1.25,53.74,97.366
2017-01-23,1172.5,1.25,53.64,97.366
2017-01-24,1166.7,1.25,53.69,97.366
2017-01-25,1163.6,1.25,53.67,97.366
2017-01-26,1166.2,1.25,53.8,97.366
2017-01-27,1166.2,1.25,53.75,97.366
2017-01-28,1166.2,1.25,53.75,97.366
2017-01-29,1166.2,1.25,53.75,97.366
2017-01-30,1166.2,1.25,53.74,97.366
2017-01-31,1157.8,1.25,53.71,97.366
2017-02-01,1165.5,1.25,54.43,97.632
2017-02-02,1155.2,1.25,54.65,97.632
2017-02-03,1149.2,1.25,55.08,97.632
2017-02-04,1149.2,1.25,55.08,97.632
2017-02-05,1149.2,1.25,55.08,97.632
2017-02-06,1146.8,1.25,54.24,97.632
2017-02-07,1137.7,1.25,53.89,97.632
2017-02-08,1142.1,1.25,53.72,97.632
2017-02-09,1145.4,1.25,54.1,97.632
2017-02-10,1145.7,1.25,54.59,97.632
2017-02-11,1145.7,1.25,54.59,97.632
2017-02-12,1145.7,1.25,54.59,97.632
2017-02-13,1151.4,1.25,54.02,97.632
2017-02-14,1151.9,1.25,54.26,97.632
2017-02-15,1144.5,1.25,54.13,97.632
2017-02-16,1141.6,1.25,54.12,97.632
2017-02-17,1138.9,1.25,54.21,97.632
2017-02-18,1138.9,1.25,54.21,97.632
2017-02-19,1138.9,1.25,54.21,97.632
2017-02-20,1145.3,1.25,54.21,97.632
2017-02-21,1147.6,1.25,54.41,97.632
2017-02-22,1146.8,1.25,54.27,97.632
2017-02-23,1140.9,1.25,54.41,97.632
2017-02-24,1138.8,1.25,54.38,97.632
2017-02-25,1138.8,1.25,54.38,97.632
2017-02-26,1138.8,1.25,54.38,97.632
2017-02-27,1131.0,1.25,54.43,97.632
2017-02-28,1132.1,1.25,54.44,97.632
2017-03-01,1132.1,1.25,54.94,97.565
2017-03-02,1132.3,1.25,53.86,97.565
2017-03-03,1142.0,1.25,54.34,97.565
2017-03-04,1142.0,1.25,54.34,97.565
2017-03-05,1142.0,1.25,54.34,97.565
2017-03-06,1152.7,1.25,54.32,97.565
2017-03-07,1156.1,1.25,54.31,97.565
2017-03-08,1151.2,1.25,52.25,97.565
2017-03-09,1146.6,1.25,51.81,97.565
2017-03-10,1156.1,1.25,51.36,97.565
2017-03-11,1156.1,1.25,51.36,97.565
2017-03-12,1156.1,1.25,51.36,97.565
2017-03-13,1158.2,1.25,51.35,97.565
2017-03-14,1147.7,1.25,50.96,97.565
2017-03-15,1147.3,1.25,51.38,97.565
2017-03-16,1146.3,1.25,51.39,97.565
2017-03-17,1131.7,1.25,51.37,97.565
2017-03-18,1131.7,1.25,51.37,97.565
2017-03-19,1131.7,1.25,51.37,97.565
2017-03-20,1131.4,1.25,51.31,97.565
2017-03-21,1124.5,1.25,51.09,97.565
2017-03-22,1117.5,1.25,51.04,97.565
2017-03-23,1123.8,1.25,51.04,97.565
2017-03-24,1120.0,1.25,50.96,97.565
2017-03-25,1120.0,1.25,50.96,97.565
2017-03-26,1120.0,1.25,50.96,97.565
2017-03-27,1122.7,1.25,51.0,97.565
2017-03-28,1114.2,1.25,51.08,97.565
2017-03-29,1112.5,1.25,51.19,97.565
2017-03-30,1114.0,1.25,51.22,97.565
2017-03-31,1116.1,1.25,51.2,97.565
2017-04-01,1116.1,1.25,51.2,97.442
2017-04-02,1116.1,1.25,51.2,97.442
2017-04-03,1119.3,1.25,51.35,97.442
2017-04-04,1113.8,1.25,52.19,97.442
2017-04-05,1118.9,1.25,52.5,97.442
2017-04-06,1124.0,1.25,52.92,97.442
2017-04-07,1131.0,1.25,53.24,97.442
2017-04-08,1131.0,1.25,53.24,97.442
2017-04-09,1131.0,1.25,53.24,97.442
2017-04-10,1134.6,1.25,53.83,97.442
2017-04-11,1141.6,1.25,54.07,97.442
2017-04-12,1145.8,1.25,53.71,97.442
2017-04-13,1145.2,1.25,53.73,97.442
2017-04-14,1131.9,1.25,53.73,97.442
2017-04-15,1131.9,1.25,53.73,97.442
2017-04-16,1131.9,1.25,53.73,97.442
2017-04-17,1138.8,1.25,53.42,97.442
2017-04-18,1136.5,1.25,53.19,97.442
2017-04-19,1137.9,1.25,52.49,97.442
2017-04-20,1139.8,1.25,52.57,97.442
2017-04-21,1141.4,1.25,52.31,97.442
2017-04-22,1141.4,1.25,52.31,97.442
2017-04-23,1141.4,1.25,52.31,97.442
2017-04-24,1136.6,1.25,52.3,97.442
2017-04-25,1131.7,1.25,52.37,97.442
2017-04-26,1130.5,1.25,52.35,97.442
2017-04-27,1125.1,1.25,52.3,97.442
2017-04-28,1130.1,1.25,52.29,97.442
2017-04-29,1130.1,1.25,52.29,97.442
2017-04-30,1130.1,1.25,52.29,97.442
2017-05-01,1130.1,1.25,50.69,97.546
2017-05-02,1133.4,1.25,49.3,97.546
2017-05-03,1133.4,1.25,49.74,97.546
2017-05-04,1130.7,1.25,47.66,97.546
2017-05-05,1130.7,1.25,48.34,97.546
2017-05-06,1130.7,1.25,48.34,97.546
2017-05-07,1130.7,1.25,48.34,97.546
2017-05-08,1132.1,1.25,48.54,97.546
2017-05-09,1132.1,1.25,48.1,97.546
2017-05-10,1132.4,1.25,49.16,97.546
2017-05-11,1134.5,1.25,49.48,97.546
2017-05-12,1130.4,1.25,49.49,97.546
2017-05-13,1130.4,1.25,49.49,97.546
2017-05-14,1130.4,1.25,49.49,97.546
2017-05-15,1126.8,1.25,50.04,97.546
2017-05-16,1125.4,1.25,50.03,97.546
2017-05-17,1117.7,1.25,50.35,97.546
2017-05-18,1118.4,1.25,50.46,97.546
2017-05-19,1125.2,1.25,50.87,97.546
2017-05-20,1125.2,1.25,50.87,97.546
2017-05-21,1125.2,1.25,50.87,97.546
2017-05-22,1127.5,1.25,50.93,97.546
2017-05-23,1117.1,1.25,51.05,97.546
2017-05-24,1120.6,1.25,50.97,97.546
2017-05-25,1126.6,1.25,50.5,97.546
2017-05-26,1118.0,1.25,50.59,97.546
2017-05-27,1118.0,1.25,50.59,97.546
2017-05-28,1118.0,1.25,50.59,97.546
2017-05-29,1119.5,1.25,50.59,97.546
2017-05-30,1120.1,1.25,50.57,97.546
2017-05-31,1123.9,1.25,50.53,97.546
2017-06-01,1121.8,1.25,49.46,97.338
2017-06-02,1120.4,1.25,48.76,97.338
2017-06-03,1120.4,1.25,48.76,97.338
2017-06-04,1120.4,1.25,48.76,97.338
2017-06-05,1120.9,1.25,48.25,97.338
2017-06-06,1120.9,1.25,48.75,97.338
2017-06-07,1118.4,1.25,47.17,97.338
2017-06-08,1122.0,1.25,47.11,97.338
2017-06-09,1125.0,1.25,47.38,97.338
2017-06-10,1125.0,1.25,47.38,97.338
2017-06-11,1125.0,1.25,47.38,97.338
2017-06-12,1121.6,1.25,47.47,97.338
2017-06-13,1126.0,1.25,47.68,97.338
2017-06-14,1128.9,1.25,46.69,97.338
2017-06-15,1125.6,1.25,46.59,97.338
2017-06-16,1122.8,1.25,46.73,97.338
2017-06-17,1122.8,1.25,46.73,97.338
2017-06-18,1122.8,1.25,46.73,97.338
2017-06-19,1133.0,1.25,46.55,97.338
2017-06-20,1131.4,1.25,46.55,97.338
2017-06-21,1137.0,1.25,45.99,97.338
2017-06-22,1142.2,1.25,46.1,97.338
2017-06-23,1140.8,1.25,46.19,97.338
2017-06-24,1140.8,1.25,46.19,97.338
2017-06-25,1140.8,1.25,46.19,97.338
2017-06-26,1140.1,1.25,46.24,97.338
2017-06-27,1135.2,1.25,46.39,97.338
2017-06-28,1136.4,1.25,46.44,97.338
2017-06-29,1141.7,1.25,46.46,97.338
2017-06-30,1139.6,1.25,46.47,97.338
2017-07-01,1139.6,1.25,46.47,97.499
2017-07-02,1139.6,1.25,46.47,97.499
2017-07-03,1144.0,1.25,48.54,97.499
2017-07-04,1145.0,1.25,48.54,97.499
2017-07-05,1149.3,1.25,46.58,97.499
2017-07-06,1149.3,1.25,47.0,97.499
2017-07-07,1153.5,1.25,45.88,97.499
2017-07-08,1153.5,1.25,45.88,97.499
2017-07-09,1153.5,1.25,45.88,97.499
2017-07-10,1155.8,1.25,46.02,97.499
2017-07-11,1149.9,1.25,46.43,97.499
2017-07-12,1150.1,1.25,46.57,97.499
2017-07-13,1145.6,1.25,46.94,97.499
2017-07-14,1137.5,1.25,47.22,97.499
2017-07-15,1137.5,1.25,47.22,97.499
2017-07-16,1137.5,1.25,47.22,97.499
2017-07-17,1136.0,1.25,46.98,97.499
2017-07-18,1128.2,1.25,47.14,97.499
2017-07-19,1126.3,1.25,47.45,97.499
2017-07-20,1121.8,1.25,47.31,97.499
2017-07-21,1124.9,1.25,47.0,97.499
2017-07-22,1124.9,1.25,47.0,97.499
2017-07-23,1124.9,1.25,47.0,97.499
2017-07-24,1121.2,1.25,47.11,97.499
2017-07-25,1116.1,1.25,47.41,97.499
2017-07-26,1116.1,1.25,47.51,97.499
2017-07-27,1120.3,1.25,47.56,97.499
2017-07-28,1112.5,1.25,47.56,97.499
2017-07-29,1112.5,1.25,47.56,97.499
2017-07-30,1112.5,1.25,47.56,97.499
2017-07-31,1119.1,1.25,47.56,97.499
2017-08-01,1121.9,1.25,50.42,98.058
2017-08-02,1118.0,1.25,51.03,98.058
2017-08-03,1123.2,1.25,50.64,98.058
2017-08-04,1127.6,1.25,51.09,98.058
2017-08-05,1127.6,1.25,51.09,98.058
2017-08-06,1127.6,1.25,51.09,98.058
2017-08-07,1125.4,1.25,51.0,98.058
2017-08-08,1127.3,1.25,50.8,98.058
2017-08-09,1125.4,1.25,50.66,98.058
2017-08-10,1134.7,1.25,50.59,98.058
2017-08-11,1141.1,1.25,50.62,98.058
2017-08-12,1141.1,1.25,50.62,98.058
2017-08-13,1141.1,1.25,50.62,98.058
2017-08-14,1146.3,1.25,49.85,98.058
2017-08-15,1146.3,1.25,49.89,98.058
2017-08-16,1138.2,1.25,49.57,98.058
2017-08-17,1139.6,1.25,49.84,98.058
2017-08-18,1135.9,1.25,50.45,98.058
2017-08-19,1135.9,1.25,50.45,98.058
2017-08-20,1135.9,1.25,50.45,98.058
2017-08-21,1142.0,1.25,50.09,98.058
2017-08-22,1138.3,1.25,50.13,98.058
2017-08-23,1135.6,1.25,50.35,98.058
2017-08-24,1130.9,1.25,50.21,98.058
2017-08-25,1127.3,1.25,50.29,98.058
2017-08-26,1127.3,1.25,50.29,98.058
2017-08-27,1127.3,1.25,50.29,98.058
2017-08-28,1129.2,1.25,50.23,98.058
2017-08-29,1120.4,1.25,50.24,98.058
2017-08-30,1126.2,1.25,50.21,98.058
2017-08-31,1122.8,1.25,50.22,98.058
2017-09-01,1125.8,1.25,51.48,98.172
2017-09-02,1125.8,1.25,51.48,98.172
2017-09-03,1125.8,1.25,51.48,98.172
2017-09-04,1122.7,1.25,51.48,98.172
2017-09-05,1131.5,1.25,52.01,98.172
2017-09-06,1131.3,1.25,52.76,98.172
2017-09-07,1133.7,1.25,52.78,98.172
2017-09-08,1129.6,1.25,52.23,98.172
2017-09-09,1129.6,1.25,52.23,98.172
2017-09-10,1129.6,1.25,52.23,98.172
2017-09-11,1126.8,1.25,52.34,98.172
2017-09-12,1129.5,1.25,52.58,98.172
2017-09-13,1129.8,1.25,53.06,98.172
2017-09-14,1127.5,1.25,53.21,98.172
2017-09-15,1132.5,1.25,53.27,98.172
2017-09-16,1132.5,1.25,53.27,98.172
2017-09-17,1132.5,1.25,53.27,98.172
2017-09-18,1133.5,1.25,53.25,98.172
2017-09-19,1127.9,1.25,53.09,98.172
2017-09-20,1130.0,1.25,53.51,98.172
2017-09-21,1129.1,1.25,53.51,98.172
2017-09-22,1132.8,1.25,53.59,98.172
2017-09-23,1132.8,1.25,53.59,98.172
2017-09-24,1132.8,1.25,53.59,98.172
2017-09-25,1136.3,1.25,53.92,98.172
2017-09-26,1130.7,1.25,53.76,98.172
2017-09-27,1136.3,1.25,53.66,98.172
2017-09-28,1139.4,1.25,53.63,98.172
2017-09-29,1146.7,1.25,53.66,98.172
2017-09-30,1146.7,1.25,53.66,98.172
2017-10-01,1146.7,1.25,53.66,98.077
2017-10-02,1146.7,1.25,54.72,98.077
2017-10-03,1146.7,1.25,54.42,98.077
2017-10-04,1146.7,1.25,54.29,98.077
2017-10-05,1146.7,1.25,55.21,98.077
2017-10-06,1146.7,1.25,53.94,98.077
2017-10-07,1146.7,1.25,53.94,98.077
2017-10-08,1146.7,1.25,53.94,98.077
2017-10-09,1146.7,1.25,54.09,98.077
2017-10-10,1145.7,1.25,54.61,98.077
2017-10-11,1138.2,1.25,54.83,98.077
2017-10-12,1135.2,1.25,54.54,98.077
2017-10-13,1133.7,1.25,55.04,98.077
2017-10-14,1133.7,1.25,55.04,98.077
2017-10-15,1133.7,1.25,55.04,98.077
2017-10-16,1130.8,1.25,55.34,98.077
2017-10-17,1127.3,1.25,55.37,98.077
2017-10-18,1131.4,1.25,55.48,98.077
2017-10-19,1130.4,1.25,55.13,98.077
2017-10-20,1132.3,1.25,55.27,98.077
2017-10-21,1132.3,1.25,55.27,98.077
2017-10-22,1132.3,1.25,55.27,98.077
2017-10-23,1131.9,1.25,55.14,98.077
2017-10-24,1131.9,1.25,55.39,98.077
2017-10-25,1128.3,1.25,55.34,98.077
2017-10-26,1128.3,1.25,55.45,98.077
2017-10-27,1124.7,1.25,55.55,98.077
2017-10-28,1124.7,1.25,55.55,98.077
2017-10-29,1124.7,1.25,55.55,98.077
2017-10-30,1130.0,1.25,55.54,98.077
2017-10-31,1125.0,1.25,59.03,98.077
2017-11-01,1121.2,1.25,58.73,97.347
2017-11-02,1116.8,1.25,58.87,97.347
2017-11-03,1113.3,1.25,60.15,97.347
2017-11-04,1113.3,1.25,60.15,97.347
2017-11-05,1113.3,1.25,60.15,97.347
2017-11-06,1112.7,1.25,61.83,97.347
2017-11-07,1116.7,1.25,61.2,97.347
2017-11-08,1111.6,1.25,61.14,97.347
2017-11-09,1114.3,1.25,61.56,97.347
2017-11-10,1114.3,1.25,61.3,97.347
2017-11-11,1114.3,1.25,61.3,97.347
2017-11-12,1114.3,1.25,61.3,97.347
2017-11-13,1117.2,1.25,61.18,97.347
2017-11-14,1120.7,1.25,60.69,97.347
2017-11-15,1118.5,1.25,60.49,97.347
2017-11-16,1114.4,1.25,60.22,97.347
2017-11-17,1104.1,1.25,60.82,97.347
2017-11-18,1104.1,1.25,60.82,97.347
2017-11-19,1104.1,1.25,60.82,97.347
2017-11-20,1096.1,1.25,60.55,97.347
2017-11-21,1098.9,1.25,60.63,97.347
2017-11-22,1097.3,1.25,60.78,97.347
2017-11-23,1091.3,1.25,60.78,97.347
2017-11-24,1088.2,1.25,60.92,97.347
2017-11-25,1088.2,1.25,60.92,97.347
2017-11-26,1088.2,1.25,60.92,97.347
2017-11-27,1085.0,1.25,60.88,97.347
2017-11-28,1087.6,1.25,60.8,97.347
2017-11-29,1088.3,1.25,60.8,97.347
2017-11-30,1082.4,1.5,60.82,97.347
2017-12-01,1085.1,1.5,61.23,97.698
2017-12-02,1085.1,1.5,61.23,97.698
2017-12-03,1085.1,1.5,61.23,97.698
2017-12-04,1087.1,1.5,60.02,97.698
2017-12-05,1088.3,1.5,60.55,97.698
2017-12-06,1084.3,1.5,59.34,97.698
2017-12-07,1091.9,1.5,60.22,97.698
2017-12-08,1092.7,1.5,60.84,97.698
2017-12-09,1092.7,1.5,60.84,97.698
2017-12-10,1092.7,1.5,60.84,97.698
2017-12-11,1093.4,1.5,61.62,97.698
2017-12-12,1092.4,1.5,60.56,97.698
2017-12-13,1090.1,1.5,60.12,97.698
2017-12-14,1091.9,1.5,60.65,97.698
2017-12-15,1086.7,1.5,60.7,97.698
2017-12-16,1086.7,1.5,60.7,97.698
2017-12-17,1086.7,1.5,60.7,97.698
2017-12-18,1089.3,1.5,60.8,97.698
2017-12-19,1089.1,1.5,61.02,97.698
2017-12-20,1086.8,1.5,61.28,97.698
2017-12-21,1082.9,1.5,61.3,97.698
2017-12-22,1080.6,1.5,61.15,97.698
2017-12-23,1080.6,1.5,61.15,97.698
2017-12-24,1080.6,1.5,61.15,97.698
2017-12-25,1080.6,1.5,61.15,97.698
2017-12-26,1079.2,1.5,61.6,97.698
2017-12-27,1077.1,1.5,61.52,97.698
2017-12-28,1075.2,1.5,61.56,97.698
2017-12-29,1071.4,1.5,61.6,97.698
2017-12-30,1071.4,1.5,61.6,97.698
2017-12-31,1071.4,1.5,61.6,97.698
2018-01-01,1071.4,1.5,61.6,98.106
2018-01-02,1071.4,1.5,64.02,98.106
2018-01-03,1064.3,1.5,65.24,98.106
2018-01-04,1065.4,1.5,65.31,98.106
2018-01-05,1065.5,1.5,64.94,98.106
2018-01-06,1065.5,1.5,64.94,98.106
2018-01-07,1065.5,1.5,64.94,98.106
2018-01-08,1062.1,1.5,65.09,98.106
2018-01-09,1065.2,1.5,65.81,98.106
2018-01-10,1067.1,1.5,66.01,98.106
2018-01-11,1070.7,1.5,66.07,98.106
2018-01-12,1071.2,1.5,66.36,98.106
2018-01-13,1071.2,1.5,66.36,98.106
2018-01-14,1071.2,1.5,66.36,98.106
2018-01-15,1064.7,1.5,66.36,98.106
2018-01-16,1061.3,1.5,66.05,98.106
2018-01-17,1064.0,1.5,66.13,98.106
2018-01-18,1065.8,1.5,66.08,98.106
2018-01-19,1069.4,1.5,65.82,98.106
2018-01-20,1069.4,1.5,65.82,98.106
2018-01-21,1069.4,1.5,65.82,98.106
2018-01-22,1067.3,1.5,65.97,98.106
2018-01-23,1068.9,1.5,66.21,98.106
2018-01-24,1069.7,1.5,66.31,98.106
2018-01-25,1070.6,1.5,66.26,98.106
2018-01-26,1061.7,1.5,66.32,98.106
2018-01-27,1061.7,1.5,66.32,98.106
2018-01-28,1061.7,1.5,66.32,98.106
2018-01-29,1064.8,1.5,66.23,98.106
2018-01-30,1064.8,1.5,66.2,98.106
2018-01-31,1071.5,1.5,66.07,98.106
2018-02-01,1071.0,1.5,66.73,98.855
2018-02-02,1071.1,1.5,65.74,98.855
2018-02-03,1071.1,1.5,65.74,98.855
2018-02-04,1071.1,1.5,65.74,98.855
2018-02-05,1076.7,1.5,64.99,98.855
2018-02-06,1089.8,1.5,64.27,98.855
2018-02-07,1094.3,1.5,63.14,98.855
2018-02-08,1083.3,1.5,62.64,98.855
2018-02-09,1087.8,1.5,61.22,98.855
2018-02-10,1087.8,1.5,61.22,98.855
2018-02-11,1087.8,1.5,61.22,98.855
2018-02-12,1092.7,1.5,61.16,98.855
2018-02-13,1083.4,1.5,61.29,98.855
2018-02-14,1082.8,1.5,62.05,98.855
2018-02-15,1082.8,1.5,62.28,98.855
2018-02-16,1082.8,1.5,62.28,98.855
2018-02-17,1082.8,1.5,62.28,98.855
2018-02-18,1082.8,1.5,62.28,98.855
2018-02-19,1079.9,1.5,62.28,98.855
2018-02-20,1068.0,1.5,62.43,98.855
2018-02-21,1070.3,1.5,62.47,98.855
2018-02-22,1075.3,1.5,62.62,98.855
2018-02-23,1082.9,1.5,62.75,98.855
2018-02-24,1082.9,1.5,62.75,98.855
2018-02-25,1082.9,1.5,62.75,98.855
2018-02-26,1078.5,1.5,62.75,98.855
2018-02-27,1073.7,1.5,62.72,98.855
2018-02-28,1071.0,1.5,61.53,98.855
2018-03-01,1071.0,1.5,60.39,98.751
2018-03-02,1081.9,1.5,60.91,98.751
2018-03-03,1081.9,1.5,60.91,98.751
2018-03-04,1081.9,1.5,60.91,98.751
2018-03-05,1081.3,1.5,61.94,98.751
2018-03-06,1080.5,1.5,62.21,98.751
2018-03-07,1075.4,1.5,60.91,98.751
2018-03-08,1068.7,1.5,60.44,98.751
2018-03-09,1068.4,1.5,61.69,98.751
2018-03-10,1068.4,1.5,61.69,98.751
2018-03-11,1068.4,1.5,61.69,98.751
2018-03-12,1069.2,1.5,61.32,98.751
2018-03-13,1064.3,1.5,61.17,98.751
2018-03-14,1065.8,1.5,61.36,98.751
2018-03-15,1065.8,1.5,61.48,98.751
2018-03-16,1065.8,1.5,61.96,98.751
2018-03-17,1065.8,1.5,61.96,98.751
2018-03-18,1065.8,1.5,61.96,98.751
2018-03-19,1069.6,1.5,61.86,98.751
2018-03-20,1071.2,1.5,62.27,98.751
2018-03-21,1071.0,1.5,62.84,98.751
2018-03-22,1071.4,1.5,62.62,98.751
2018-03-23,1069.2,1.5,62.84,98.751
2018-03-24,1069.2,1.5,62.84,98.751
2018-03-25,1069.2,1.5,62.84,98.751
2018-03-26,1080.8,1.5,62.77,98.751
2018-03-27,1081.2,1.5,62.76,98.751
2018-03-28,1072.2,1.5,62.68,98.751
2018-03-29,1069.4,1.5,66.19,98.751
2018-03-30,1066.5,1.5,66.19,98.751
2018-03-31,1066.5,1.5,66.19,98.751
2018-04-01,1066.5,1.5,66.19,98.931
2018-04-02,1064.4,1.5,64.62,98.931
2018-04-03,1058.1,1.5,65.16,98.931
2018-04-04,1057.8,1.5,65.17,98.931
2018-04-05,1057.6,1.5,65.46,98.931
2018-04-06,1059.5,1.5,64.65,98.931
2018-04-07,1059.5,1.5,64.65,98.931
2018-04-08,1059.5,1.5,64.65,98.931
2018-04-09,1066.0,1.5,65.83,98.931
2018-04-10,1067.5,1.5,67.27,98.931
2018-04-11,1067.7,1.5,67.78,98.931
2018-04-12,1066.4,1.5,67.66,98.931
2018-04-13,1068.7,1.5,67.8,98.931
2018-04-14,1068.7,1.5,67.8,98.931
2018-04-15,1068.7,1.5,67.8,98.931
2018-04-16,1070.0,1.5,67.25,98.931
2018-04-17,1073.1,1.5,67.38,98.931
2018-04-18,1068.4,1.5,68.16,98.931
2018-04-19,1066.5,1.5,68.18,98.931
2018-04-20,1063.5,1.5,68.29,98.931
2018-04-21,1063.5,1.5,68.29,98.931
2018-04-22,1063.5,1.5,68.29,98.931
2018-04-23,1067.3,1.5,68.41,98.931
2018-04-24,1068.9,1.5,68.2,98.931
2018-04-25,1076.9,1.5,68.16,98.931
2018-04-26,1078.7,1.5,68.28,98.931
2018-04-27,1079.7,1.5,68.28,98.931
2018-04-28,1079.7,1.5,68.28,98.931
2018-04-29,1079.7,1.5,68.28,98.931
2018-04-30,1076.2,1.5,68.27,98.931
2018-05-01,1076.2,1.5,70.55,98.979
2018-05-02,1067.5,1.5,70.44,98.979
2018-05-03,1074.9,1.5,70.71,98.979
2018-05-04,1076.5,1.5,71.78,98.979
2018-05-05,1076.5,1.5,71.78,98.979
2018-05-06,1076.5,1.5,71.78,98.979
2018-05-07,1076.5,1.5,72.83,98.979
2018-05-08,1076.7,1.5,71.73,98.979
2018-05-09,1078.2,1.5,73.37,98.979
2018-05-10,1081.3,1.5,73.68,98.979
2018-05-11,1075.3,1.5,73.48,98.979
2018-05-12,1075.3,1.5,73.48,98.979
2018-05-13,1075.3,1.5,73.48,98.979
2018-05-14,1068.6,1.5,74.02,98.979
2018-05-15,1066.6,1.5,74.04,98.979
2018-05-16,1072.6,1.5,74.59,98.979
2018-05-17,1078.7,1.5,74.67,98.979
2018-05-18,1079.3,1.5,74.45,98.979
2018-05-19,1079.3,1.5,74.45,98.979
2018-05-20,1079.3,1.5,74.45,98.979
2018-05-21,1080.0,1.5,74.79,98.979
2018-05-22,1080.0,1.5,74.91,98.979
2018-05-23,1083.8,1.5,74.98,98.979
2018-05-24,1078.8,1.5,74.78,98.979
2018-05-25,1079.7,1.5,74.45,98.979
2018-05-26,1079.7,1.5,74.45,98.979
2018-05-27,1079.7,1.5,74.45,98.979
2018-05-28,1078.7,1.5,74.45,98.979
2018-05-29,1073.2,1.5,74.58,98.979
2018-05-30,1076.1,1.5,74.44,98.979
2018-05-31,1081.3,1.5,74.79,98.979
2018-06-01,1076.4,1.5,74.11,98.779
2018-06-02,1076.4,1.5,74.11,98.779
2018-06-03,1076.4,1.5,74.11,98.779
2018-06-04,1076.0,1.5,73.15,98.779
2018-06-05,1070.9,1.5,73.38,98.779
2018-06-06,1070.9,1.5,73.42,98.779
2018-06-07,1069.6,1.5,74.88,98.779
2018-06-08,1067.9,1.5,74.3,98.779
2018-06-09,1067.9,1.5,74.3,98.779
2018-06-10,1067.9,1.5,74.3,98.779
2018-06-11,1073.2,1.5,74.37,98.779
2018-06-12,1073.5,1.5,73.97,98.779
2018-06-13,1073.5,1.5,74.46,98.779
2018-06-14,1075.1,1.5,73.94,98.779
2018-06-15,1082.5,1.5,72.79,98.779
2018-06-16,1082.5,1.5,72.79,98.779
2018-06-17,1082.5,1.5,72.79,98.779
2018-06-18,1091.4,1.5,73.49,98.779
2018-06-19,1104.4,1.5,73.19,98.779
2018-06-20,1105.5,1.5,73.02,98.779
2018-06-21,1108.0,1.5,72.63,98.779
2018-06-22,1109.0,1.5,73.3,98.779
2018-06-23,1109.0,1.5,73.3,98.779
2018-06-24,1109.0,1.5,73.3,98.779
2018-06-25,1108.9,1.5,73.15,98.779
2018-06-26,1116.1,1.5,73.44,98.779
2018-06-27,1115.2,1.5,73.58,98.779
2018-06-28,1117.9,1.5,73.57,98.779
2018-06-29,1121.7,1.5,73.59,98.779
2018-06-30,1121.7,1.5,73.59,98.779
2018-07-01,1121.7,1.5,73.59,98.59
2018-07-02,1117.2,1.5,74.33,98.59
2018-07-03,1117.4,1.5,74.88,98.59
2018-07-04,1121.1,1.5,74.88,98.59
2018-07-05,1115.3,1.5,74.53,98.59
2018-07-06,1118.4,1.5,74.25,98.59
2018-07-07,1118.4,1.5,74.25,98.59
2018-07-08,1118.4,1.5,74.25,98.59
2018-07-09,1117.8,1.5,75.08,98.59
2018-07-10,1112.3,1.5,75.73,98.59
2018-07-11,1113.8,1.5,72.35,98.59
2018-07-12,1120.8,1.5,73.23,98.59
2018-07-13,1127.8,1.5,73.82,98.59
2018-07-14,1127.8,1.5,73.82,98.59
2018-07-15,1127.8,1.5,73.82,98.59
2018-07-16,1123.4,1.5,72.01,98.59
2018-07-17,1128.7,1.5,72.37,98.59
2018-07-18,1125.2,1.5,72.72,98.59
2018-07-19,1128.9,1.5,72.44,98.59
2018-07-20,1131.2,1.5,72.59,98.59
2018-07-21,1131.2,1.5,72.59,98.59
2018-07-22,1131.2,1.5,72.59,98.59
2018-07-23,1134.8,1.5,72.67,98.59
2018-07-24,1128.5,1.5,72.82,98.59
2018-07-25,1135.2,1.5,73.01,98.59
2018-07-26,1127.5,1.5,73.14,98.59
2018-07-27,1119.6,1.5,73.14,98.59
2018-07-28,1119.6,1.5,73.14,98.59
2018-07-29,1119.6,1.5,73.14,98.59
2018-07-30,1120.0,1.5,73.15,98.59
2018-07-31,1116.7,1.5,72.37,98.59
2018-08-01,1117.9,1.5,70.83,99.462
2018-08-02,1119.3,1.5,72.2,99.462
2018-08-03,1122.6,1.5,71.89,99.462
2018-08-04,1122.6,1.5,71.89,99.462
2018-08-05,1122.6,1.5,71.89,99.462
2018-08-06,1128.1,1.5,72.35,99.462
2018-08-07,1123.5,1.5,72.91,99.462
2018-08-08,1125.7,1.5,71.29,99.462
2018-08-09,1118.8,1.5,71.14,99.462
2018-08-10,1117.9,1.5,71.71,99.462
2018-08-11,1117.9,1.5,71.71,99.462
2018-08-12,1117.9,1.5,71.71,99.462
2018-08-13,1126.3,1.5,71.52,99.462
2018-08-14,1133.7,1.5,71.41,99.462
2018-08-15,1133.7,1.5,70.53,99.462
2018-08-16,1132.1,1.5,70.88,99.462
2018-08-17,1130.7,1.5,71.07,99.462
2018-08-18,1130.7,1.5,71.07,99.462
2018-08-19,1130.7,1.5,71.07,99.462
2018-08-20,1125.6,1.5,71.18,99.462
2018-08-21,1121.7,1.5,71.38,99.462
2018-08-22,1118.2,1.5,72.06,99.462
2018-08-23,1118.7,1.5,72.07,99.462
2018-08-24,1120.8,1.5,72.39,99.462
2018-08-25,1120.8,1.5,72.39,99.462
2018-08-26,1120.8,1.5,72.39,99.462
2018-08-27,1121.8,1.5,72.45,99.462
2018-08-28,1114.3,1.5,72.39,99.462
2018-08-29,1110.0,1.5,72.49,99.462
2018-08-30,1108.8,1.5,72.51,99.462
2018-08-31,1108.8,1.5,72.49,99.462
2018-09-01,1108.8,1.5,72.49,100.221
2018-09-02,1108.8,1.5,72.49,100.221
2018-09-03,1113.3,1.5,72.49,100.221
2018-09-04,1113.5,1.5,76.4,100.221
2018-09-05,1114.2,1.5,75.53,100.221
2018-09-06,1117.6,1.5,74.69,100.221
2018-09-07,1121.2,1.5,75.04,100.221
2018-09-08,1121.2,1.5,75.04,100.221
2018-09-09,1121.2,1.5,75.04,100.221
2018-09-10,1123.1,1.5,75.56,100.221
2018-09-11,1128.1,1.5,76.72,100.221
2018-09-12,1126.8,1.5,77.1,100.221
2018-09-13,1127.3,1.5,76.22,100.221
2018-09-14,1121.2,1.5,76.13,100.221
2018-09-15,1121.2,1.5,76.13,100.221
2018-09-16,1121.2,1.5,76.13,100.221
2018-09-17,1119.2,1.5,76.06,100.221
2018-09-18,1126.2,1.5,76.5,100.221
2018-09-19,1126.3,1.5,76.65,100.221
2018-09-20,1123.0,1.5,76.44,100.221
2018-09-21,1119.9,1.5,76.48,100.221
2018-09-22,1119.9,1.5,76.48,100.221
2018-09-23,1119.9,1.5,76.48,100.221
2018-09-24,1119.9,1.5,77.02,100.221
2018-09-25,1119.9,1.5,77.14,100.221
2018-09-26,1119.9,1.5,77.1,100.221
2018-09-27,1116.6,1.5,77.22,100.221
2018-09-28,1112.7,1.5,77.25,100.221
2018-09-29,1112.7,1.5,77.25,100.221
2018-09-30,1112.7,1.5,77.25,100.221
2018-10-01,1110.2,1.5,82.82,100.041
2018-10-02,1110.9,1.5,82.66,100.041
2018-10-03,1110.9,1.5,84.12,100.041
2018-10-04,1116.4,1.5,82.78,100.041
2018-10-05,1128.3,1.5,82.71,100.041
2018-10-06,1128.3,1.5,82.71,100.041
2018-10-07,1128.3,1.5,82.71,100.041
2018-10-08,1130.7,1.5,82.58,100.041
2018-10-09,1130.7,1.5,83.26,100.041
2018-10-10,1131.7,1.5,81.85,100.041
2018-10-11,1132.5,1.5,80.19,100.041
2018-10-12,1142.5,1.5,80.37,100.041
2018-10-13,1142.5,1.5,80.37,100.041
2018-10-14,1142.5,1.5,80.37,100.041
2018-10-15,1133.3,1.5,80.39,100.041
2018-10-16,1133.4,1.5,80.85,100.041
2018-10-17,1128.1,1.5,80.25,100.041
2018-10-18,1125.0,1.5,80.03,100.041
2018-10-19,1132.6,1.5,80.08,100.041
2018-10-20,1132.6,1.5,80.08,100.041
2018-10-21,1132.6,1.5,80.08,100.041
2018-10-22,1134.3,1.5,80.19,100.041
2018-10-23,1130.9,1.5,79.32,100.041
2018-10-24,1135.8,1.5,79.28,100.041
2018-10-25,1132.2,1.5,79.38,100.041
2018-10-26,1138.5,1.5,79.45,100.041
2018-10-27,1138.5,1.5,79.45,100.041
2018-10-28,1138.5,1.5,79.45,100.041
2018-10-29,1140.6,1.5,79.41,100.041
2018-10-30,1138.6,1.5,79.35,100.041
2018-10-31,1140.6,1.5,73.51,100.041
2018-11-01,1139.2,1.5,71.56,99.33
2018-11-02,1138.8,1.5,71.54,99.33
2018-11-03,1138.8,1.5,71.54,99.33
2018-11-04,1138.8,1.5,71.54,99.33
2018-11-05,1125.5,1.5,71.88,99.33
2018-11-06,1122.7,1.5,70.99,99.33
2018-11-07,1122.5,1.5,71.06,99.33
2018-11-08,1120.9,1.5,69.98,99.33
2018-11-09,1118.4,1.5,69.82,99.33
2018-11-10,1118.4,1.5,69.82,99.33
2018-11-11,1118.4,1.5,69.82,99.33
2018-11-12,1125.7,1.5,69.81,99.33
2018-11-13,1132.0,1.5,66.91,99.33
2018-11-14,1135.7,1.5,67.26,99.33
2018-11-15,1132.4,1.5,67.55,99.33
2018-11-16,1130.3,1.5,67.6,99.33
2018-11-17,1130.3,1.5,67.6,99.33
2018-11-18,1130.3,1.5,67.6,99.33
2018-11-19,1128.7,1.5,67.68,99.33
2018-11-20,1127.4,1.5,66.06,99.33
2018-11-21,1127.5,1.5,66.47,99.33
2018-11-22,1131.3,1.5,66.47,99.33
2018-11-23,1129.0,1.5,65.35,99.33
2018-11-24,1129.0,1.5,65.35,99.33
2018-11-25,1129.0,1.5,65.35,99.33
2018-11-26,1130.5,1.5,65.63,99.33
2018-11-27,1129.9,1.5,65.59,99.33
2018-11-28,1129.7,1.5,65.52,99.33
2018-11-29,1128.9,1.5,65.59,99.33
2018-11-30,1121.8,1.75,65.56,99.33
2018-12-01,1121.8,1.75,65.56,98.988
2018-12-02,1121.8,1.75,65.56,98.988
2018-12-03,1120.3,1.75,60.52,98.988
2018-12-04,1113.7,1.75,61.05,98.988
2018-12-05,1109.8,1.75,60.46,98.988
2018-12-06,1113.6,1.75,59.21,98.988
2018-12-07,1117.8,1.75,60.2,98.988
2018-12-08,1117.8,1.75,60.2,98.988
2018-12-09,1117.8,1.75,60.2,98.988
2018-12-10,1118.2,1.75,59.01,98.988
2018-12-11,1124.7,1.75,59.14,98.988
2018-12-12,1129.4,1.75,59.24,98.988
2018-12-13,1127.6,1.75,59.92,98.988
2018-12-14,1124.0,1.75,59.35,98.988
2018-12-15,1124.0,1.75,59.35,98.988
2018-12-16,1124.0,1.75,59.35,98.988
2018-12-17,1129.2,1.75,59.14,98.988
2018-12-18,1131.6,1.75,57.92,98.988
2018-12-19,1129.9,1.75,58.21,98.988
2018-12-20,1125.1,1.75,57.53,98.988
2018-12-21,1128.9,1.75,57.48,98.988
2018-12-22,1128.9,1.75,57.48,98.988
2018-12-23,1128.9,1.75,57.48,98.988
2018-12-24,1123.9,1.75,56.93,98.988
2018-12-25,1123.9,1.75,56.93,98.988
2018-12-26,1125.2,1.75,57.42,98.988
2018-12-27,1125.6,1.75,57.28,98.988
2018-12-28,1121.3,1.75,57.32,98.988
2018-12-29,1121.3,1.75,57.32,98.988
2018-12-30,1121.3,1.75,57.32,98.988
2018-12-31,1118.1,1.75,57.32,98.988
2019-01-01,1118.1,1.75,57.32,98.884
2019-01-02,1118.1,1.75,53.89,98.884
2019-01-03,1119.0,1.75,54.76,98.884
2019-01-04,1127.5,1.75,55.47,98.884
2019-01-05,1127.5,1.75,55.47,98.884
2019-01-06,1127.5,1.75,55.47,98.884
2019-01-07,1125.2,1.75,55.62,98.884
2019-01-08,1118.0,1.75,56.87,98.884
2019-01-09,1121.7,1.75,58.9,98.884
2019-01-10,1121.6,1.75,59.09,98.884
2019-01-11,1118.9,1.75,58.38,98.884
2019-01-12,1118.9,1.75,58.38,98.884
2019-01-13,1118.9,1.75,58.38,98.884
2019-01-14,1117.6,1.75,57.64,98.884
2019-01-15,1121.4,1.75,58.51,98.884
2019-01-16,1120.1,1.75,58.87,98.884
2019-01-17,1122.0,1.75,58.86,98.884
2019-01-18,1121.4,1.75,59.52,98.884
2019-01-19,1121.4,1.75,59.52,98.884
2019-01-20,1121.4,1.75,59.52,98.884
2019-01-21,1121.3,1.75,59.52,98.884
2019-01-22,1126.5,1.75,59.1,98.884
2019-01-23,1130.2,1.75,59.08,98.884
2019-01-24,1128.2,1.75,59.16,98.884
2019-01-25,1128.0,1.75,59.23,98.884
2019-01-26,1128.0,1.75,59.23,98.884
2019-01-27,1128.0,1.75,59.23,98.884
2019-01-28,1125.1,1.75,58.92,98.884
2019-01-29,1116.9,1.75,59.05,98.884
2019-01-30,1118.1,1.75,59.05,98.884
2019-01-31,1117.2,1.75,60.53,98.884
2019-02-01,1111.6,1.75,62.62,99.311
2019-02-02,1111.6,1.75,62.62,99.311
2019-02-03,1111.6,1.75,62.62,99.311
2019-02-04,1111.6,1.75,62.55,99.311
2019-02-05,1111.6,1.75,62.08,99.311
2019-02-06,1111.6,1.75,62.71,99.311
2019-02-07,1116.8,1.75,61.79,99.311
2019-02-08,1123.4,1.75,62.16,99.311
2019-02-09,1123.4,1.75,62.16,99.311
2019-02-10,1123.4,1.75,62.16,99.311
2019-02-11,1124.5,1.75,61.65,99.311
2019-02-12,1124.5,1.75,62.51,99.311
2019-02-13,1124.6,1.75,63.29,99.311
2019-02-14,1121.7,1.75,64.06,99.311
2019-02-15,1125.0,1.75,64.68,99.311
2019-02-16,1125.0,1.75,64.68,99.311
2019-02-17,1125.0,1.75,64.68,99.311
2019-02-18,1127.7,1.75,64.68,99.311
2019-02-19,1124.7,1.75,64.66,99.311
2019-02-20,1127.5,1.75,64.95,99.311
2019-02-21,1122.6,1.75,64.93,99.311
2019-02-22,1124.4,1.75,64.92,99.311
2019-02-23,1124.4,1.75,64.92,99.311
2019-02-24,1124.4,1.75,64.92,99.311
2019-02-25,1125.7,1.75,64.5,99.311
2019-02-26,1120.8,1.75,64.53,99.311
2019-02-27,1118.3,1.75,64.6,99.311
2019-02-28,1117.8,1.75,64.58,99.311
2019-03-01,1117.8,1.75,65.0,99.121
2019-03-02,1117.8,1.75,65.0,99.121
2019-03-03,1117.8,1.75,65.0,99.121
2019-03-04,1119.9,1.75,65.61,99.121
2019-03-05,1125.0,1.75,65.86,99.121
2019-03-06,1125.8,1.75,66.13,99.121
2019-03-07,1127.8,1.75,66.43,99.121
2019-03-08,1128.3,1.75,66.02,99.121
2019-03-09,1128.3,1.75,66.02,99.121
2019-03-10,1128.3,1.75,66.02,99.121
2019-03-11,1134.0,1.75,66.59,99.121
2019-03-12,1134.5,1.75,66.63,99.121
2019-03-13,1128.7,1.75,67.18,99.121
2019-03-14,1131.5,1.75,66.94,99.121
2019-03-15,1132.7,1.75,66.87,99.121
2019-03-16,1132.7,1.75,66.87,99.121
2019-03-17,1132.7,1.75,66.87,99.121
2019-03-18,1136.1,1.75,67.02,99.121
2019-03-19,1133.7,1.75,67.05,99.121
2019-03-20,1130.9,1.75,67.34,99.121
2019-03-21,1130.4,1.75,67.09,99.121
2019-03-22,1125.8,1.75,66.9,99.121
2019-03-23,1125.8,1.75,66.9,99.121
2019-03-24,1125.8,1.75,66.9,99.121
2019-03-25,1129.8,1.75,66.89,99.121
2019-03-26,1134.9,1.75,66.97,99.121
2019-03-27,1132.1,1.75,66.92,99.121
2019-03-28,1134.7,1.75,66.89,99.121
2019-03-29,1137.8,1.75,66.93,99.121
2019-03-30,1137.8,1.75,66.93,99.121
2019-03-31,1137.8,1.75,66.93,99.121
2019-04-01,1136.1,1.75,68.46,99.481
2019-04-02,1132.7,1.75,68.89,99.481
2019-04-03,1135.8,1.75,68.82,99.481
2019-04-04,1134.9,1.75,68.98,99.481
2019-04-05,1135.5,1.75,69.73,99.481
2019-04-06,1135.5,1.75,69.73,99.481
2019-04-07,1135.5,1.75,69.73,99.481
2019-04-08,1136.4,1.75,70.09,99.481
2019-04-09,1141.4,1.75,69.66,99.481
2019-04-10,1142.8,1.75,70.39,99.481
2019-04-11,1141.2,1.75,69.7,99.481
2019-04-12,1139.2,1.75,69.98,99.481
2019-04-13,1139.2,1.75,69.98,99.481
2019-04-14,1139.2,1.75,69.98,99.481
2019-04-15,1140.5,1.75,69.83,99.481
2019-04-16,1133.9,1.75,70.24,99.481
2019-04-17,1135.7,1.75,70.15,99.481
2019-04-18,1136.1,1.75,70.37,99.481
2019-04-19,1136.2,1.75,70.37,99.481
2019-04-20,1136.2,1.75,70.37,99.481
2019-04-21,1136.2,1.75,70.37,99.481
2019-04-22,1137.1,1.75,71.02,99.481
2019-04-23,1140.8,1.75,71.1,99.481
2019-04-24,1141.1,1.75,71.2,99.481
2019-04-25,1146.9,1.75,71.13,99.481
2019-04-26,1158.7,1.75,70.96,99.481
2019-04-27,1158.7,1.75,70.96,99.481
2019-04-28,1158.7,1.75,70.96,99.481
2019-04-29,1159.7,1.75,70.93,99.481
2019-04-30,1158.2,1.75,71.51,99.481
2019-05-01,1158.2,1.75,71.65,99.652
2019-05-02,1163.8,1.75,70.61,99.652
2019-05-03,1163.9,1.75,70.64,99.652
2019-05-04,1163.9,1.75,70.64,99.652
2019-05-05,1163.9,1.75,70.64,99.652
2019-05-06,1163.9,1.75,70.56,99.652
2019-05-07,1169.4,1.75,69.41,99.652
2019-05-08,1169.8,1.75,69.59,99.652
2019-05-09,1169.9,1.75,69.69,99.652
2019-05-10,1175.8,1.75,69.9,99.652
2019-05-11,1175.8,1.75,69.9,99.652
2019-05-12,1175.8,1.75,69.9,99.652
2019-05-13,1178.1,1.75,69.64,99.652
2019-05-14,1183.1,1.75,70.4,99.652
2019-05-15,1187.0,1.75,70.64,99.652
2019-05-16,1189.4,1.75,71.15,99.652
2019-05-17,1189.8,1.75,71.01,99.652
2019-05-18,1189.8,1.75,71.01,99.652
2019-05-19,1189.8,1.75,71.01,99.652
2019-05-20,1192.7,1.75,70.91,99.652
2019-05-21,1192.9,1.75,70.99,99.652
2019-05-22,1193.3,1.75,70.5,99.652
2019-05-23,1194.6,1.75,69.37,99.652
2019-05-24,1191.2,1.75,69.43,99.652
2019-05-25,1191.2,1.75,69.43,99.652
2019-05-26,1191.2,1.75,69.43,99.652
2019-05-27,1189.6,1.75,69.43,99.652
2019-05-28,1184.1,1.75,69.66,99.652
2019-05-29,1187.6,1.75,69.51,99.652
2019-05-30,1193.1,1.75,69.34,99.652
2019-05-31,1190.0,1.75,69.38,99.652
2019-06-01,1190.0,1.75,69.38,99.491
2019-06-02,1190.0,1.75,69.38,99.491
2019-06-03,1191.2,1.75,60.4,99.491
2019-06-04,1183.0,1.75,60.83,99.491
2019-06-05,1181.5,1.75,59.57,99.491
2019-06-06,1181.5,1.75,59.85,99.491
2019-06-07,1179.8,1.75,61.26,99.491
2019-06-08,1179.8,1.75,61.26,99.491
2019-06-09,1179.8,1.75,61.26,99.491
2019-06-10,1179.5,1.75,60.59,99.491
2019-06-11,1184.0,1.75,60.94,99.491
2019-06-12,1181.7,1.75,59.37,99.491
2019-06-13,1181.7,1.75,60.18,99.491
2019-06-14,1184.7,1.75,60.57,99.491
2019-06-15,1184.7,1.75,60.57,99.491
2019-06-16,1184.7,1.75,60.57,99.491
2019-06-17,1184.0,1.75,59.94,99.491
2019-06-18,1186.3,1.75,60.64,99.491
2019-06-19,1185.0,1.75,60.65,99.491
2019-06-20,1177.0,1.75,61.59,99.491
2019-06-21,1167.7,1.75,61.81,99.491
2019-06-22,1167.7,1.75,61.81,99.491
2019-06-23,1167.7,1.75,61.81,99.491
2019-06-24,1162.0,1.75,61.64,99.491
2019-06-25,1157.9,1.75,61.63,99.491
2019-06-26,1154.7,1.75,61.77,99.491
2019-06-27,1158.2,1.75,61.73,99.491
2019-06-28,1156.8,1.75,61.76,99.491
2019-06-29,1156.8,1.75,61.76,99.491
2019-06-30,1156.8,1.75,61.76,99.491
2019-07-01,1156.4,1.75,63.19,99.187
2019-07-02,1155.4,1.75,61.02,99.187
2019-07-03,1164.8,1.75,62.25,99.187
2019-07-04,1170.4,1.75,62.25,99.187
2019-07-05,1169.2,1.75,62.53,99.187
2019-07-06,1169.2,1.75,62.53,99.187
2019-07-07,1169.2,1.75,62.53,99.187
2019-07-08,1170.4,1.75,62.61,99.187
2019-07-09,1178.5,1.75,62.77,99.187
2019-07-10,1179.9,1.75,64.62,99.187
2019-07-11,1181.4,1.75,64.24,99.187
2019-07-12,1173.8,1.75,64.44,99.187
2019-07-13,1173.8,1.75,64.44,99.187
2019-07-14,1173.8,1.75,64.44,99.187
2019-07-15,1177.3,1.75,64.31,99.187
2019-07-16,1179.2,1.75,63.19,99.187
2019-07-17,1178.5,1.75,62.85,99.187
2019-07-18,1180.4,1.5,62.31,99.187
2019-07-19,1179.5,1.5,62.59,99.187
2019-07-20,1179.5,1.5,62.59,99.187
2019-07-21,1179.5,1.5,62.59,99.187
2019-07-22,1173.4,1.5,62.95,99.187
2019-07-23,1177.6,1.5,63.07,99.187
2019-07-24,1178.4,1.5,63.02,99.187
2019-07-25,1178.2,1.5,63.14,99.187
2019-07-26,1179.8,1.5,63.17,99.187
2019-07-27,1179.8,1.5,63.17,99.187
2019-07-28,1179.8,1.5,63.17,99.187
2019-07-29,1184.2,1.5,63.16,99.187
2019-07-30,1183.4,1.5,63.23,99.187
2019-07-31,1182.0,1.5,63.48,99.187
2019-08-01,1181.9,1.5,59.4,99.425
2019-08-02,1188.5,1.5,60.56,99.425
2019-08-03,1188.5,1.5,60.56,99.425
2019-08-04,1188.5,1.5,60.56,99.425
2019-08-05,1194.8,1.5,58.86,99.425
2019-08-06,1211.8,1.5,58.27,99.425
2019-08-07,1214.3,1.5,56.4,99.425
2019-08-08,1214.5,1.5,57.47,99.425
2019-08-09,1211.3,1.5,58.31,99.425
2019-08-10,1211.3,1.5,58.31,99.425
2019-08-11,1211.3,1.5,58.31,99.425
2019-08-12,1209.7,1.5,58.35,99.425
2019-08-13,1215.6,1.5,60.03,99.425
2019-08-14,1218.9,1.5,58.71,99.425
2019-08-15,1218.9,1.5,58.09,99.425
2019-08-16,1211.7,1.5,58.35,99.425
2019-08-17,1211.7,1.5,58.35,99.425
2019-08-18,1211.7,1.5,58.35,99.425
2019-08-19,1213.3,1.5,58.93,99.425
2019-08-20,1210.7,1.5,59.12,99.425
2019-08-21,1210.2,1.5,59.3,99.425
2019-08-22,1204.0,1.5,59.27,99.425
2019-08-23,1205.1,1.5,59.06,99.425
2019-08-24,1205.1,1.5,59.06,99.425
2019-08-25,1205.1,1.5,59.06,99.425
2019-08-26,1212.2,1.5,58.87,99.425
2019-08-27,1218.2,1.5,58.98,99.425
2019-08-28,1213.1,1.5,59.11,99.425
2019-08-29,1213.5,1.5,59.09,99.425
2019-08-30,1215.2,1.5,59.11,99.425
2019-08-31,1215.2,1.5,59.11,99.425
2019-09-01,1215.2,1.5,59.11,99.794
2019-09-02,1209.6,1.5,59.11,99.794
2019-09-03,1211.9,1.5,56.69,99.794
2019-09-04,1215.2,1.5,58.6,99.794
2019-09-05,1209.7,1.5,58.64,99.794
2019-09-06,1199.6,1.5,59.3,99.794
2019-09-07,1199.6,1.5,59.3,99.794
2019-09-08,1199.6,1.5,59.3,99.794
2019-09-09,1196.9,1.5,60.06,99.794
2019-09-10,1192.4,1.5,59.75,99.794
2019-09-11,1191.9,1.5,58.73,99.794
2019-09-12,1191.9,1.5,58.64,99.794
2019-09-13,1191.9,1.5,58.58,99.794
2019-09-14,1191.9,1.5,58.58,99.794
2019-09-15,1191.9,1.5,58.58,99.794
2019-09-16,1191.4,1.5,63.12,99.794
2019-09-17,1184.0,1.5,61.32,99.794
2019-09-18,1188.3,1.5,61.13,99.794
2019-09-19,1190.5,1.5,61.41,99.794
2019-09-20,1195.1,1.5,61.51,99.794
2019-09-21,1195.1,1.5,61.51,99.794
2019-09-22,1195.1,1.5,61.51,99.794
2019-09-23,1191.1,1.5,61.64,99.794
2019-09-24,1193.1,1.5,61.24,99.794
2019-09-25,1194.0,1.5,61.09,99.794
2019-09-26,1198.3,1.5,61.16,99.794
2019-09-27,1199.1,1.5,61.09,99.794
2019-09-28,1199.1,1.5,61.09,99.794
2019-09-29,1199.1,1.5,61.09,99.794
2019-09-30,1201.3,1.5,57.92,99.794
2019-10-01,1199.2,1.5,58.11,100.041
2019-10-02,1198.2,1.5,57.32,100.041
2019-10-03,1198.2,1.5,57.45,100.041
2019-10-04,1203.7,1.5,58.11,100.041
2019-10-05,1203.7,1.5,58.11,100.041
2019-10-06,1203.7,1.5,58.11,100.041
2019-10-07,1197.0,1.5,58.22,100.041
2019-10-08,1196.5,1.5,57.91,100.041
2019-10-09,1196.5,1.5,57.94,100.041
2019-10-10,1194.7,1.5,58.66,100.041
2019-10-11,1196.1,1.5,59.72,100.041
2019-10-12,1196.1,1.5,59.72,100.041
2019-10-13,1196.1,1.5,59.72,100.041
2019-10-14,1189.3,1.5,58.94,100.041
2019-10-15,1183.7,1.5,58.86,100.041
2019-10-16,1184.1,1.25,59.0,100.041
2019-10-17,1187.0,1.25,59.17,100.041
2019-10-18,1186.6,1.25,58.96,100.041
2019-10-19,1186.6,1.25,58.96,100.041
2019-10-20,1186.6,1.25,58.96,100.041
2019-10-21,1180.5,1.25,58.87,100.041
2019-10-22,1175.4,1.25,59.03,100.041
2019-10-23,1171.4,1.25,59.37,100.041
2019-10-24,1173.7,1.25,59.45,100.041
2019-10-25,1171.0,1.25,59.52,100.041
2019-10-26,1171.0,1.25,59.52,100.041
2019-10-27,1171.0,1.25,59.52,100.041
2019-10-28,1174.2,1.25,59.45,100.041
2019-10-29,1169.6,1.25,59.41,100.041
2019-10-30,1166.5,1.25,59.32,100.041
2019-10-31,1168.4,1.25,58.45,100.041
2019-11-01,1161.7,1.25,60.54,99.481
2019-11-02,1161.7,1.25,60.54,99.481
2019-11-03,1161.7,1.25,60.54,99.481
2019-11-04,1167.6,1.25,60.89,99.481
2019-11-05,1160.4,1.25,61.49,99.481
2019-11-06,1160.1,1.25,60.56,99.481
2019-11-07,1157.5,1.25,61.1,99.481
2019-11-08,1160.6,1.25,61.28,99.481
2019-11-09,1160.6,1.25,61.28,99.481
2019-11-10,1160.6,1.25,61.28,99.481
2019-11-11,1156.1,1.25,61.09,99.481
2019-11-12,1161.3,1.25,61.29,99.481
2019-11-13,1163.5,1.25,61.52,99.481
2019-11-14,1167.6,1.25,61.44,99.481
2019-11-15,1170.4,1.25,61.94,99.481
2019-11-16,1170.4,1.25,61.94,99.481
2019-11-17,1170.4,1.25,61.94,99.481
2019-11-18,1166.3,1.25,61.56,99.481
2019-11-19,1164.5,1.25,60.98,99.481
2019-11-20,1168.6,1.25,61.6,99.481
2019-11-21,1170.1,1.25,62.07,99.481
2019-11-22,1176.5,1.25,61.9,99.481
2019-11-23,1176.5,1.25,61.9,99.481
2019-11-24,1176.5,1.25,61.9,99.481
2019-11-25,1177.8,1.25,61.94,99.481
2019-11-26,1176.2,1.25,61.95,99.481
2019-11-27,1174.4,1.25,61.95,99.481
2019-11-28,1176.0,1.25,61.95,99.481
2019-11-29,1179.3,1.25,61.97,99.481
2019-11-30,1179.3,1.25,61.97,99.481
2019-12-01,1179.3,1.25,61.97,99.719
2019-12-02,1180.3,1.25,60.41,99.719
2019-12-03,1180.4,1.25,60.46,99.719
2019-12-04,1186.2,1.25,62.52,99.719
2019-12-05,1193.7,1.25,62.82,99.719
2019-12-06,1190.2,1.25,63.43,99.719
2019-12-07,1190.2,1.25,63.43,99.719
2019-12-08,1190.2,1.25,63.43,99.719
2019-12-09,1189.7,1.25,63.34,99.719
2019-12-10,1189.3,1.25,63.5,99.719
2019-12-11,1192.0,1.25,62.98,99.719
2019-12-12,1193.3,1.25,63.46,99.719
2019-12-13,1188.6,1.25,64.12,99.719
2019-12-14,1188.6,1.25,64.12,99.719
2019-12-15,1188.6,1.25,64.12,99.719
2019-12-16,1171.7,1.25,64.19,99.719
2019-12-17,1172.9,1.25,64.53,99.719
2019-12-18,1166.7,1.25,64.54,99.719
2019-12-19,1165.3,1.25,64.7,99.719
2019-12-20,1164.5,1.25,64.63,99.719
2019-12-21,1164.5,1.25,64.63,99.719
2019-12-22,1164.5,1.25,64.63,99.719
2019-12-23,1162.6,1.25,64.65,99.719
2019-12-24,1161.7,1.25,64.79,99.719
2019-12-25,1161.7,1.25,64.79,99.719
2019-12-26,1163.7,1.25,64.83,99.719
2019-12-27,1161.2,1.25,64.82,99.719
2019-12-28,1161.2,1.25,64.82,99.719
2019-12-29,1161.2,1.25,64.82,99.719
2019-12-30,1160.9,1.25,64.85,99.719
2019-12-31,1157.8,1.25,65.05,99.719
2020-01-01,1157.8,1.25,65.05,100.09
2020-01-02,1157.8,1.25,65.44,100.09
2020-01-03,1156.9,1.25,67.83,100.09
2020-01-04,1156.9,1.25,67.83,100.09
2020-01-05,1156.9,1.25,67.83,100.09
2020-01-06,1162.7,1.25,68.28,100.09
2020-01-07,1169.6,1.25,67.92,100.09
2020-01-08,1165.3,1.25,66.0,100.09
2020-01-09,1174.1,1.25,66.15,100.09
2020-01-10,1160.0,1.25,66.07,100.09
2020-01-11,1160.0,1.25,66.07,100.09
2020-01-12,1160.0,1.25,66.07,100.09
2020-01-13,1161.1,1.25,65.72,100.09
2020-01-14,1155.7,1.25,65.84,100.09
2020-01-15,1153.1,1.25,65.49,100.09
2020-01-16,1158.8,1.25,65.74,100.09
2020-01-17,1159.6,1.25,65.75,100.09
2020-01-18,1159.6,1.25,65.75,100.09
2020-01-19,1159.6,1.25,65.75,100.09
2020-01-20,1158.8,1.25,65.75,100.09
2020-01-21,1158.8,1.25,65.59,100.09
2020-01-22,1164.7,1.25,65.26,100.09
2020-01-23,1165.1,1.25,64.94,100.09
2020-01-24,1165.1,1.25,64.64,100.09
2020-01-25,1165.1,1.25,64.64,100.09
2020-01-26,1165.1,1.25,64.64,100.09
2020-01-27,1165.1,1.25,64.37,100.09
2020-01-28,1167.2,1.25,64.34,100.09
2020-01-29,1176.7,1.25,64.37,100.09
2020-01-30,1176.0,1.25,64.17,100.09
2020-01-31,1183.5,1.25,64.29,100.09
2020-02-01,1183.5,1.25,64.29,100.16
2020-02-02,1183.5,1.25,64.29,100.16
2020-02-03,1187.8,1.25,53.5,100.16
2020-02-04,1196.0,1.25,53.11,100.16
2020-02-05,1189.4,1.25,54.53,100.16
2020-02-06,1188.5,1.25,54.36,100.16
2020-02-07,1181.4,1.25,54.08,100.16
2020-02-08,1181.4,1.25,54.08,100.16
2020-02-09,1181.4,1.25,54.08,100.16
2020-02-10,1187.2,1.25,53.0,100.16
2020-02-11,1189.8,1.25,53.49,100.16
2020-02-12,1184.1,1.25,54.59,100.16
2020-02-13,1179.8,1.25,54.96,100.16
2020-02-14,1181.5,1.25,55.34,100.16
2020-02-15,1181.5,1.25,55.34,100.16
2020-02-16,1181.5,1.25,55.34,100.16
2020-02-17,1183.5,1.25,55.34,100.16
2020-02-18,1182.2,1.25,55.15,100.16
2020-02-19,1188.1,1.25,55.65,100.16
2020-02-20,1190.8,1.25,55.54,100.16
2020-02-21,1197.0,1.25,55.27,100.16
2020-02-22,1197.0,1.25,55.27,100.16
2020-02-23,1197.0,1.25,55.27,100.16
2020-02-24,1205.6,1.25,54.68,100.16
2020-02-25,1217.7,1.25,54.54,100.16
2020-02-26,1212.7,1.25,54.33,100.16
2020-02-27,1216.8,1.25,54.25,100.16
2020-02-28,1215.9,1.25,54.22,100.16
2020-02-29,1215.9,1.25,54.22,100.16
2020-03-01,1215.9,1.25,54.22,99.94
2020-03-02,1215.3,1.25,50.95,99.94
2020-03-03,1200.3,1.25,50.93,99.94
2020-03-04,1191.4,1.25,50.48,99.94
2020-03-05,1186.4,1.25,49.72,99.94
2020-03-06,1185.0,1.25,45.71,99.94
2020-03-07,1185.0,1.25,45.71,99.94
2020-03-08,1185.0,1.25,45.71,99.94
2020-03-09,1191.4,1.25,36.26,99.94
2020-03-10,1201.4,1.25,38.14,99.94
2020-03-11,1196.7,1.25,37.62,99.94
2020-03-12,1192.8,1.25,36.31,99.94
2020-03-13,1202.0,1.25,36.96,99.94
2020-03-14,1202.0,1.25,36.96,99.94
2020-03-15,1202.0,1.25,36.96,99.94
2020-03-16,1222.2,1.25,35.45,99.94
2020-03-17,1219.6,0.75,35.27,99.94
2020-03-18,1241.2,0.75,33.61,99.94
2020-03-19,1237.8,0.75,34.59,99.94
2020-03-20,1280.1,0.75,34.05,99.94
2020-03-21,1280.1,0.75,34.05,99.94
2020-03-22,1280.1,0.75,34.05,99.94
2020-03-23,1254.1,0.75,33.96,99.94
2020-03-24,1274.6,0.75,33.99,99.94
2020-03-25,1256.0,0.75,34.15,99.94
2020-03-26,1230.7,0.75,34.07,99.94
2020-03-27,1227.9,0.75,33.91,99.94
2020-03-28,1227.9,0.75,33.91,99.94
2020-03-29,1227.9,0.75,33.91,99.94
2020-03-30,1212.4,0.75,33.84,99.94
2020-03-31,1222.6,0.75,25.72,99.94
2020-04-01,1220.0,0.75,22.46,99.5
2020-04-02,1222.2,0.75,26.16,99.5
2020-04-03,1237.6,0.75,29.39,99.5
2020-04-04,1237.6,0.75,29.39,99.5
2020-04-05,1237.6,0.75,29.39,99.5
2020-04-06,1229.8,0.75,27.45,99.5
2020-04-07,1233.4,0.75,26.0,99.5
2020-04-08,1222.4,0.75,26.16,99.5
2020-04-09,1219.7,0.75,23.26,99.5
2020-04-10,1216.4,0.75,23.26,99.5
2020-04-11,1216.4,0.75,23.26,99.5
2020-04-12,1216.4,0.75,23.26,99.5
2020-04-13,1212.3,0.75,24.74,99.5
2020-04-14,1218.7,0.75,21.96,99.5
2020-04-15,1218.7,0.75,21.46,99.5
2020-04-16,1216.7,0.75,21.71,99.5
2020-04-17,1227.5,0.75,22.23,99.5
2020-04-18,1227.5,0.75,22.23,99.5
2020-04-19,1227.5,0.75,22.23,99.5
2020-04-20,1219.3,0.75,21.47,99.5
2020-04-21,1218.7,0.75,19.07,99.5
2020-04-22,1231.3,0.75,20.0,99.5
2020-04-23,1235.2,0.75,20.45,99.5
2020-04-24,1232.0,0.75,20.45,99.5
2020-04-25,1232.0,0.75,20.45,99.5
2020-04-26,1232.0,0.75,20.45,99.5
2020-04-27,1235.8,0.75,20.37,99.5
2020-04-28,1230.3,0.75,20.41,99.5
2020-04-29,1225.2,0.75,20.38,99.5
2020-04-30,1225.2,0.75,25.35,99.5
2020-05-01,1225.2,0.75,25.3,99.44
2020-05-02,1225.2,0.75,25.3,99.44
2020-05-03,1225.2,0.75,25.3,99.44
2020-05-04,1218.5,0.75,26.2,99.44
2020-05-05,1218.5,0.75,28.94,99.44
2020-05-06,1227.8,0.75,27.35,99.44
2020-05-07,1223.3,0.75,27.14,99.44
2020-05-08,1226.5,0.75,28.54,99.44
2020-05-09,1226.5,0.75,28.54,99.44
2020-05-10,1226.5,0.75,28.54,99.44
2020-05-11,1217.7,0.75,27.27,99.44
2020-05-12,1217.8,0.75,26.81,99.44
2020-05-13,1226.7,0.75,26.68,99.44
2020-05-14,1226.3,0.75,29.2,99.44
2020-05-15,1227.9,0.75,29.8,99.44
2020-05-16,1227.9,0.75,29.8,99.44
2020-05-17,1227.9,0.75,29.8,99.44
2020-05-18,1229.3,0.75,30.55,99.44
2020-05-19,1231.6,0.75,30.42,99.44
2020-05-20,1224.5,0.75,30.57,99.44
2020-05-21,1227.8,0.75,30.62,99.44
2020-05-22,1230.7,0.75,30.34,99.44
2020-05-23,1230.7,0.75,30.34,99.44
2020-05-24,1230.7,0.75,30.34,99.44
2020-05-25,1236.2,0.75,30.34,99.44
2020-05-26,1242.0,0.75,30.59,99.44
2020-05-27,1237.1,0.75,30.43,99.44
2020-05-28,1233.7,0.5,30.51,99.44
2020-05-29,1239.4,0.5,30.47,99.44
2020-05-30,1239.4,0.5,30.47,99.44
2020-05-31,1239.4,0.5,30.47,99.44
2020-06-01,1237.6,0.5,38.32,99.71
2020-06-02,1227.8,0.5,39.17,99.71
2020-06-03,1224.1,0.5,39.26,99.71
2020-06-04,1216.9,0.5,39.15,99.71
2020-06-05,1217.4,0.5,41.32,99.71
2020-06-06,1217.4,0.5,41.32,99.71
2020-06-07,1217.4,0.5,41.32,99.71
2020-06-08,1213.1,0.5,40.7,99.71
2020-06-09,1204.2,0.5,40.82,99.71
2020-06-10,1197.7,0.5,41.52,99.71
2020-06-11,1194.4,0.5,39.44,99.71
2020-06-12,1192.8,0.5,39.5,99.71
2020-06-13,1192.8,0.5,39.5,99.71
2020-06-14,1192.8,0.5,39.5,99.71
2020-06-15,1206.6,0.5,39.85,99.71
2020-06-16,1210.8,0.5,40.28,99.71
2020-06-17,1206.6,0.5,40.23,99.71
2020-06-18,1214.5,0.5,40.63,99.71
2020-06-19,1213.0,0.5,41.07,99.71
2020-06-20,1213.0,0.5,41.07,99.71
2020-06-21,1213.0,0.5,41.07,99.71
2020-06-22,1212.0,0.5,41.12,99.71
2020-06-23,1213.2,0.5,41.04,99.71
2020-06-24,1210.1,0.5,40.64,99.71
2020-06-25,1202.9,0.5,40.78,99.71
2020-06-26,1205.2,0.5,40.8,99.71
2020-06-27,1205.2,0.5,40.8,99.71
2020-06-28,1205.2,0.5,40.8,99.71
2020-06-29,1198.6,0.5,40.8,99.71
2020-06-30,1200.7,0.5,40.97,99.71
2020-07-01,1198.5,0.5,42.26,99.63
2020-07-02,1201.6,0.5,43.2,99.63
2020-07-03,1201.0,0.5,43.2,99.63
2020-07-04,1201.0,0.5,43.2,99.63
2020-07-05,1201.0,0.5,43.2,99.63
2020-07-06,1200.4,0.5,42.89,99.63
2020-07-07,1196.8,0.5,43.09,99.63
2020-07-08,1192.9,0.5,43.29,99.63
2020-07-09,1195.8,0.5,42.79,99.63
2020-07-10,1194.5,0.5,43.4,99.63
2020-07-11,1194.5,0.5,43.4,99.63
2020-07-12,1194.5,0.5,43.4,99.63
2020-07-13,1202.4,0.5,43.1,99.63
2020-07-14,1200.3,0.5,43.22,99.63
2020-07-15,1206.4,0.5,43.78,99.63
2020-07-16,1200.7,0.5,43.3,99.63
2020-07-17,1204.1,0.5,43.0,99.63
2020-07-18,1204.1,0.5,43.0,99.63
2020-07-19,1204.1,0.5,43.0,99.63
2020-07-20,1205.7,0.5,43.05,99.63
2020-07-21,1203.7,0.5,43.58,99.63
2020-07-22,1198.1,0.5,43.62,99.63
2020-07-23,1193.7,0.5,43.3,99.63
2020-07-24,1198.5,0.5,43.28,99.63
2020-07-25,1198.5,0.5,43.28,99.63
2020-07-26,1198.5,0.5,43.28,99.63
2020-07-27,1201.3,0.5,43.33,99.63
2020-07-28,1196.6,0.5,43.28,99.63
2020-07-29,1195.1,0.5,43.29,99.63
2020-07-30,1195.2,0.5,42.27,99.63
2020-07-31,1191.4,0.5,42.54,99.63
2020-08-01,1191.4,0.5,42.54,100.19
2020-08-02,1191.4,0.5,42.54,100.19
2020-08-03,1189.1,0.5,43.39,100.19
2020-08-04,1193.7,0.5,43.4,100.19
2020-08-05,1193.5,0.5,43.88,100.19
2020-08-06,1190.3,0.5,43.61,100.19
2020-08-07,1184.3,0.5,43.33,100.19
2020-08-08,1184.3,0.5,43.33,100.19
2020-08-09,1184.3,0.5,43.33,100.19
2020-08-10,1185.9,0.5,43.78,100.19
2020-08-11,1186.7,0.5,43.38,100.19
2020-08-12,1184.9,0.5,43.97,100.19
2020-08-13,1186.0,0.5,43.59,100.19
2020-08-14,1183.6,0.5,43.39,100.19
2020-08-15,1183.6,0.5,43.39,100.19
2020-08-16,1183.6,0.5,43.39,100.19
2020-08-17,1183.6,0.5,43.78,100.19
2020-08-18,1185.8,0.5,43.96,100.19
2020-08-19,1185.1,0.5,43.96,100.19
2020-08-20,1182.3,0.5,43.78,100.19
2020-08-21,1186.3,0.5,43.69,100.19
2020-08-22,1186.3,0.5,43.69,100.19
2020-08-23,1186.3,0.5,43.69,100.19
2020-08-24,1185.3,0.5,44.58,100.19
2020-08-25,1190.0,0.5,45.23,100.19
2020-08-26,1186.3,0.5,45.0,100.19
2020-08-27,1187.0,0.5,44.63,100.19
2020-08-28,1185.7,0.5,44.86,100.19
2020-08-29,1185.7,0.5,44.86,100.19
2020-08-30,1185.7,0.5,44.86,100.19
2020-08-31,1185.1,0.5,44.68,100.19
2020-09-01,1183.3,0.5,44.84,100.74
2020-09-02,1184.6,0.5,43.83,100.74
2020-09-03,1186.2,0.5,43.61,100.74
2020-09-04,1187.5,0.5,42.61,100.74
2020-09-05,1187.5,0.5,42.61,100.74
2020-09-06,1187.5,0.5,42.61,100.74
2020-09-07,1190.2,0.5,42.61,100.74
2020-09-08,1187.2,0.5,40.2,100.74
2020-09-09,1187.9,0.5,40.78,100.74
2020-09-10,1189.6,0.5,40.25,100.74
2020-09-11,1185.3,0.5,40.24,100.74
2020-09-12,1185.3,0.5,40.24,100.74
2020-09-13,1185.3,0.5,40.24,100.74
2020-09-14,1188.3,0.5,40.15,100.74
2020-09-15,1184.2,0.5,40.69,100.74
2020-09-16,1180.5,0.5,41.58,100.74
2020-09-17,1177.8,0.5,42.02,100.74
2020-09-18,1175.4,0.5,42.01,100.74
2020-09-19,1175.4,0.5,42.01,100.74
2020-09-20,1175.4,0.5,42.01,100.74
2020-09-21,1163.6,0.5,41.41,100.74
2020-09-22,1160.6,0.5,41.5,100.74
2020-09-23,1163.9,0.5,41.8,100.74
2020-09-24,1164.4,0.5,41.94,100.74
2020-09-25,1170.3,0.5,42.05,100.74
2020-09-26,1170.3,0.5,42.05,100.74
2020-09-27,1170.3,0.5,42.05,100.74
2020-09-28,1170.5,0.5,42.37,100.74
2020-09-29,1173.5,0.5,41.06,100.74
2020-09-30,1173.5,0.5,41.7,100.74
2020-10-01,1173.5,0.5,40.3,100.18
2020-10-02,1173.5,0.5,38.48,100.18
2020-10-03,1173.5,0.5,38.48,100.18
2020-10-04,1173.5,0.5,38.48,100.18
2020-10-05,1169.5,0.5,40.42,100.18
2020-10-06,1163.4,0.5,41.56,100.18
2020-10-07,1160.0,0.5,40.98,100.18
2020-10-08,1162.5,0.5,41.88,100.18
2020-10-09,1162.5,0.5,41.48,100.18
2020-10-10,1162.5,0.5,41.48,100.18
2020-10-11,1162.5,0.5,41.48,100.18
2020-10-12,1156.2,0.5,40.78,100.18
2020-10-13,1148.3,0.5,41.24,100.18
2020-10-14,1149.5,0.5,41.78,100.18
2020-10-15,1145.7,0.5,41.65,100.18
2020-10-16,1144.6,0.5,41.48,100.18
2020-10-17,1144.6,0.5,41.48,100.18
2020-10-18,1144.6,0.5,41.48,100.18
2020-10-19,1145.6,0.5,41.37,100.18
2020-10-20,1142.2,0.5,41.59,100.18
2020-10-21,1139.7,0.5,41.07,100.18
2020-10-22,1133.7,0.5,41.31,100.18
2020-10-23,1134.1,0.5,41.14,100.18
2020-10-24,1134.1,0.5,41.14,100.18
2020-10-25,1134.1,0.5,41.14,100.18
2020-10-26,1134.6,0.5,40.03,100.18
2020-10-27,1129.1,0.5,40.8,100.18
2020-10-28,1127.6,0.5,38.92,100.18
2020-10-29,1129.3,0.5,37.54,100.18
2020-10-30,1133.4,0.5,37.27,100.18
2020-10-31,1133.4,0.5,37.27,100.18
2020-11-01,1133.4,0.5,37.27,100.09
2020-11-02,1130.4,0.5,38.36,100.09
2020-11-03,1134.7,0.5,39.16,100.09
2020-11-04,1134.6,0.5,40.55,100.09
2020-11-05,1136.5,0.5,40.14,100.09
2020-11-06,1130.9,0.5,39.28,100.09
2020-11-07,1130.9,0.5,39.28,100.09
2020-11-08,1130.9,0.5,39.28,100.09
2020-11-09,1124.4,0.5,41.41,100.09
2020-11-10,1115.6,0.5,42.19,100.09
2020-11-11,1115.9,0.5,42.36,100.09
2020-11-12,1112.4,0.5,42.37,100.09
2020-11-13,1113.2,0.5,41.87,100.09
2020-11-14,1113.2,0.5,41.87,100.09
2020-11-15,1113.2,0.5,41.87,100.09
2020-11-16,1115.1,0.5,42.52,100.09
2020-11-17,1108.0,0.5,42.49,100.09
2020-11-18,1106.8,0.5,42.69,100.09
2020-11-19,1105.9,0.5,42.6,100.09
2020-11-20,1112.2,0.5,42.84,100.09
2020-11-21,1112.2,0.5,42.84,100.09
2020-11-22,1112.2,0.5,42.84,100.09
2020-11-23,1114.2,0.5,45.42,100.09
2020-11-24,1112.6,0.5,47.14,100.09
2020-11-25,1111.2,0.5,47.88,100.09
2020-11-26,1107.2,0.5,47.88,100.09
2020-11-27,1105.8,0.5,47.7,100.09
2020-11-28,1105.8,0.5,47.7,100.09
2020-11-29,1105.8,0.5,47.7,100.09
2020-11-30,1104.4,0.5,47.29,100.09
2020-12-01,1104.9,0.5,46.96,100.33
2020-12-02,1107.1,0.5,47.67,100.33
2020-12-03,1103.3,0.5,48.04,100.33
2020-12-04,1098.1,0.5,48.35,100.33
2020-12-05,1098.1,0.5,48.35,100.33
2020-12-06,1098.1,0.5,48.35,100.33
2020-12-07,1086.6,0.5,48.23,100.33
2020-12-08,1082.7,0.5,48.28,100.33
2020-12-09,1084.4,0.5,48.42,100.33
2020-12-10,1083.6,0.5,49.29,100.33
2020-12-11,1086.2,0.5,49.22,100.33
2020-12-12,1086.2,0.5,49.22,100.33
2020-12-13,1086.2,0.5,49.22,100.33
2020-12-14,1089.3,0.5,49.46,100.33
2020-12-15,1090.8,0.5,49.81,100.33
2020-12-16,1093.2,0.5,49.96,100.33
2020-12-17,1092.2,0.5,50.08,100.33
2020-12-18,1092.8,0.5,50.34,100.33
2020-12-19,1092.8,0.5,50.34,100.33
2020-12-20,1092.8,0.5,50.34,100.33
2020-12-21,1097.9,0.5,49.86,100.33
2020-12-22,1101.2,0.5,49.57,100.33
2020-12-23,1106.6,0.5,49.81,100.33
2020-12-24,1108.9,0.5,50.79,100.33
2020-12-25,1108.9,0.5,50.79,100.33
2020-12-26,1108.9,0.5,50.79,100.33
2020-12-27,1108.9,0.5,50.79,100.33
2020-12-28,1103.7,0.5,50.35,100.33
2020-12-29,1098.2,0.5,50.56,100.33
2020-12-30,1093.2,0.5,50.98,100.33
2020-12-31,1088.0,0.5,51.16,100.33
2021-01-01,1088.0,0.5,51.16,101.04
2021-01-02,1088.0,0.5,51.16,101.04
2021-01-03,1088.0,0.5,51.16,101.04
2021-01-04,1088.0,0.5,50.61,101.04
2021-01-05,1083.1,0.5,52.84,101.04
2021-01-06,1086.1,0.5,53.63,101.04
2021-01-07,1086.8,0.5,53.78,101.04
2021-01-08,1087.7,0.5,55.06,101.04
2021-01-09,1087.7,0.5,55.06,101.04
2021-01-10,1087.7,0.5,55.06,101.04
2021-01-11,1094.4,0.5,54.78,101.04
2021-01-12,1097.8,0.5,55.37,101.04
2021-01-13,1099.9,0.5,54.96,101.04
2021-01-14,1095.0,0.5,55.17,101.04
2021-01-15,1100.3,0.5,54.53,101.04
2021-01-16,1100.3,0.5,54.53,101.04
2021-01-17,1100.3,0.5,54.53,101.04
2021-01-18,1097.9,0.5,54.53,101.04
2021-01-19,1104.4,0.5,54.89,101.04
2021-01-20,1102.1,0.5,54.97,101.04
2021-01-21,1100.0,0.5,54.95,101.04
2021-01-22,1099.2,0.5,54.76,101.04
2021-01-23,1099.2,0.5,54.76,101.04
2021-01-24,1099.2,0.5,54.76,101.04
2021-01-25,1102.3,0.5,55.19,101.04
2021-01-26,1103.2,0.5,55.08,101.04
2021-01-27,1103.0,0.5,54.94,101.04
2021-01-28,1104.0,0.5,54.45,101.04
2021-01-29,1114.6,0.5,54.34,101.04
2021-01-30,1114.6,0.5,54.34,101.04
2021-01-31,1114.6,0.5,54.34,101.04
2021-02-01,1117.2,0.5,55.66,101.58
2021-02-02,1118.0,0.5,56.71,101.58
2021-02-03,1116.6,0.5,57.69,101.58
2021-02-04,1114.0,0.5,57.97,101.58
2021-02-05,1116.7,0.5,58.4,101.58
2021-02-06,1116.7,0.5,58.4,101.58
2021-02-07,1116.7,0.5,58.4,101.58
2021-02-08,1124.0,0.5,59.36,101.58
2021-02-09,1119.1,0.5,59.63,101.58
2021-02-10,1116.0,0.5,59.69,101.58
2021-02-11,1116.0,0.5,59.55,101.58
2021-02-12,1116.0,0.5,60.23,101.58
2021-02-13,1116.0,0.5,60.23,101.58
2021-02-14,1116.0,0.5,60.23,101.58
2021-02-15,1110.1,0.5,60.23,101.58
2021-02-16,1103.1,0.5,60.6,101.58
2021-02-17,1099.7,0.5,60.89,101.58
2021-02-18,1107.7,0.5,60.59,101.58
2021-02-19,1105.7,0.5,60.2,101.58
2021-02-20,1105.7,0.5,60.2,101.58
2021-02-21,1105.7,0.5,60.2,101.58
2021-02-22,1107.1,0.5,62.66,101.58
2021-02-23,1106.5,0.5,62.72,101.58
2021-02-24,1110.8,0.5,64.61,101.58
2021-02-25,1110.2,0.5,64.58,101.58
2021-02-26,1108.4,0.5,62.95,101.58
2021-02-27,1108.4,0.5,62.95,101.58
2021-02-28,1108.4,0.5,62.95,101.58
2021-03-01,1108.4,0.5,62.28,101.84
2021-03-02,1121.8,0.5,61.33,101.84
2021-03-03,1121.3,0.5,62.55,101.84
2021-03-04,1122.9,0.5,64.8,101.84
2021-03-05,1126.2,0.5,66.89,101.84
2021-03-06,1126.2,0.5,66.89,101.84
2021-03-07,1126.2,0.5,66.89,101.84
2021-03-08,1129.4,0.5,65.84,101.84
2021-03-09,1131.3,0.5,65.37,101.84
2021-03-10,1141.1,0.5,65.54,101.84
2021-03-11,1140.7,0.5,66.65,101.84
2021-03-12,1137.3,0.5,66.5,101.84
2021-03-13,1137.3,0.5,66.5,101.84
2021-03-14,1137.3,0.5,66.5,101.84
2021-03-15,1130.7,0.5,66.38,101.84
2021-03-16,1135.9,0.5,66.05,101.84
2021-03-17,1132.5,0.5,65.77,101.84
2021-03-18,1131.8,0.5,63.9,101.84
2021-03-19,1123.7,0.5,64.57,101.84
2021-03-20,1123.7,0.5,64.57,101.84
2021-03-21,1123.7,0.5,64.57,101.84
2021-03-22,1131.8,0.5,64.71,101.84
2021-03-23,1131.3,0.5,63.72,101.84
2021-03-24,1128.0,0.5,62.64,101.84
2021-03-25,1133.5,0.5,60.18,101.84
2021-03-26,1134.2,0.5,62.93,101.84
2021-03-27,1134.2,0.5,62.93,101.84
2021-03-28,1134.2,0.5,62.93,101.84
2021-03-29,1131.8,0.5,63.39,101.84
2021-03-30,1131.7,0.5,62.65,101.84
2021-03-31,1133.5,0.5,61.15,101.84
2021-04-01,1132.6,0.5,63.27,101.98
2021-04-02,1129.3,0.5,63.27,101.98
2021-04-03,1129.3,0.5,63.27,101.98
2021-04-04,1129.3,0.5,63.27,101.98
2021-04-05,1127.5,0.5,60.71,101.98
2021-04-06,1127.8,0.5,60.96,101.98
2021-04-07,1122.9,0.5,61.46,101.98
2021-04-08,1116.4,0.5,61.47,101.98
2021-04-09,1118.5,0.5,61.19,101.98
2021-04-10,1118.5,0.5,61.19,101.98
2021-04-11,1118.5,0.5,61.19,101.98
2021-04-12,1117.2,0.5,61.3,101.98
2021-04-13,1124.3,0.5,61.53,101.98
2021-04-14,1126.1,0.5,63.26,101.98
2021-04-15,1119.9,0.5,63.48,101.98
2021-04-16,1117.6,0.5,63.41,101.98
2021-04-17,1117.6,0.5,63.41,101.98
2021-04-18,1117.6,0.5,63.41,101.98
2021-04-19,1117.9,0.5,63.48,101.98
2021-04-20,1118.2,0.5,63.23,101.98
2021-04-21,1113.4,0.5,62.71,101.98
2021-04-22,1117.4,0.5,62.68,101.98
2021-04-23,1116.3,0.5,62.8,101.98
2021-04-24,1116.3,0.5,62.8,101.98
2021-04-25,1116.3,0.5,62.8,101.98
2021-04-26,1118.9,0.5,62.61,101.98
2021-04-27,1114.0,0.5,63.53,101.98
2021-04-28,1110.8,0.5,64.54,101.98
2021-04-29,1112.5,0.5,65.77,101.98
2021-04-30,1107.4,0.5,64.27,101.98
2021-05-01,1107.4,0.5,64.27,102.05
2021-05-02,1107.4,0.5,64.27,102.05
2021-05-03,1109.6,0.5,65.03,102.05
2021-05-04,1119.3,0.5,66.35,102.05
2021-05-05,1119.3,0.5,66.66,102.05
2021-05-06,1121.1,0.5,66.01,102.05
2021-05-07,1125.5,0.5,66.15,102.05
2021-05-08,1125.5,0.5,66.15,102.05
2021-05-09,1125.5,0.5,66.15,102.05
2021-05-10,1121.4,0.5,66.2,102.05
2021-05-11,1114.6,0.5,66.32,102.05
2021-05-12,1119.1,0.5,66.77,102.05
2021-05-13,1123.5,0.5,65.42,102.05
2021-05-14,1130.6,0.5,66.33,102.05
2021-05-15,1130.6,0.5,66.33,102.05
2021-05-16,1130.6,0.5,66.33,102.05
2021-05-17,1129.5,0.5,66.83,102.05
2021-05-18,1133.0,0.5,66.64,102.05
2021-05-19,1133.0,0.5,65.92,102.05
2021-05-20,1133.1,0.5,65.39,102.05
2021-05-21,1132.2,0.5,65.73,102.05
2021-05-22,1132.2,0.5,65.73,102.05
2021-05-23,1132.2,0.5,65.73,102.05
2021-05-24,1126.9,0.5,66.25,102.05
2021-05-25,1127.6,0.5,66.41,102.05
2021-05-26,1122.8,0.5,66.64,102.05
2021-05-27,1118.6,0.5,67.1,102.05
2021-05-28,1118.0,0.5,66.63,102.05
2021-05-29,1118.0,0.5,66.63,102.05
2021-05-30,1118.0,0.5,66.63,102.05
2021-05-31,1116.0,0.5,66.63,102.05
2021-06-01,1113.5,0.5,68.49,102.05
2021-06-02,1107.0,0.5,69.5,102.05
2021-06-03,1110.3,0.5,69.47,102.05
2021-06-04,1111.8,0.5,70.03,102.05
2021-06-05,1111.8,0.5,70.03,102.05
2021-06-06,1111.8,0.5,70.03,102.05
2021-06-07,1117.5,0.5,69.84,102.05
2021-06-08,1111.2,0.5,70.36,102.05
2021-06-09,1113.7,0.5,70.34,102.05
2021-06-10,1115.8,0.5,70.52,102.05
2021-06-11,1115.0,0.5,70.61,102.05
2021-06-12,1115.0,0.5,70.61,102.05
2021-06-13,1115.0,0.5,70.61,102.05
2021-06-14,1111.2,0.5,70.78,102.05
2021-06-15,1116.4,0.5,71.39,102.05
2021-06-16,1117.8,0.5,71.56,102.05
2021-06-17,1117.7,0.5,70.94,102.05
2021-06-18,1129.5,0.5,71.07,102.05
2021-06-19,1129.5,0.5,71.07,102.05
2021-06-20,1129.5,0.5,71.07,102.05
2021-06-21,1132.2,0.5,71.48,102.05
2021-06-22,1135.4,0.5,71.41,102.05
2021-06-23,1132.4,0.5,72.29,102.05
2021-06-24,1135.6,0.5,72.61,102.05
2021-06-25,1135.8,0.5,73.13,102.05
2021-06-26,1135.8,0.5,73.13,102.05
2021-06-27,1135.8,0.5,73.13,102.05
2021-06-28,1128.8,0.5,71.9,102.05
2021-06-29,1129.9,0.5,72.23,102.05
2021-06-30,1130.0,0.5,72.6,102.05
2021-07-01,1129.5,0.5,73.88,102.26
2021-07-02,1132.2,0.5,74.23,102.26
2021-07-03,1132.2,0.5,74.23,102.26
2021-07-04,1132.2,0.5,74.23,102.26
2021-07-05,1134.5,0.5,74.23,102.26
2021-07-06,1130.3,0.5,72.93,102.26
2021-07-07,1131.8,0.5,72.08,102.26
2021-07-08,1137.6,0.5,72.58,102.26
2021-07-09,1143.4,0.5,73.72,102.26
2021-07-10,1143.4,0.5,73.72,102.26
2021-07-11,1143.4,0.5,73.72,102.26
2021-07-12,1148.3,0.5,73.54,102.26
2021-07-13,1146.4,0.5,74.36,102.26
2021-07-14,1145.1,0.5,73.48,102.26
2021-07-15,1150.3,0.5,72.83,102.26
2021-07-16,1143.7,0.5,72.92,102.26
2021-07-17,1143.7,0.5,72.92,102.26
2021-07-18,1143.7,0.5,72.92,102.26
2021-07-19,1141.1,0.5,71.01,102.26
2021-07-20,1145.7,0.5,71.28,102.26
2021-07-21,1151.0,0.5,72.28,102.26
2021-07-22,1150.6,0.5,72.81,102.26
2021-07-23,1151.0,0.5,71.81,102.26
2021-07-24,1151.0,0.5,71.81,102.26
2021-07-25,1151.0,0.5,71.81,102.26
2021-07-26,1149.5,0.5,71.99,102.26
2021-07-27,1153.2,0.5,71.81,102.26
2021-07-28,1150.2,0.5,72.04,102.26
2021-07-29,1154.8,0.5,73.29,102.26
2021-07-30,1147.4,0.5,73.74,102.26
2021-07-31,1147.4,0.5,73.74,102.26
2021-08-01,1147.4,0.5,73.74,102.75
2021-08-02,1147.5,0.5,71.37,102.75
2021-08-03,1151.5,0.5,70.95,102.75
2021-08-04,1150.7,0.5,69.39,102.75
2021-08-05,1145.8,0.5,70.22,102.75
2021-08-06,1143.5,0.5,69.74,102.75
2021-08-07,1143.5,0.5,69.74,102.75
2021-08-08,1143.5,0.5,69.74,102.75
2021-08-09,1142.3,0.5,68.49,102.75
2021-08-10,1145.0,0.5,69.71,102.75
2021-08-11,1148.5,0.5,70.42,102.75
2021-08-12,1155.0,0.5,70.44,102.75
2021-08-13,1158.9,0.5,70.05,102.75
2021-08-14,1158.9,0.5,70.05,102.75
2021-08-15,1158.9,0.5,70.05,102.75
2021-08-16,1158.9,0.5,69.53,102.75
2021-08-17,1167.8,0.5,69.33,102.75
2021-08-18,1174.9,0.5,68.95,102.75
2021-08-19,1172.7,0.5,68.03,102.75
2021-08-20,1174.5,0.5,67.6,102.75
2021-08-21,1174.5,0.5,67.6,102.75
2021-08-22,1174.5,0.5,67.6,102.75
2021-08-23,1176.7,0.5,68.76,102.75
2021-08-24,1174.0,0.5,68.45,102.75
2021-08-25,1168.0,0.5,69.3,102.75
2021-08-26,1166.5,0.75,68.24,102.75
2021-08-27,1168.1,0.75,69.78,102.75
2021-08-28,1168.1,0.75,69.78,102.75
2021-08-29,1168.1,0.75,69.78,102.75
2021-08-30,1170.8,0.75,70.31,102.75
2021-08-31,1164.4,0.75,69.68,102.75
2021-09-01,1162.8,0.75,69.92,103.17
2021-09-02,1157.5,0.75,71.22,103.17
2021-09-03,1159.7,0.75,70.64,103.17
2021-09-04,1159.7,0.75,70.64,103.17
2021-09-05,1159.7,0.75,70.64,103.17
2021-09-06,1156.4,0.75,70.64,103.17
2021-09-07,1157.3,0.75,69.71,103.17
2021-09-08,1157.9,0.75,70.38,103.17
2021-09-09,1164.5,0.75,69.63,103.17
2021-09-10,1170.1,0.75,70.7,103.17
2021-09-11,1170.1,0.75,70.7,103.17
2021-09-12,1170.1,0.75,70.7,103.17
2021-09-13,1170.4,0.75,71.11,103.17
2021-09-14,1174.3,0.75,71.19,103.17
2021-09-15,1172.2,0.75,72.09,103.17
2021-09-16,1171.7,0.75,72.07,103.17
2021-09-17,1169.1,0.75,71.92,103.17
2021-09-18,1169.1,0.75,71.92,103.17
2021-09-19,1169.1,0.75,71.92,103.17
2021-09-20,1169.1,0.75,71.36,103.17
2021-09-21,1169.1,0.75,71.58,103.17
2021-09-22,1169.1,0.75,72.14,103.17
2021-09-23,1177.6,0.75,74.37,103.17
2021-09-24,1181.7,0.75,75.02,103.17
2021-09-25,1181.7,0.75,75.02,103.17
2021-09-26,1181.7,0.75,75.02,103.17
2021-09-27,1175.3,0.75,76.31,103.17
2021-09-28,1175.9,0.75,76.08,103.17
2021-09-29,1182.0,0.75,75.7,103.17
2021-09-30,1184.9,0.75,75.81,103.17
2021-10-01,1185.2,0.75,76.77,103.35
2021-10-02,1185.2,0.75,76.77,103.35
2021-10-03,1185.2,0.75,76.77,103.35
2021-10-04,1185.2,0.75,78.52,103.35
2021-10-05,1187.2,0.75,79.71,103.35
2021-10-06,1187.1,0.75,78.69,103.35
2021-10-07,1190.0,0.75,79.45,103.35
2021-10-08,1190.3,0.75,79.76,103.35
2021-10-09,1190.3,0.75,79.76,103.35
2021-10-10,1190.3,0.75,79.76,103.35
2021-10-11,1190.3,0.75,80.68,103.35
2021-10-12,1193.4,0.75,80.58,103.35
2021-10-13,1199.1,0.75,80.45,103.35
2021-10-14,1195.0,0.75,80.95,103.35
2021-10-15,1188.3,0.75,81.51,103.35
2021-10-16,1188.3,0.75,81.51,103.35
2021-10-17,1188.3,0.75,81.51,103.35
2021-10-18,1182.8,0.75,81.31,103.35
2021-10-19,1185.8,0.75,81.61,103.35
2021-10-20,1181.7,0.75,81.81,103.35
2021-10-21,1175.6,0.75,81.44,103.35
2021-10-22,1175.8,0.75,81.61,103.35
2021-10-23,1175.8,0.75,81.61,103.35
2021-10-24,1175.8,0.75,81.61,103.35
2021-10-25,1178.4,0.75,82.72,103.35
2021-10-26,1171.8,0.75,83.23,103.35
2021-10-27,1166.3,0.75,81.44,103.35
2021-10-28,1168.1,0.75,81.27,103.35
2021-10-29,1171.7,0.75,81.37,103.35
2021-10-30,1171.7,0.75,81.37,103.35
2021-10-31,1171.7,0.75,81.37,103.35
2021-11-01,1169.6,0.75,82.38,103.87
2021-11-02,1176.3,0.75,82.54,103.87
2021-11-03,1175.5,0.75,80.16,103.87
2021-11-04,1181.1,0.75,78.95,103.87
2021-11-05,1180.0,0.75,80.94,103.87
2021-11-06,1180.0,0.75,80.94,103.87
2021-11-07,1180.0,0.75,80.94,103.87
2021-11-08,1185.2,0.75,81.62,103.87
2021-11-09,1184.3,0.75,82.58,103.87
2021-11-10,1178.4,0.75,81.27,103.87
2021-11-11,1181.0,0.75,81.67,103.87
2021-11-12,1184.7,0.75,81.48,103.87
2021-11-13,1184.7,0.75,81.48,103.87
2021-11-14,1184.7,0.75,81.48,103.87
2021-11-15,1179.6,0.75,81.41,103.87
2021-11-16,1180.2,0.75,81.67,103.87
2021-11-17,1179.6,0.75,80.76,103.87
2021-11-18,1183.6,0.75,81.11,103.87
2021-11-19,1180.5,0.75,80.33,103.87
2021-11-20,1180.5,0.75,80.33,103.87
2021-11-21,1180.5,0.75,80.33,103.87
2021-11-22,1183.5,0.75,80.55,103.87
2021-11-23,1187.4,0.75,79.66,103.87
2021-11-24,1188.9,0.75,79.55,103.87
2021-11-25,1188.5,1.0,79.55,103.87
2021-11-26,1189.7,1.0,70.24,103.87
2021-11-27,1189.7,1.0,70.24,103.87
2021-11-28,1189.7,1.0,70.24,103.87
2021-11-29,1193.0,1.0,71.81,103.87
2021-11-30,1193.4,1.0,68.02,103.87
2021-12-01,1187.7,1.0,67.73,104.04
2021-12-02,1180.3,1.0,68.62,104.04
2021-12-03,1177.3,1.0,68.91,104.04
2021-12-04,1177.3,1.0,68.91,104.04
2021-12-05,1177.3,1.0,68.91,104.04
2021-12-06,1178.6,1.0,71.65,104.04
2021-12-07,1183.7,1.0,73.54,104.04
2021-12-08,1181.2,1.0,73.69,104.04
2021-12-09,1176.4,1.0,72.72,104.04
2021-12-10,1173.8,1.0,73.19,104.04
2021-12-11,1173.8,1.0,73.19,104.04
2021-12-12,1173.8,1.0,73.19,104.04
2021-12-13,1178.2,1.0,72.71,104.04
2021-12-14,1178.8,1.0,72.22,104.04
2021-12-15,1183.6,1.0,72.38,104.04
2021-12-16,1186.2,1.0,73.02,104.04
2021-12-17,1183.5,1.0,72.43,104.04
2021-12-18,1183.5,1.0,72.43,104.04
2021-12-19,1183.5,1.0,72.43,104.04
2021-12-20,1184.4,1.0,71.66,104.04
2021-12-21,1189.8,1.0,72.42,104.04
2021-12-22,1191.5,1.0,72.71,104.04
2021-12-23,1191.2,1.0,72.99,104.04
2021-12-24,1187.5,1.0,72.99,104.04
2021-12-25,1187.5,1.0,72.99,104.04
2021-12-26,1187.5,1.0,72.99,104.04
2021-12-27,1186.4,1.0,76.18,104.04
2021-12-28,1186.2,1.0,76.4,104.04
2021-12-29,1186.7,1.0,76.99,104.04
2021-12-30,1186.6,1.0,77.25,104.04
2021-12-31,1185.5,1.0,75.66,104.04
2022-01-01,1185.5,1.0,75.66,104.85
2022-01-02,1185.5,1.0,75.66,104.85
2022-01-03,1185.5,1.0,77.03,104.85
2022-01-04,1190.8,1.0,78.03,104.85
2022-01-05,1194.3,1.0,78.81,104.85
2022-01-06,1198.2,1.0,79.69,104.85
2022-01-07,1199.6,1.0,79.53,104.85
2022-01-08,1199.6,1.0,79.53,104.85
2022-01-09,1199.6,1.0,79.53,104.85
2022-01-10,1202.4,1.0,78.89,104.85
2022-01-11,1200.0,1.0,80.79,104.85
2022-01-12,1195.2,1.0,81.34,104.85
2022-01-13,1189.9,1.0,81.3,104.85
2022-01-14,1188.2,1.25,82.27,104.85
2022-01-15,1188.2,1.25,82.27,104.85
2022-01-16,1188.2,1.25,82.27,104.85
2022-01-17,1187.6,1.25,82.27,104.85
2022-01-18,1192.3,1.25,83.22,104.85
2022-01-19,1188.9,1.25,83.56,104.85
2022-01-20,1191.8,1.25,83.5,104.85
2022-01-21,1190.4,1.25,83.29,104.85
2022-01-22,1190.4,1.25,83.29,104.85
2022-01-23,1190.4,1.25,83.29,104.85
2022-01-24,1193.6,1.25,82.87,104.85
2022-01-25,1194.2,1.25,85.35,104.85
2022-01-26,1197.8,1.25,86.83,104.85
2022-01-27,1197.0,1.25,86.28,104.85
2022-01-28,1202.4,1.25,86.7,104.85
2022-01-29,1202.4,1.25,86.7,104.85
2022-01-30,1202.4,1.25,86.7,104.85
2022-01-31,1202.4,1.25,87.45,104.85
2022-02-01,1202.4,1.25,87.42,105.42
2022-02-02,1202.4,1.25,87.77,105.42
2022-02-03,1205.7,1.25,89.16,105.42
2022-02-04,1205.4,1.25,91.06,105.42
2022-02-05,1205.4,1.25,91.06,105.42
2022-02-06,1205.4,1.25,91.06,105.42
2022-02-07,1199.5,1.25,90.76,105.42
2022-02-08,1199.4,1.25,89.28,105.42
2022-02-09,1197.8,1.25,89.88,105.42
2022-02-10,1196.0,1.25,89.92,105.42
2022-02-11,1196.0,1.25,91.79,105.42
2022-02-12,1196.0,1.25,91.79,105.42
2022-02-13,1196.0,1.25,91.79,105.42
2022-02-14,1199.6,1.25,92.61,105.42
2022-02-15,1198.3,1.25,90.86,105.42
2022-02-16,1198.5,1.25,91.56,105.42
2022-02-17,1196.9,1.25,90.67,105.42
2022-02-18,1197.1,1.25,90.9,105.42
2022-02-19,1197.1,1.25,90.9,105.42
2022-02-20,1197.1,1.25,90.9,105.42
2022-02-21,1196.4,1.25,90.9,105.42
2022-02-22,1194.6,1.25,91.9,105.42
2022-02-23,1194.7,1.25,92.16,105.42
2022-02-24,1192.1,1.25,92.99,105.42
2022-02-25,1199.4,1.25,91.6,105.42
2022-02-26,1199.4,1.25,91.6,105.42
2022-02-27,1199.4,1.25,91.6,105.42
2022-02-28,1202.7,1.25,95.36,105.42
2022-03-01,1202.7,1.25,102.0,106.1
2022-03-02,1205.6,1.25,109.4,106.1
2022-03-03,1205.0,1.25,106.58,106.1
2022-03-04,1203.6,1.25,114.95,106.1
2022-03-05,1203.6,1.25,114.95,106.1
2022-03-06,1203.6,1.25,114.95,106.1
2022-03-07,1211.5,1.25,118.18,106.1
2022-03-08,1225.4,1.25,122.53,106.1
2022-03-09,1225.4,1.25,110.86,106.1
2022-03-10,1234.5,1.25,110.2,106.1
2022-03-11,1228.7,1.25,112.59,106.1
2022-03-12,1228.7,1.25,112.59,106.1
2022-03-13,1228.7,1.25,112.59,106.1
2022-03-14,1232.4,1.25,109.18,106.1
2022-03-15,1238.6,1.25,105.76,106.1
2022-03-16,1241.7,1.25,104.89,106.1
2022-03-17,1240.4,1.25,108.78,106.1
2022-03-18,1220.6,1.25,108.99,106.1
2022-03-19,1220.6,1.25,108.99,106.1
2022-03-20,1220.6,1.25,108.99,106.1
2022-03-21,1211.1,1.25,111.73,106.1
2022-03-22,1213.7,1.25,111.43,106.1
2022-03-23,1221.4,1.25,112.59,106.1
2022-03-24,1212.7,1.25,110.72,106.1
2022-03-25,1219.4,1.25,113.39,106.1
2022-03-26,1219.4,1.25,113.39,106.1
2022-03-27,1219.4,1.25,113.39,106.1
2022-03-28,1218.3,1.25,105.53,106.1
2022-03-29,1225.7,1.25,103.81,106.1
2022-03-30,1220.5,1.25,108.13,106.1
2022-03-31,1210.8,1.25,101.87,106.1
2022-04-01,1210.7,1.25,101.85,106.83
2022-04-02,1210.7,1.25,101.85,106.83
2022-04-03,1210.7,1.25,101.85,106.83
2022-04-04,1216.1,1.25,104.77,106.83
2022-04-05,1216.7,1.25,103.27,106.83
2022-04-06,1212.6,1.25,98.81,106.83
2022-04-07,1219.1,1.25,98.42,106.83
2022-04-08,1218.5,1.25,99.72,106.83
2022-04-09,1218.5,1.25,99.72,106.83
2022-04-10,1218.5,1.25,99.72,106.83
2022-04-11,1224.0,1.25,97.02,106.83
2022-04-12,1232.0,1.25,101.49,106.83
2022-04-13,1236.6,1.25,103.7,106.83
2022-04-14,1227.7,1.5,104.82,106.83
2022-04-15,1224.2,1.5,104.82,106.83
2022-04-16,1224.2,1.5,104.82,106.83
2022-04-17,1224.2,1.5,104.82,106.83
2022-04-18,1230.1,1.5,105.44,106.83
2022-04-19,1232.8,1.5,103.09,106.83
2022-04-20,1234.9,1.5,103.12,106.83
2022-04-21,1237.1,1.5,103.85,106.83
2022-04-22,1236.4,1.5,103.43,106.83
2022-04-23,1236.4,1.5,103.43,106.83
2022-04-24,1236.4,1.5,103.43,106.83
2022-04-25,1241.7,1.5,98.69,106.83
2022-04-26,1247.1,1.5,101.24,106.83
2022-04-27,1248.3,1.5,101.51,106.83
2022-04-28,1263.1,1.5,103.94,106.83
2022-04-29,1269.4,1.5,103.42,106.83
2022-04-30,1269.4,1.5,103.42,106.83
2022-05-01,1269.4,1.5,103.42,107.5
2022-05-02,1265.4,1.5,103.86,107.5
2022-05-03,1265.8,1.5,103.39,107.5
2022-05-04,1265.7,1.5,105.97,107.5
2022-05-05,1265.7,1.5,106.4,107.5
2022-05-06,1261.8,1.5,107.57,107.5
2022-05-07,1261.8,1.5,107.57,107.5
2022-05-08,1261.8,1.5,107.57,107.5
2022-05-09,1272.7,1.5,102.79,107.5
2022-05-10,1274.6,1.5,100.43,107.5
2022-05-11,1275.5,1.5,104.56,107.5
2022-05-12,1277.0,1.5,104.66,107.5
2022-05-13,1286.4,1.5,107.23,107.5
2022-05-14,1286.4,1.5,107.23,107.5
2022-05-15,1286.4,1.5,107.23,107.5
2022-05-16,1286.0,1.5,108.4,107.5
2022-05-17,1281.6,1.5,106.88,107.5
2022-05-18,1277.2,1.5,105.53,107.5
2022-05-19,1269.3,1.5,106.99,107.5
2022-05-20,1274.6,1.5,107.21,107.5
2022-05-21,1274.6,1.5,107.21,107.5
2022-05-22,1274.6,1.5,107.21,107.5
2022-05-23,1269.5,1.5,107.32,107.5
2022-05-24,1267.7,1.5,106.31,107.5
2022-05-25,1264.3,1.5,106.92,107.5
2022-05-26,1263.3,1.75,109.78,107.5
2022-05-27,1266.4,1.75,110.86,107.5
2022-05-28,1266.4,1.75,110.86,107.5
2022-05-29,1266.4,1.75,110.86,107.5
2022-05-30,1256.9,1.75,110.86,107.5
2022-05-31,1245.8,1.75,110.58,107.5
2022-06-01,1245.8,1.75,110.91,108.21
2022-06-02,1238.4,1.75,112.02,108.21
2022-06-03,1251.2,1.75,113.83,108.21
2022-06-04,1251.2,1.75,113.83,108.21
2022-06-05,1251.2,1.75,113.83,108.21
2022-06-06,1251.2,1.75,114.01,108.21
2022-06-07,1241.1,1.75,115.29,108.21
2022-06-08,1257.1,1.75,117.5,108.21
2022-06-09,1255.4,1.75,117.09,108.21
2022-06-10,1257.6,1.75,116.67,108.21
2022-06-11,1257.6,1.75,116.67,108.21
2022-06-12,1257.6,1.75,116.67,108.21
2022-06-13,1266.0,1.75,116.64,108.21
2022-06-14,1286.0,1.75,115.71,108.21
2022-06-15,1289.7,1.75,114.35,108.21
2022-06-16,1291.3,1.75,115.34,108.21
2022-06-17,1284.1,1.75,112.72,108.21
2022-06-18,1284.1,1.75,112.72,108.21
2022-06-19,1284.1,1.75,112.72,108.21
2022-06-20,1287.5,1.75,112.72,108.21
2022-06-21,1291.7,1.75,113.34,108.21
2022-06-22,1290.6,1.75,112.34,108.21
2022-06-23,1295.7,1.75,102.17,108.21
2022-06-24,1300.7,1.75,104.64,108.21
2022-06-25,1300.7,1.75,104.64,108.21
2022-06-26,1300.7,1.75,104.64,108.21
2022-06-27,1299.4,1.75,106.83,108.21
2022-06-28,1285.6,1.75,109.64,108.21
2022-06-29,1284.9,1.75,108.17,108.21
2022-06-30,1292.9,1.75,104.83,108.21
2022-07-01,1299.8,1.75,107.89,108.73
2022-07-02,1299.8,1.75,107.89,108.73
2022-07-03,1299.8,1.75,107.89,108.73
2022-07-04,1294.2,1.75,107.89,108.73
2022-07-05,1297.9,1.75,100.73,108.73
2022-07-06,1298.0,1.75,98.98,108.73
2022-07-07,1307.4,1.75,102.02,108.73
2022-07-08,1302.7,1.75,104.22,108.73
2022-07-09,1302.7,1.75,104.22,108.73
2022-07-10,1302.7,1.75,104.22,108.73
2022-07-11,1299.3,1.75,104.28,108.73
2022-07-12,1300.6,1.75,99.14,108.73
2022-07-13,1312.9,2.25,100.0,108.73
2022-07-14,1305.9,2.25,99.7,108.73
2022-07-15,1310.0,2.25,101.03,108.73
2022-07-16,1310.0,2.25,101.03,108.73
2022-07-17,1310.0,2.25,101.03,108.73
2022-07-18,1323.7,2.25,103.58,108.73
2022-07-19,1317.8,2.25,103.78,108.73
2022-07-20,1314.9,2.25,103.54,108.73
2022-07-21,1308.6,2.25,102.55,108.73
2022-07-22,1312.1,2.25,102.32,108.73
2022-07-23,1312.1,2.25,102.32,108.73
2022-07-24,1312.1,2.25,102.32,108.73
2022-07-25,1311.7,2.25,98.13,108.73
2022-07-26,1311.0,2.25,97.48,108.73
2022-07-27,1310.0,2.25,99.27,108.73
2022-07-28,1312.8,2.25,99.7,108.73
2022-07-29,1304.0,2.25,101.52,108.73
2022-07-30,1304.0,2.25,101.52,108.73
2022-07-31,1304.0,2.25,101.52,108.73
2022-08-01,1298.6,2.25,97.87,108.63
2022-08-02,1306.4,2.25,99.4,108.63
2022-08-03,1307.2,2.25,95.97,108.63
2022-08-04,1310.5,2.25,94.08,108.63
2022-08-05,1309.7,2.25,94.41,108.63
2022-08-06,1309.7,2.25,94.41,108.63
2022-08-07,1309.7,2.25,94.41,108.63
2022-08-08,1299.3,2.25,96.04,108.63
2022-08-09,1304.8,2.25,95.97,108.63
2022-08-10,1305.1,2.25,96.87,108.63
2022-08-11,1309.1,2.25,98.18,108.63
2022-08-12,1302.5,2.25,96.48,108.63
2022-08-13,1302.5,2.25,96.48,108.63
2022-08-14,1302.5,2.25,96.48,108.63
2022-08-15,1302.5,2.25,94.97,108.63
2022-08-16,1303.1,2.25,93.46,108.63
2022-08-17,1309.6,2.25,94.04,108.63
2022-08-18,1309.8,2.25,95.18,108.63
2022-08-19,1317.3,2.25,95.39,108.63
2022-08-20,1317.3,2.25,95.39,108.63
2022-08-21,1317.3,2.25,95.39,108.63
2022-08-22,1326.7,2.25,95.39,108.63
2022-08-23,1338.2,2.25,96.41,108.63
2022-08-24,1341.8,2.25,98.39,108.63
2022-08-25,1341.4,2.5,96.74,108.63
2022-08-26,1336.9,2.5,97.95,108.63
2022-08-27,1336.9,2.5,97.95,108.63
2022-08-28,1336.9,2.5,97.95,108.63
2022-08-29,1332.5,2.5,101.86,108.63
2022-08-30,1347.7,2.5,96.48,108.63
2022-08-31,1347.5,2.5,94.77,108.63
2022-09-01,1345.1,2.5,92.08,108.82
2022-09-02,1351.4,2.5,92.6,108.82
2022-09-03,1351.4,2.5,92.6,108.82
2022-09-04,1351.4,2.5,92.6,108.82
2022-09-05,1356.5,2.5,92.6,108.82
2022-09-06,1369.7,2.5,93.13,108.82
2022-09-07,1370.3,2.5,89.36,108.82
2022-09-08,1385.3,2.5,90.17,108.82
2022-09-09,1385.3,2.5,92.78,108.82
2022-09-10,1385.3,2.5,92.78,108.82
2022-09-11,1385.3,2.5,92.78,108.82
2022-09-12,1385.3,2.5,93.36,108.82
2022-09-13,1381.2,2.5,92.51,108.82
2022-09-14,1374.8,2.5,93.35,108.82
2022-09-15,1391.7,2.5,91.98,108.82
2022-09-16,1394.2,2.5,92.26,108.82
2022-09-17,1394.2,2.5,92.26,108.82
2022-09-18,1394.2,2.5,92.26,108.82
2022-09-19,1394.2,2.5,92.46,108.82
2022-09-20,1390.1,2.5,91.9,108.82
2022-09-21,1389.1,2.5,91.81,108.82
2022-09-22,1393.6,2.5,92.18,108.82
2022-09-23,1408.0,2.5,84.17,108.82
2022-09-24,1408.0,2.5,84.17,108.82
2022-09-25,1408.0,2.5,84.17,108.82
2022-09-26,1408.4,2.5,81.93,108.82
2022-09-27,1429.7,2.5,83.63,108.82
2022-09-28,1427.2,2.5,86.7,108.82
2022-09-29,1436.5,2.5,86.16,108.82
2022-09-30,1434.8,2.5,84.28,108.82
2022-10-01,1434.8,2.5,84.28,109.16
2022-10-02,1434.8,2.5,84.28,109.16
2022-10-03,1434.8,2.5,88.03,109.16
2022-10-04,1432.1,2.5,90.9,109.16
2022-10-05,1431.2,2.5,92.12,109.16
2022-10-06,1419.1,2.5,92.98,109.16
2022-10-07,1404.2,2.5,95.8,109.16
2022-10-08,1404.2,2.5,95.8,109.16
2022-10-09,1404.2,2.5,95.8,109.16
2022-10-10,1404.2,2.5,94.42,109.16
2022-10-11,1410.3,2.5,92.93,109.16
2022-10-12,1433.5,3.0,91.58,109.16
2022-10-13,1430.4,3.0,92.42,109.16
2022-10-14,1427.0,3.0,90.78,109.16
2022-10-15,1427.0,3.0,90.78,109.16
2022-10-16,1427.0,3.0,90.78,109.16
2022-10-17,1428.9,3.0,90.71,109.16
2022-10-18,1436.6,3.0,89.92,109.16
2022-10-19,1425.6,3.0,90.53,109.16
2022-10-20,1420.6,3.0,90.54,109.16
2022-10-21,1431.7,3.0,90.95,109.16
2022-10-22,1431.7,3.0,90.95,109.16
2022-10-23,1431.7,3.0,90.95,109.16
2022-10-24,1436.6,3.0,88.53,109.16
2022-10-25,1436.6,3.0,88.88,109.16
2022-10-26,1436.5,3.0,90.92,109.16
2022-10-27,1428.2,3.0,91.96,109.16
2022-10-28,1418.1,3.0,90.23,109.16
2022-10-29,1418.1,3.0,90.23,109.16
2022-10-30,1418.1,3.0,90.23,109.16
2022-10-31,1419.3,3.0,89.43,109.16
2022-11-01,1422.2,3.0,91.22,109.07
2022-11-02,1421.7,3.0,91.87,109.07
2022-11-03,1418.0,3.0,89.5,109.07
2022-11-04,1422.1,3.0,93.63,109.07
2022-11-05,1422.1,3.0,93.63,109.07
2022-11-06,1422.1,3.0,93.63,109.07
2022-11-07,1422.4,3.0,92.69,109.07
2022-11-08,1406.5,3.0,90.62,109.07
2022-11-09,1387.3,3.0,88.8,109.07
2022-11-10,1368.3,3.0,89.36,109.07
2022-11-11,1370.1,3.0,91.11,109.07
2022-11-12,1370.1,3.0,91.11,109.07
2022-11-13,1370.1,3.0,91.11,109.07
2022-11-14,1334.1,3.0,89.5,109.07
2022-11-15,1320.3,3.0,89.44,109.07
2022-11-16,1322.4,3.0,88.94,109.07
2022-11-17,1325.6,3.0,87.59,109.07
2022-11-18,1338.4,3.0,86.86,109.07
2022-11-19,1338.4,3.0,86.86,109.07
2022-11-20,1338.4,3.0,86.86,109.07
2022-11-21,1340.0,3.0,86.62,109.07
2022-11-22,1352.3,3.0,86.6,109.07
2022-11-23,1355.7,3.0,77.62,109.07
2022-11-24,1352.3,3.25,77.62,109.07
2022-11-25,1333.2,3.25,76.19,109.07
2022-11-26,1333.2,3.25,76.19,109.07
2022-11-27,1333.2,3.25,76.19,109.07
2022-11-28,1326.8,3.25,76.93,109.07
2022-11-29,1339.0,3.25,77.21,109.07
2022-11-30,1331.5,3.25,80.47,109.07
2022-12-01,1320.1,3.25,80.94,109.26
2022-12-02,1300.8,3.25,80.1,109.26
2022-12-03,1300.8,3.25,80.1,109.26
2022-12-04,1300.8,3.25,80.1,109.26
2022-12-05,1300.4,3.25,77.52,109.26
2022-12-06,1293.2,3.25,75.12,109.26
2022-12-07,1309.0,3.25,73.88,109.26
2022-12-08,1319.5,3.25,73.45,109.26
2022-12-09,1320.4,3.25,73.71,109.26
2022-12-10,1320.4,3.25,73.71,109.26
2022-12-11,1320.4,3.25,73.71,109.26
2022-12-12,1306.6,3.25,75.13,109.26
2022-12-13,1310.0,3.25,76.62,109.26
2022-12-14,1304.4,3.25,77.67,109.26
2022-12-15,1296.0,3.25,76.9,109.26
2022-12-16,1301.0,3.25,75.89,109.26
2022-12-17,1301.0,3.25,75.89,109.26
2022-12-18,1301.0,3.25,75.89,109.26
2022-12-19,1310.1,3.25,76.31,109.26
2022-12-20,1302.0,3.25,76.4,109.26
2022-12-21,1298.0,3.25,77.1,109.26
2022-12-22,1286.6,3.25,76.87,109.26
2022-12-23,1276.1,3.25,80.11,109.26
2022-12-24,1276.1,3.25,80.11,109.26
2022-12-25,1276.1,3.25,80.11,109.26
2022-12-26,1282.2,3.25,80.11,109.26
2022-12-27,1276.4,3.25,80.29,109.26
2022-12-28,1268.3,3.25,79.45,109.26
2022-12-29,1268.4,3.25,78.68,109.26
2022-12-30,1267.3,3.25,81.06,109.26
2022-12-31,1267.3,3.25,81.06,109.26
2023-01-01,1267.3,3.25,81.06,110.07
2023-01-02,1267.3,3.25,81.06,110.07
2023-01-03,1268.9,3.25,77.91,110.07
2023-01-04,1272.1,3.25,74.69,110.07
2023-01-05,1274.7,3.25,75.46,110.07
2023-01-06,1270.3,3.25,75.4,110.07
2023-01-07,1270.3,3.25,75.4,110.07
2023-01-08,1270.3,3.25,75.4,110.07
2023-01-09,1267.2,3.25,76.43,110.07
2023-01-10,1246.8,3.25,77.06,110.07
2023-01-11,1240.8,3.25,78.68,110.07
2023-01-12,1245.3,3.25,79.39,110.07
2023-01-13,1244.6,3.5,80.02,110.07
2023-01-14,1244.6,3.5,80.02,110.07
2023-01-15,1244.6,3.5,80.02,110.07
2023-01-16,1240.6,3.5,80.02,110.07
2023-01-17,1234.0,3.5,80.66,110.07
2023-01-18,1238.5,3.5,80.19,110.07
2023-01-19,1239.8,3.5,80.49,110.07
2023-01-20,1236.0,3.5,81.0,110.07
2023-01-21,1236.0,3.5,81.0,110.07
2023-01-22,1236.0,3.5,81.0,110.07
2023-01-23,1236.0,3.5,81.07,110.07
2023-01-24,1236.0,3.5,83.12,110.07
2023-01-25,1234.4,3.5,83.02,110.07
2023-01-26,1233.4,3.5,84.02,110.07
2023-01-27,1231.4,3.5,83.16,110.07
2023-01-28,1231.4,3.5,83.16,110.07
2023-01-29,1231.4,3.5,83.16,110.07
2023-01-30,1230.2,3.5,81.16,110.07
2023-01-31,1228.7,3.5,82.35,110.07
2023-02-01,1230.8,3.5,80.32,110.33
2023-02-02,1231.4,3.5,80.07,110.33
2023-02-03,1219.3,3.5,78.1,110.33
2023-02-04,1219.3,3.5,78.1,110.33
2023-02-05,1219.3,3.5,78.1,110.33
2023-02-06,1227.2,3.5,78.97,110.33
2023-02-07,1247.5,3.5,81.19,110.33
2023-02-08,1256.0,3.5,82.17,110.33
2023-02-09,1257.1,3.5,81.86,110.33
2023-02-10,1263.1,3.5,83.15,110.33
2023-02-11,1263.1,3.5,83.15,110.33
2023-02-12,1263.1,3.5,83.15,110.33
2023-02-13,1264.3,3.5,83.52,110.33
2023-02-14,1274.6,3.5,83.05,110.33
2023-02-15,1269.9,3.5,82.95,110.33
2023-02-16,1279.3,3.5,82.83,110.33
2023-02-17,1283.7,3.5,82.07,110.33
2023-02-18,1283.7,3.5,82.07,110.33
2023-02-19,1283.7,3.5,82.07,110.33
2023-02-20,1297.7,3.5,82.07,110.33
2023-02-21,1295.8,3.5,80.49,110.33
2023-02-22,1295.8,3.5,78.38,110.33
2023-02-23,1303.8,3.5,80.06,110.33
2023-02-24,1299.6,3.5,81.2,110.33
2023-02-25,1299.6,3.5,81.2,110.33
2023-02-26,1299.6,3.5,81.2,110.33
2023-02-27,1300.5,3.5,80.26,110.33
2023-02-28,1317.4,3.5,81.43,110.33
2023-03-01,1317.4,3.5,82.34,110.52
2023-03-02,1319.2,3.5,83.06,110.52
2023-03-03,1310.4,3.5,84.31,110.52
2023-03-04,1310.4,3.5,84.31,110.52
2023-03-05,1310.4,3.5,84.31,110.52
2023-03-06,1304.8,3.5,84.4,110.52
2023-03-07,1296.7,3.5,82.07,110.52
2023-03-08,1299.1,3.5,81.97,110.52
2023-03-09,1319.5,3.5,81.24,110.52
2023-03-10,1319.7,3.5,82.16,110.52
2023-03-11,1319.7,3.5,82.16,110.52
2023-03-12,1319.7,3.5,82.16,110.52
2023-03-13,1325.7,3.5,81.01,110.52
2023-03-14,1307.3,3.5,79.2,110.52
2023-03-15,1304.9,3.5,77.25,110.52
2023-03-16,1302.0,3.5,77.85,110.52
2023-03-17,1312.1,3.5,77.14,110.52
2023-03-18,1312.1,3.5,77.14,110.52
2023-03-19,1312.1,3.5,77.14,110.52
2023-03-20,1303.6,3.5,77.37,110.52
2023-03-21,1308.4,3.5,77.97,110.52
2023-03-22,1307.8,3.5,78.35,110.52
2023-03-23,1307.1,3.5,78.13,110.52
2023-03-24,1287.2,3.5,74.1,110.52
2023-03-25,1287.2,3.5,74.1,110.52
2023-03-26,1287.2,3.5,74.1,110.52
2023-03-27,1289.7,3.5,77.14,110.52
2023-03-28,1300.3,3.5,77.31,110.52
2023-03-29,1297.4,3.5,76.77,110.52
2023-03-30,1299.3,3.5,77.77,110.52
2023-03-31,1303.8,3.5,79.39,110.52
2023-04-01,1303.8,3.5,79.39,110.77
2023-04-02,1303.8,3.5,79.39,110.77
2023-04-03,1295.4,3.5,84.69,110.77
2023-04-04,1316.3,3.5,84.47,110.77
2023-04-05,1310.3,3.5,84.59,110.77
2023-04-06,1311.9,3.5,84.99,110.77
2023-04-07,1318.7,3.5,84.99,110.77
2023-04-08,1318.7,3.5,84.99,110.77
2023-04-09,1318.7,3.5,84.99,110.77
2023-04-10,1318.9,3.5,84.28,110.77
2023-04-11,1320.0,3.5,85.19,110.77
2023-04-12,1319.5,3.5,86.35,110.77
2023-04-13,1324.2,3.5,85.61,110.77
2023-04-14,1318.0,3.5,85.64,110.77
2023-04-15,1318.0,3.5,85.64,110.77
2023-04-16,1318.0,3.5,85.64,110.77
2023-04-17,1299.3,3.5,84.95,110.77
2023-04-18,1311.3,3.5,85.0,110.77
2023-04-19,1318.8,3.5,84.36,110.77
2023-04-20,1318.8,3.5,83.55,110.77
2023-04-21,1327.6,3.5,80.82,110.77
2023-04-22,1327.6,3.5,80.82,110.77
2023-04-23,1327.6,3.5,80.82,110.77
2023-04-24,1327.9,3.5,81.81,110.77
2023-04-25,1332.7,3.5,79.95,110.77
2023-04-26,1333.3,3.5,76.75,110.77
2023-04-27,1337.3,3.5,77.48,110.77
2023-04-28,1339.9,3.5,80.26,110.77
2023-04-29,1339.9,3.5,80.26,110.77
2023-04-30,1339.9,3.5,80.26,110.77
2023-05-01,1339.9,3.5,79.24,111.13
2023-05-02,1339.1,3.5,75.01,111.13
2023-05-03,1340.2,3.5,72.28,111.13
2023-05-04,1339.1,3.5,72.5,111.13
2023-05-05,1339.1,3.5,74.88,111.13
2023-05-06,1339.1,3.5,74.88,111.13
2023-05-07,1339.1,3.5,74.88,111.13
2023-05-08,1325.6,3.5,76.25,111.13
2023-05-09,1322.7,3.5,76.55,111.13
2023-05-10,1323.0,3.5,75.64,111.13
2023-05-11,1324.2,3.5,74.74,111.13
2023-05-12,1320.3,3.5,74.01,111.13
2023-05-13,1320.3,3.5,74.01,111.13
2023-05-14,1320.3,3.5,74.01,111.13
2023-05-15,1333.6,3.5,74.54,111.13
2023-05-16,1337.8,3.5,74.42,111.13
2023-05-17,1336.0,3.5,75.18,111.13
2023-05-18,1339.4,3.5,74.76,111.13
2023-05-19,1332.7,3.5,74.61,111.13
2023-05-20,1332.7,3.5,74.61,111.13
2023-05-21,1332.7,3.5,74.61,111.13
2023-05-22,1331.2,3.5,74.77,111.13
2023-05-23,1319.1,3.5,74.99,111.13
2023-05-24,1311.4,3.5,76.78,111.13
2023-05-25,1317.5,3.5,74.66,111.13
2023-05-26,1323.4,3.5,75.51,111.13
2023-05-27,1323.4,3.5,75.51,111.13
2023-05-28,1323.4,3.5,75.51,111.13
2023-05-29,1323.4,3.5,75.51,111.13
2023-05-30,1325.6,3.5,72.08,111.13
2023-05-31,1322.2,3.5,70.94,111.13
2023-06-01,1321.6,3.5,72.75,111.16
2023-06-02,1320.7,3.5,74.41,111.16
2023-06-03,1320.7,3.5,74.41,111.16
2023-06-04,1320.7,3.5,74.41,111.16
2023-06-05,1308.8,3.5,75.14,111.16
2023-06-06,1308.8,3.5,75.5,111.16
2023-06-07,1308.3,3.5,75.83,111.16
2023-06-08,1300.5,3.5,75.2,111.16
2023-06-09,1306.1,3.5,74.38,111.16
2023-06-10,1306.1,3.5,74.38,111.16
2023-06-11,1306.1,3.5,74.38,111.16
2023-06-12,1294.9,3.5,72.41,111.16
2023-06-13,1291.1,3.5,73.89,111.16
2023-06-14,1277.5,3.5,73.42,111.16
2023-06-15,1275.9,3.5,74.69,111.16
2023-06-16,1280.1,3.5,75.2,111.16
2023-06-17,1280.1,3.5,75.2,111.16
2023-06-18,1280.1,3.5,75.2,111.16
2023-06-19,1273.5,3.5,75.2,111.16
2023-06-20,1280.7,3.5,75.1,111.16
2023-06-21,1282.2,3.5,75.7,111.16
2023-06-22,1291.5,3.5,74.91,111.16
2023-06-23,1291.4,3.5,74.88,111.16
2023-06-24,1291.4,3.5,74.88,111.16
2023-06-25,1291.4,3.5,74.88,111.16
2023-06-26,1302.2,3.5,74.14,111.16
2023-06-27,1303.8,3.5,72.46,111.16
2023-06-28,1303.1,3.5,74.55,111.16
2023-06-29,1304.3,3.5,74.59,111.16
2023-06-30,1312.8,3.5,75.55,111.16
2023-07-01,1312.8,3.5,75.55,111.29
2023-07-02,1312.8,3.5,75.55,111.29
2023-07-03,1319.4,3.5,74.91,111.29
2023-07-04,1310.0,3.5,74.91,111.29
2023-07-05,1301.7,3.5,76.42,111.29
2023-07-06,1300.8,3.5,76.54,111.29
2023-07-07,1303.8,3.5,78.24,111.29
2023-07-08,1303.8,3.5,78.24,111.29
2023-07-09,1303.8,3.5,78.24,111.29
2023-07-10,1307.3,3.5,77.62,111.29
2023-07-11,1303.8,3.5,78.8,111.29
2023-07-12,1295.0,3.5,79.08,111.29
2023-07-13,1291.4,3.5,79.89,111.29
2023-07-14,1276.2,3.5,79.31,111.29
2023-07-15,1276.2,3.5,79.31,111.29
2023-07-16,1276.2,3.5,79.31,111.29
2023-07-17,1265.8,3.5,78.83,111.29
2023-07-18,1266.1,3.5,79.33,111.29
2023-07-19,1261.6,3.5,79.3,111.29
2023-07-20,1265.4,3.5,79.41,111.29
2023-07-21,1265.8,3.5,79.9,111.29
2023-07-22,1265.8,3.5,79.9,111.29
2023-07-23,1265.8,3.5,79.9,111.29
2023-07-24,1281.7,3.5,83.19,111.29
2023-07-25,1283.8,3.5,84.09,111.29
2023-07-26,1280.7,3.5,83.12,111.29
2023-07-27,1278.7,3.5,84.23,111.29
2023-07-28,1273.4,3.5,85.0,111.29
2023-07-29,1273.4,3.5,85.0,111.29
2023-07-30,1273.4,3.5,85.0,111.29
2023-07-31,1280.0,3.5,85.81,111.29
2023-08-01,1273.8,3.5,85.58,112.28
2023-08-02,1280.7,3.5,84.32,112.28
2023-08-03,1293.0,3.5,86.19,112.28
2023-08-04,1298.8,3.5,87.23,112.28
2023-08-05,1298.8,3.5,87.23,112.28
2023-08-06,1298.8,3.5,87.23,112.28
2023-08-07,1303.9,3.5,86.75,112.28
2023-08-08,1304.1,3.5,87.47,112.28
2023-08-09,1312.6,3.5,88.17,112.28
2023-08-10,1318.3,3.5,87.32,112.28
2023-08-11,1317.3,3.5,87.63,112.28
2023-08-12,1317.3,3.5,87.63,112.28
2023-08-13,1317.3,3.5,87.63,112.28
2023-08-14,1321.1,3.5,87.2,112.28
2023-08-15,1321.1,3.5,86.39,112.28
2023-08-16,1331.3,3.5,85.68,112.28
2023-08-17,1338.3,3.5,86.0,112.28
2023-08-18,1341.6,3.5,86.44,112.28
2023-08-19,1341.6,3.5,86.44,112.28
2023-08-20,1341.6,3.5,86.44,112.28
2023-08-21,1336.9,3.5,86.36,112.28
2023-08-22,1341.5,3.5,86.28,112.28
2023-08-23,1338.7,3.5,86.09,112.28
2023-08-24,1338.0,3.5,84.27,112.28
2023-08-25,1324.0,3.5,85.35,112.28
2023-08-26,1324.0,3.5,85.35,112.28
2023-08-27,1324.0,3.5,85.35,112.28
2023-08-28,1326.6,3.5,85.27,112.28
2023-08-29,1322.5,3.5,85.98,112.28
2023-08-30,1322.0,3.5,86.16,112.28
2023-08-31,1321.4,3.5,88.06,112.28
2023-09-01,1322.3,3.5,89.68,112.85
2023-09-02,1322.3,3.5,89.68,112.85
2023-09-03,1322.3,3.5,89.68,112.85
2023-09-04,1319.2,3.5,89.68,112.85
2023-09-05,1319.3,3.5,90.8,112.85
2023-09-06,1324.3,3.5,91.69,112.85
2023-09-07,1332.6,3.5,90.86,112.85
2023-09-08,1334.7,3.5,91.37,112.85
2023-09-09,1334.7,3.5,91.37,112.85
2023-09-10,1334.7,3.5,91.37,112.85
2023-09-11,1333.4,3.5,91.38,112.85
2023-09-12,1332.4,3.5,92.34,112.85
2023-09-13,1326.1,3.5,92.18,112.85
2023-09-14,1327.8,3.5,93.45,112.85
2023-09-15,1326.1,3.5,93.56,112.85
2023-09-16,1326.1,3.5,93.56,112.85
2023-09-17,1326.1,3.5,93.56,112.85
2023-09-18,1327.6,3.5,93.64,112.85
2023-09-19,1326.0,3.5,93.15,112.85
2023-09-20,1323.7,3.5,93.14,112.85
2023-09-21,1329.3,3.5,93.04,112.85
2023-09-22,1339.1,3.5,93.05,112.85
2023-09-23,1339.1,3.5,93.05,112.85
2023-09-24,1339.1,3.5,93.05,112.85
2023-09-25,1337.6,3.5,92.28,112.85
2023-09-26,1333.7,3.5,93.08,112.85
2023-09-27,1344.8,3.5,94.98,112.85
2023-09-28,1344.8,3.5,93.28,112.85
2023-09-29,1344.8,3.5,92.51,112.85
2023-09-30,1344.8,3.5,92.51,112.85
2023-10-01,1344.8,3.5,92.51,113.27
2023-10-02,1344.8,3.5,91.33,113.27
2023-10-03,1344.8,3.5,91.43,113.27
2023-10-04,1351.3,3.5,86.93,113.27
2023-10-05,1360.6,3.5,85.5,113.27
2023-10-06,1349.4,3.5,85.88,113.27
2023-10-07,1349.4,3.5,85.88,113.27
2023-10-08,1349.4,3.5,85.88,113.27
2023-10-09,1349.4,3.5,88.53,113.27
2023-10-10,1348.3,3.5,88.22,113.27
2023-10-11,1348.3,3.5,87.21,113.27
2023-10-12,1339.6,3.5,87.37,113.27
2023-10-13,1339.9,3.5,90.12,113.27
2023-10-14,1339.9,3.5,90.12,113.27
2023-10-15,1339.9,3.5,90.12,113.27
2023-10-16,1349.4,3.5,89.61,113.27
2023-10-17,1353.8,3.5,89.84,113.27
2023-10-18,1351.9,3.5,90.53,113.27
2023-10-19,1351.7,3.5,90.83,113.27
2023-10-20,1357.6,3.5,90.66,113.27
2023-10-21,1357.6,3.5,90.66,113.27
2023-10-22,1357.6,3.5,90.66,113.27
2023-10-23,1355.1,3.5,90.08,113.27
2023-10-24,1353.2,3.5,87.93,113.27
2023-10-25,1343.9,3.5,89.97,113.27
2023-10-26,1347.0,3.5,87.7,113.27
2023-10-27,1357.1,3.5,89.46,113.27
2023-10-28,1357.1,3.5,89.46,113.27
2023-10-29,1357.1,3.5,89.46,113.27
2023-10-30,1352.3,3.5,86.64,113.27
2023-10-31,1352.8,3.5,85.38,113.27
2023-11-01,1349.6,3.5,85.24,112.68
2023-11-02,1356.9,3.5,87.65,112.68
2023-11-03,1343.2,3.5,85.93,112.68
2023-11-04,1343.2,3.5,85.93,112.68
2023-11-05,1343.2,3.5,85.93,112.68
2023-11-06,1325.8,3.5,86.33,112.68
2023-11-07,1303.2,3.5,83.58,112.68
2023-11-08,1306.1,3.5,82.2,112.68
2023-11-09,1305.5,3.5,82.44,112.68
2023-11-10,1309.0,3.5,83.35,112.68
2023-11-11,1309.0,3.5,83.35,112.68
2023-11-12,1309.0,3.5,83.35,112.68
2023-11-13,1316.7,3.5,83.86,112.68
2023-11-14,1322.7,3.5,83.82,112.68
2023-11-15,1325.3,3.5,83.21,112.68
2023-11-16,1302.0,3.5,81.52,112.68
2023-11-17,1303.9,3.5,83.08,112.68
2023-11-18,1303.9,3.5,83.08,112.68
2023-11-19,1303.9,3.5,83.08,112.68
2023-11-20,1294.4,3.5,83.78,112.68
2023-11-21,1292.4,3.5,83.92,112.68
2023-11-22,1287.7,3.5,83.76,112.68
2023-11-23,1295.7,3.5,83.76,112.68
2023-11-24,1298.7,3.5,81.16,112.68
2023-11-25,1298.7,3.5,81.16,112.68
2023-11-26,1298.7,3.5,81.16,112.68
2023-11-27,1302.1,3.5,80.69,112.68
2023-11-28,1304.7,3.5,82.19,112.68
2023-11-29,1294.0,3.5,83.25,112.68
2023-11-30,1289.0,3.5,81.32,112.68
2023-12-01,1290.4,3.5,79.44,112.73
2023-12-02,1290.4,3.5,79.44,112.73
2023-12-03,1290.4,3.5,79.44,112.73
2023-12-04,1303.2,3.5,78.19,112.73
2023-12-05,1301.8,3.5,77.48,112.73
2023-12-06,1311.7,3.5,75.3,112.73
2023-12-07,1312.4,3.5,75.27,112.73
2023-12-08,1322.7,3.5,76.51,112.73
2023-12-09,1322.7,3.5,76.51,112.73
2023-12-10,1322.7,3.5,76.51,112.73
2023-12-11,1307.9,3.5,76.77,112.73
2023-12-12,1318.3,3.5,74.98,112.73
2023-12-13,1315.7,3.5,74.87,112.73
2023-12-14,1316.5,3.5,76.3,112.73
2023-12-15,1295.6,3.5,76.34,112.73
2023-12-16,1295.6,3.5,76.34,112.73
2023-12-17,1295.6,3.5,76.34,112.73
2023-12-18,1294.7,3.5,76.72,112.73
2023-12-19,1298.7,3.5,77.19,112.73
2023-12-20,1304.7,3.5,77.36,112.73
2023-12-21,1300.2,3.5,77.27,112.73
2023-12-22,1303.8,3.5,77.29,112.73
2023-12-23,1303.8,3.5,77.29,112.73
2023-12-24,1303.8,3.5,77.29,112.73
2023-12-25,1303.8,3.5,77.29,112.73
2023-12-26,1300.7,3.5,80.8,112.73
2023-12-27,1296.8,3.5,79.31,112.73
2023-12-28,1294.4,3.5,76.8,112.73
2023-12-29,1289.4,3.5,76.86,112.73
2023-12-30,1289.4,3.5,76.86,112.73
2023-12-31,1289.4,3.5,76.86,112.73
2024-01-01,1289.4,3.5,76.86,113.17
2024-01-02,1289.4,3.5,75.97,113.17
2024-01-03,1299.3,3.5,78.2,113.17
2024-01-04,1308.8,3.5,77.14,113.17
2024-01-05,1310.2,3.5,78.29,113.17
2024-01-06,1310.2,3.5,78.29,113.17
2024-01-07,1310.2,3.5,78.29,113.17
2024-01-08,1313.7,3.5,76.16,113.17
2024-01-09,1314.8,3.5,77.41,113.17
2024-01-10,1312.1,3.5,77.04,113.17
2024-01-11,1320.1,3.5,77.48,113.17
2024-01-12,1316.0,3.5,77.88,113.17
2024-01-13,1316.0,3.5,77.88,113.17
2024-01-14,1316.0,3.5,77.88,113.17
2024-01-15,1314.1,3.5,77.88,113.17
2024-01-16,1319.3,3.5,77.7,113.17
2024-01-17,1329.0,3.5,77.45,113.17
2024-01-18,1343.2,3.5,77.99,113.17
2024-01-19,1342.4,3.5,77.77,113.17
2024-01-20,1342.4,3.5,77.77,113.17
2024-01-21,1342.4,3.5,77.77,113.17
2024-01-22,1336.5,3.5,78.3,113.17
2024-01-23,1334.7,3.5,78.18,113.17
2024-01-24,1336.0,3.5,79.06,113.17
2024-01-25,1339.1,3.5,81.48,113.17
2024-01-26,1335.7,3.5,82.25,113.17
2024-01-27,1335.7,3.5,82.25,113.17
2024-01-28,1335.7,3.5,82.25,113.17
2024-01-29,1336.6,3.5,81.0,113.17
2024-01-30,1336.9,3.5,81.87,113.17
2024-01-31,1330.6,3.5,79.97,113.17
2024-02-01,1333.5,3.5,78.57,113.78
2024-02-02,1332.5,3.5,77.36,113.78
2024-02-03,1332.5,3.5,77.36,113.78
2024-02-04,1332.5,3.5,77.36,113.78
2024-02-05,1325.1,3.5,78.08,113.78
2024-02-06,1334.6,3.5,78.34,113.78
2024-02-07,1329.6,3.5,78.85,113.78
2024-02-08,1325.3,3.5,80.56,113.78
2024-02-09,1325.3,3.5,80.66,113.78
2024-02-10,1325.3,3.5,80.66,113.78
2024-02-11,1325.3,3.5,80.66,113.78
2024-02-12,1325.3,3.5,80.59,113.78
2024-02-13,1327.2,3.5,81.1,113.78
2024-02-14,1328.4,3.5,80.41,113.78
2024-02-15,1336.9,3.5,81.02,113.78
2024-02-16,1333.2,3.5,81.23,113.78
2024-02-17,1333.2,3.5,81.23,113.78
2024-02-18,1333.2,3.5,81.23,113.78
2024-02-19,1333.0,3.5,81.23,113.78
2024-02-20,1333.8,3.5,80.78,113.78
2024-02-21,1337.9,3.5,81.02,113.78
2024-02-22,1335.0,3.5,82.31,113.78
2024-02-23,1331.0,3.5,80.32,113.78
2024-02-24,1331.0,3.5,80.32,113.78
2024-02-25,1331.0,3.5,80.32,113.78
2024-02-26,1329.3,3.5,81.26,113.78
2024-02-27,1331.4,3.5,82.2,113.78
2024-02-28,1331.3,3.5,81.69,113.78
2024-02-29,1334.0,3.5,81.56,113.78
2024-03-01,1334.0,3.5,83.07,113.95
2024-03-02,1334.0,3.5,83.07,113.95
2024-03-03,1334.0,3.5,83.07,113.95
2024-03-04,1334.1,3.5,82.06,113.95
2024-03-05,1330.1,3.5,81.62,113.95
2024-03-06,1333.2,3.5,82.42,113.95
2024-03-07,1335.7,3.5,82.44,113.95
2024-03-08,1329.6,3.5,81.97,113.95
2024-03-09,1329.6,3.5,81.97,113.95
2024-03-10,1329.6,3.5,81.97,113.95
2024-03-11,1323.1,3.5,82.28,113.95
2024-03-12,1314.4,3.5,82.14,113.95
2024-03-13,1311.1,3.5,83.45,113.95
2024-03-14,1312.8,3.5,83.9,113.95
2024-03-15,1316.9,3.5,83.82,113.95
2024-03-16,1316.9,3.5,83.82,113.95
2024-03-17,1316.9,3.5,83.82,113.95
2024-03-18,1328.4,3.5,84.47,113.95
2024-03-19,1333.0,3.5,84.62,113.95
2024-03-20,1338.5,3.5,84.15,113.95
2024-03-21,1338.7,3.5,85.38,113.95
2024-03-22,1326.3,3.5,84.9,113.95
2024-03-23,1326.3,3.5,84.9,113.95
2024-03-24,1326.3,3.5,84.9,113.95
2024-03-25,1336.1,3.5,86.22,113.95
2024-03-26,1340.7,3.5,85.73,113.95
2024-03-27,1338.6,3.5,85.72,113.95
2024-03-28,1345.8,3.5,87.36,113.95
2024-03-29,1346.8,3.5,87.36,113.95
2024-03-30,1346.8,3.5,87.36,113.95
2024-03-31,1346.8,3.5,87.36,113.95
2024-04-01,1347.4,3.5,87.77,114.01
2024-04-02,1347.1,3.5,89.24,114.01
2024-04-03,1353.0,3.5,89.63,114.01
2024-04-04,1349.1,3.5,90.53,114.01
2024-04-05,1346.8,3.5,90.74,114.01
2024-04-06,1346.8,3.5,90.74,114.01
2024-04-07,1346.8,3.5,90.74,114.01
2024-04-08,1351.8,3.5,90.02,114.01
2024-04-09,1353.6,3.5,89.43,114.01
2024-04-10,1353.6,3.5,90.13,114.01
2024-04-11,1354.4,3.5,89.79,114.01
2024-04-12,1363.7,3.5,90.22,114.01
2024-04-13,1363.7,3.5,90.22,114.01
2024-04-14,1363.7,3.5,90.22,114.01
2024-04-15,1371.6,3.5,89.96,114.01
2024-04-16,1383.7,3.5,89.91,114.01
2024-04-17,1395.3,3.5,88.84,114.01
2024-04-18,1386.3,3.5,88.81,114.01
2024-04-19,1375.9,3.5,88.81,114.01
2024-04-20,1375.9,3.5,88.81,114.01
2024-04-21,1375.9,3.5,88.81,114.01
2024-04-22,1385.0,3.5,88.72,114.01
2024-04-23,1380.6,3.5,87.33,114.01
2024-04-24,1377.9,3.5,86.95,114.01
2024-04-25,1370.0,3.5,87.66,114.01
2024-04-26,1376.6,3.5,88.02,114.01
2024-04-27,1376.6,3.5,88.02,114.01
2024-04-28,1376.6,3.5,88.02,114.01
2024-04-29,1375.9,3.5,86.99,114.01
2024-04-30,1378.7,3.5,86.17,114.01
2024-05-01,1378.7,3.5,83.46,114.1
2024-05-02,1378.0,3.5,83.87,114.1
2024-05-03,1378.5,3.5,83.2,114.1
2024-05-04,1378.5,3.5,83.2,114.1
2024-05-05,1378.5,3.5,83.2,114.1
2024-05-06,1378.5,3.5,83.56,114.1
2024-05-07,1365.2,3.5,83.57,114.1
2024-05-08,1357.8,3.5,84.16,114.1
2024-05-09,1364.4,3.5,84.19,114.1
2024-05-10,1367.9,3.5,83.65,114.1
2024-05-11,1367.9,3.5,83.65,114.1
2024-05-12,1367.9,3.5,83.65,114.1
2024-05-13,1367.9,3.5,84.14,114.1
2024-05-14,1370.1,3.5,83.56,114.1
2024-05-15,1370.1,3.5,83.67,114.1
2024-05-16,1369.0,3.5,83.94,114.1
2024-05-17,1349.4,3.5,84.38,114.1
2024-05-18,1349.4,3.5,84.38,114.1
2024-05-19,1349.4,3.5,84.38,114.1
2024-05-20,1355.2,3.5,84.33,114.1
2024-05-21,1356.2,3.5,84.13,114.1
2024-05-22,1364.4,3.5,83.76,114.1
2024-05-23,1363.1,3.5,83.65,114.1
2024-05-24,1364.5,3.5,83.83,114.1
2024-05-25,1364.5,3.5,83.83,114.1
2024-05-26,1364.5,3.5,83.83,114.1
2024-05-27,1370.0,3.5,83.83,114.1
2024-05-28,1365.4,3.5,84.4,114.1
2024-05-29,1359.5,3.5,83.49,114.1
2024-05-30,1364.8,3.5,82.12,114.1
2024-05-31,1376.5,3.5,81.52,114.1
2024-06-01,1376.5,3.5,81.52,113.84
2024-06-02,1376.5,3.5,81.52,113.84
2024-06-03,1381.6,3.5,79.17,113.84
2024-06-04,1377.6,3.5,78.46,113.84
2024-06-05,1373.1,3.5,78.87,113.84
2024-06-06,1373.1,3.5,80.01,113.84
2024-06-07,1371.5,3.5,79.79,113.84
2024-06-08,1371.5,3.5,79.79,113.84
2024-06-09,1371.5,3.5,79.79,113.84
2024-06-10,1366.9,3.5,81.26,113.84
2024-06-11,1377.9,3.5,81.36,113.84
2024-06-12,1377.4,3.5,81.68,113.84
2024-06-13,1377.8,3.5,81.6,113.84
2024-06-14,1371.0,3.5,81.53,113.84
2024-06-15,1371.0,3.5,81.53,113.84
2024-06-16,1371.0,3.5,81.53,113.84
2024-06-17,1377.7,3.5,82.15,113.84
2024-06-18,1380.4,3.5,82.49,113.84
2024-06-19,1380.5,3.5,82.49,113.84
2024-06-20,1380.8,3.5,82.57,113.84
2024-06-21,1383.8,3.5,82.42,113.84
2024-06-22,1383.8,3.5,82.42,113.84
2024-06-23,1383.8,3.5,82.42,113.84
2024-06-24,1389.1,3.5,85.32,113.84
2024-06-25,1389.7,3.5,84.32,113.84
2024-06-26,1386.4,3.5,84.63,113.84
2024-06-27,1390.1,3.5,85.41,113.84
2024-06-28,1389.2,3.5,85.03,113.84
2024-06-29,1389.2,3.5,85.03,113.84
2024-06-30,1389.2,3.5,85.03,113.84
2024-07-01,1382.4,3.5,86.5,114.13
2024-07-02,1380.8,3.5,85.95,114.13
2024-07-03,1387.4,3.5,87.15,114.13
2024-07-04,1389.4,3.5,87.15,114.13
2024-07-05,1381.9,3.5,86.48,114.13
2024-07-06,1381.9,3.5,86.48,114.13
2024-07-07,1381.9,3.5,86.48,114.13
2024-07-08,1379.0,3.5,86.03,114.13
2024-07-09,1379.4,3.5,85.21,114.13
2024-07-10,1383.4,3.5,85.42,114.13
2024-07-11,1385.6,3.5,85.55,114.13
2024-07-12,1380.1,3.5,85.11,114.13
2024-07-13,1380.1,3.5,85.11,114.13
2024-07-14,1380.1,3.5,85.11,114.13
2024-07-15,1376.3,3.5,85.13,114.13
2024-07-16,1381.9,3.5,84.57,114.13
2024-07-17,1386.0,3.5,85.21,114.13
2024-07-18,1381.5,3.5,85.06,114.13
2024-07-19,1379.9,3.5,84.21,114.13
2024-07-20,1379.9,3.5,84.21,114.13
2024-07-21,1379.9,3.5,84.21,114.13
2024-07-22,1386.6,3.5,84.15,114.13
2024-07-23,1388.6,3.5,83.78,114.13
2024-07-24,1385.1,3.5,79.89,114.13
2024-07-25,1385.1,3.5,80.55,114.13
2024-07-26,1385.4,3.5,79.34,114.13
2024-07-27,1385.4,3.5,79.34,114.13
2024-07-28,1385.4,3.5,79.34,114.13
2024-07-29,1385.4,3.5,77.9,114.13
2024-07-30,1382.0,3.5,77.06,114.13
2024-07-31,1384.6,3.5,80.05,114.13
2024-08-01,1380.1,3.5,78.63,114.54
2024-08-02,1365.9,3.5,76.3,114.54
2024-08-03,1365.9,3.5,76.3,114.54
2024-08-04,1365.9,3.5,76.3,114.54
2024-08-05,1372.8,3.5,75.28,114.54
2024-08-06,1360.6,3.5,75.35,114.54
2024-08-07,1372.2,3.5,76.94,114.54
2024-08-08,1376.4,3.5,77.5,114.54
2024-08-09,1377.7,3.5,77.39,114.54
2024-08-10,1377.7,3.5,77.39,114.54
2024-08-11,1377.7,3.5,77.39,114.54
2024-08-12,1369.4,3.5,79.66,114.54
2024-08-13,1367.7,3.5,78.42,114.54
2024-08-14,1370.3,3.5,77.89,114.54
2024-08-15,1370.3,3.5,78.8,114.54
2024-08-16,1361.4,3.5,78.05,114.54
2024-08-17,1361.4,3.5,78.05,114.54
2024-08-18,1361.4,3.5,78.05,114.54
2024-08-19,1360.1,3.5,77.24,114.54
2024-08-20,1337.8,3.5,77.21,114.54
2024-08-21,1332.0,3.5,76.73,114.54
2024-08-22,1332.4,3.5,77.13,114.54
2024-08-23,1335.9,3.5,77.53,114.54
2024-08-24,1335.9,3.5,77.53,114.54
2024-08-25,1335.9,3.5,77.53,114.54
2024-08-26,1340.1,3.5,79.96,114.54
2024-08-27,1323.9,3.5,77.9,114.54
2024-08-28,1330.4,3.5,77.03,114.54
2024-08-29,1334.7,3.5,78.15,114.54
2024-08-30,1335.3,3.5,76.05,114.54
2024-08-31,1335.3,3.5,76.05,114.54
2024-09-01,1335.3,3.5,76.05,114.65
2024-09-02,1334.8,3.5,76.05,114.65
2024-09-03,1338.8,3.5,73.59,114.65
2024-09-04,1341.0,3.5,73.07,114.65
2024-09-05,1342.0,3.5,73.14,114.65
2024-09-06,1335.8,3.5,72.08,114.65
2024-09-07,1335.8,3.5,72.08,114.65
2024-09-08,1335.8,3.5,72.08,114.65
2024-09-09,1330.4,3.5,72.68,114.65
2024-09-10,1339.5,3.5,70.89,114.65
2024-09-11,1344.3,3.5,71.92,114.65
2024-09-12,1340.3,3.5,72.66,114.65
2024-09-13,1339.6,3.5,72.64,114.65
2024-09-14,1339.6,3.5,72.64,114.65
2024-09-15,1339.6,3.5,72.64,114.65
2024-09-16,1339.6,3.5,73.11,114.65
2024-09-17,1339.6,3.5,73.6,114.65
2024-09-18,1339.6,3.5,73.52,114.65
2024-09-19,1331.0,3.5,73.97,114.65
2024-09-20,1331.8,3.5,73.72,114.65
2024-09-21,1331.8,3.5,73.72,114.65
2024-09-22,1331.8,3.5,73.72,114.65
2024-09-23,1329.9,3.5,72.53,114.65
2024-09-24,1335.5,3.5,73.96,114.65
2024-09-25,1334.3,3.5,72.29,114.65
2024-09-26,1328.4,3.5,70.47,114.65
2024-09-27,1329.7,3.5,71.16,114.65
2024-09-28,1329.7,3.5,71.16,114.65
2024-09-29,1329.7,3.5,71.16,114.65
2024-09-30,1319.6,3.5,71.53,114.65
2024-10-01,1319.6,3.5,73.2,114.69
2024-10-02,1306.9,3.5,73.6,114.69
2024-10-03,1306.9,3.5,76.67,114.69
2024-10-04,1320.1,3.5,76.77,114.69
2024-10-05,1320.1,3.5,76.77,114.69
2024-10-06,1320.1,3.5,76.77,114.69
2024-10-07,1333.3,3.5,78.92,114.69
2024-10-08,1346.5,3.5,76.4,114.69
2024-10-09,1346.5,3.5,76.09,114.69
2024-10-10,1347.8,3.5,77.96,114.69
2024-10-11,1349.4,3.25,77.74,114.69
2024-10-12,1349.4,3.25,77.74,114.69
2024-10-13,1349.4,3.25,77.74,114.69
2024-10-14,1348.6,3.25,76.92,114.69
2024-10-15,1354.9,3.25,75.25,114.69
2024-10-16,1360.4,3.25,75.16,114.69
2024-10-17,1363.7,3.25,75.18,114.69
2024-10-18,1366.5,3.25,74.66,114.69
2024-10-19,1366.5,3.25,74.66,114.69
2024-10-20,1366.5,3.25,74.66,114.69
2024-10-21,1371.1,3.25,75.13,114.69
2024-10-22,1370.4,3.25,75.59,114.69
2024-10-23,1380.1,3.25,75.27,114.69
2024-10-24,1382.0,3.25,72.57,114.69
2024-10-25,1380.5,3.25,74.28,114.69
2024-10-26,1380.5,3.25,74.28,114.69
2024-10-27,1380.5,3.25,74.28,114.69
2024-10-28,1384.4,3.25,69.8,114.69
2024-10-29,1387.0,3.25,69.62,114.69
2024-10-30,1383.1,3.25,71.03,114.69
2024-10-31,1383.3,3.25,71.63,114.69
2024-11-01,1379.3,3.25,72.01,114.4
2024-11-02,1379.3,3.25,72.01,114.4
2024-11-03,1379.3,3.25,72.01,114.4
2024-11-04,1377.9,3.25,74.06,114.4
2024-11-05,1371.3,3.25,74.48,114.4
2024-11-06,1377.8,3.25,73.85,114.4
2024-11-07,1391.5,3.25,74.43,114.4
2024-11-08,1399.1,3.25,73.05,114.4
2024-11-09,1399.1,3.25,73.05,114.4
2024-11-10,1399.1,3.25,73.05,114.4
2024-11-11,1385.4,3.25,71.77,114.4
2024-11-12,1395.3,3.25,71.91,114.4
2024-11-13,1401.1,3.25,72.19,114.4
2024-11-14,1407.3,3.25,72.28,114.4
2024-11-15,1406.4,3.25,71.56,114.4
2024-11-16,1406.4,3.25,71.56,114.4
2024-11-17,1406.4,3.25,71.56,114.4
2024-11-18,1402.8,3.25,72.53,114.4
2024-11-19,1392.6,3.25,72.5,114.4
2024-11-20,1392.0,3.25,72.35,114.4
2024-11-21,1391.6,3.25,72.83,114.4
2024-11-22,1398.1,3.25,73.06,114.4
2024-11-23,1398.1,3.25,73.06,114.4
2024-11-24,1398.1,3.25,73.06,114.4
2024-11-25,1400.5,3.25,71.73,114.4
2024-11-26,1398.2,3.25,71.7,114.4
2024-11-27,1401.2,3.25,71.78,114.4
2024-11-28,1396.8,3.0,71.78,114.4
2024-11-29,1394.7,3.0,71.36,114.4
2024-11-30,1394.7,3.0,71.36,114.4
2024-12-01,1394.7,3.0,71.36,114.91
2024-12-02,1395.1,3.0,71.35,114.91
2024-12-03,1402.0,3.0,73.07,114.91
2024-12-04,1403.4,3.0,71.96,114.91
2024-12-05,1413.0,3.0,71.79,114.91
2024-12-06,1414.9,3.0,71.16,114.91
2024-12-07,1414.9,3.0,71.16,114.91
2024-12-08,1414.9,3.0,71.16,114.91
2024-12-09,1419.4,3.0,71.96,114.91
2024-12-10,1433.2,3.0,71.94,114.91
2024-12-11,1428.1,3.0,72.8,114.91
2024-12-12,1431.4,3.0,72.79,114.91
2024-12-13,1431.5,3.0,73.41,114.91
2024-12-14,1431.5,3.0,73.41,114.91
2024-12-15,1431.5,3.0,73.41,114.91
2024-12-16,1432.7,3.0,73.13,114.91
2024-12-17,1434.9,3.0,72.85,114.91
2024-12-18,1436.6,3.0,72.94,114.91
2024-12-19,1436.8,3.0,72.76,114.91
2024-12-20,1449.7,3.0,72.79,114.91
2024-12-21,1449.7,3.0,72.79,114.91
2024-12-22,1449.7,3.0,72.79,114.91
2024-12-23,1450.3,3.0,72.73,114.91
2024-12-24,1449.3,3.0,73.24,114.91
2024-12-25,1449.3,3.0,73.24,114.91
2024-12-26,1453.6,3.0,72.92,114.91
2024-12-27,1462.9,3.0,73.73,114.91
2024-12-28,1462.9,3.0,73.73,114.91
2024-12-29,1462.9,3.0,73.73,114.91
2024-12-30,1474.1,3.0,74.08,114.91
2024-12-31,1470.0,3.0,74.76,114.91
2025-01-01,1470.0,3.0,74.76,115.71
2025-01-02,1470.0,3.0,76.14,115.71
2025-01-03,1468.3,3.0,76.67,115.71
2025-01-04,1468.3,3.0,76.67,115.71
2025-01-05,1468.3,3.0,76.67,115.71
2025-01-06,1466.8,3.0,76.51,115.71
2025-01-07,1470.8,3.0,76.99,115.71
2025-01-08,1455.4,3.0,76.28,115.71
2025-01-09,1453.2,3.0,76.78,115.71
2025-01-10,1458.2,3.0,78.76,115.71
2025-01-11,1458.2,3.0,78.76,115.71
2025-01-12,1458.2,3.0,78.76,115.71
2025-01-13,1460.7,3.0,80.07,115.71
2025-01-14,1471.3,3.0,79.5,115.71
2025-01-15,1463.3,3.0,80.98,115.71
2025-01-16,1460.2,3.0,80.74,115.71
2025-01-17,1454.7,3.0,80.9,115.71
2025-01-18,1454.7,3.0,80.9,115.71
2025-01-19,1454.7,3.0,80.9,115.71
2025-01-20,1455.8,3.0,80.9,115.71
2025-01-21,1453.0,3.0,80.8,115.71
2025-01-22,1437.9,3.0,80.61,115.71
2025-01-23,1434.3,3.0,80.58,115.71
2025-01-24,1437.1,3.0,80.65,115.71
2025-01-25,1437.1,3.0,80.65,115.71
2025-01-26,1437.1,3.0,80.65,115.71
2025-01-27,1437.1,3.0,78.46,115.71
2025-01-28,1437.1,3.0,78.99,115.71
2025-01-29,1437.1,3.0,77.77,115.71
2025-01-30,1437.1,3.0,78.07,115.71
2025-01-31,1433.3,3.0,77.85,115.71
2025-02-01,1433.3,3.0,77.85,116.08
2025-02-02,1433.3,3.0,77.85,116.08
2025-02-03,1453.0,3.0,78.06,116.08
2025-02-04,1469.2,3.0,78.34,116.08
2025-02-05,1460.8,3.0,77.16,116.08
2025-02-06,1450.0,3.0,77.04,116.08
2025-02-07,1447.1,3.0,77.59,116.08
2025-02-08,1447.1,3.0,77.59,116.08
2025-02-09,1447.1,3.0,77.59,116.08
2025-02-10,1447.4,3.0,78.34,116.08
2025-02-11,1453.4,3.0,79.0,116.08
2025-02-12,1453.5,3.0,78.0,116.08
2025-02-13,1452.6,3.0,77.68,116.08
2025-02-14,1450.5,3.0,77.64,116.08
2025-02-15,1450.5,3.0,77.64,116.08
2025-02-16,1450.5,3.0,77.64,116.08
2025-02-17,1443.3,3.0,77.64,116.08
2025-02-18,1441.1,3.0,78.14,116.08
2025-02-19,1443.9,3.0,78.39,116.08
2025-02-20,1440.6,3.0,78.54,116.08
2025-02-21,1439.4,3.0,77.94,116.08
2025-02-22,1439.4,3.0,77.94,116.08
2025-02-23,1439.4,3.0,77.94,116.08
2025-02-24,1434.1,3.0,75.03,116.08
2025-02-25,1429.2,2.75,73.24,116.08
2025-02-26,1430.7,2.75,73.02,116.08
2025-02-27,1431.8,2.75,74.51,116.08
2025-02-28,1439.6,2.75,73.82,116.08
2025-03-01,1439.6,2.75,73.82,116.29
2025-03-02,1439.6,2.75,73.82,116.29
2025-03-03,1439.6,2.75,72.32,116.29
2025-03-04,1458.7,2.75,71.16,116.29
2025-03-05,1459.6,2.75,70.04,116.29
2025-03-06,1456.0,2.75,70.43,116.29
2025-03-07,1441.6,2.75,71.09,116.29
2025-03-08,1441.6,2.75,71.09,116.29
2025-03-09,1441.6,2.75,71.09,116.29
2025-03-10,1446.3,2.75,70.56,116.29
2025-03-11,1451.5,2.75,70.82,116.29
2025-03-12,1457.9,2.75,71.44,116.29
2025-03-13,1452.0,2.75,70.96,116.29
2025-03-14,1451.9,2.75,71.39,116.29
2025-03-15,1451.9,2.75,71.39,116.29
2025-03-16,1451.9,2.75,71.39,116.29
2025-03-17,1454.8,2.75,71.72,116.29
2025-03-18,1448.0,2.75,71.57,116.29
2025-03-19,1447.1,2.75,71.72,116.29
2025-03-20,1452.3,2.75,72.23,116.29
2025-03-21,1459.2,2.75,72.26,116.29
2025-03-22,1459.2,2.75,72.26,116.29
2025-03-23,1459.2,2.75,72.26,116.29
2025-03-24,1466.9,2.75,73.69,116.29
2025-03-25,1466.9,2.75,73.84,116.29
2025-03-26,1469.6,2.75,74.27,116.29
2025-03-27,1465.3,2.75,74.49,116.29
2025-03-28,1466.8,2.75,74.01,116.29
2025-03-29,1466.8,2.75,74.01,116.29
2025-03-30,1466.8,2.75,74.01,116.29
2025-03-31,1466.5,2.75,75.91,116.29
2025-04-01,1470.6,2.75,75.91,116.38
2025-04-02,1471.7,2.75,76.56,116.38
2025-04-03,1467.8,2.75,72.53,116.38
2025-04-04,1467.0,2.75,69.02,116.38
2025-04-05,1467.0,2.75,69.02,116.38
2025-04-06,1467.0,2.75,69.02,116.38
2025-04-07,1439.3,2.75,67.17,116.38
2025-04-08,1465.9,2.75,66.0,116.38
2025-04-09,1470.2,2.75,67.83,116.38
2025-04-10,1482.9,2.75,66.47,116.38
2025-04-11,1458.5,2.75,67.29,116.38
2025-04-12,1458.5,2.75,67.29,116.38
2025-04-13,1458.5,2.75,67.29,116.38
2025-04-14,1450.8,2.75,67.23,116.38
2025-04-15,1427.4,2.75,67.27,116.38
2025-04-16,1423.3,2.75,67.9,116.38
2025-04-17,1427.4,2.75,68.77,116.38
2025-04-18,1419.9,2.75,68.77,116.38
2025-04-19,1419.9,2.75,68.77,116.38
2025-04-20,1419.9,2.75,68.77,116.38
2025-04-21,1421.5,2.75,68.14,116.38
2025-04-22,1418.9,2.75,68.44,116.38
2025-04-23,1422.6,2.75,66.61,116.38
2025-04-24,1426.6,2.75,66.78,116.38
2025-04-25,1430.2,2.75,66.83,116.38
2025-04-26,1430.2,2.75,66.83,116.38
2025-04-27,1430.2,2.75,66.83,116.38
2025-04-28,1434.6,2.75,65.55,116.38
2025-04-29,1439.3,2.75,63.74,116.38
2025-04-30,1438.5,2.75,61.23,116.38
2025-05-01,1438.5,2.75,62.26,116.27
2025-05-02,1426.9,2.75,61.37,116.27
2025-05-03,1426.9,2.75,61.37,116.27
2025-05-04,1426.9,2.75,61.37,116.27
2025-05-05,1426.9,2.75,60.32,116.27
2025-05-06,1426.9,2.75,61.99,116.27
2025-05-07,1426.6,2.75,61.53,116.27
2025-05-08,1394.1,2.75,62.99,116.27
2025-05-09,1396.0,2.75,63.83,116.27
2025-05-10,1396.0,2.75,63.83,116.27
2025-05-11,1396.0,2.75,63.83,116.27
2025-05-12,1405.6,2.75,64.39,116.27
2025-05-13,1400.4,2.75,65.45,116.27
2025-05-14,1413.7,2.75,64.72,116.27
2025-05-15,1415.8,2.75,63.51,116.27
2025-05-16,1399.6,2.75,64.07,116.27
2025-05-17,1399.6,2.75,64.07,116.27
2025-05-18,1399.6,2.75,64.07,116.27
2025-05-19,1394.3,2.75,64.03,116.27
2025-05-20,1398.0,2.75,63.96,116.27
2025-05-21,1392.6,2.75,63.9,116.27
2025-05-22,1387.1,2.75,63.68,116.27
2025-05-23,1378.4,2.75,63.69,116.27
2025-05-24,1378.4,2.75,63.69,116.27
2025-05-25,1378.4,2.75,63.69,116.27
2025-05-26,1376.9,2.75,63.69,116.27
2025-05-27,1365.0,2.75,62.44,116.27
2025-05-28,1368.3,2.75,63.19,116.27
2025-05-29,1374.6,2.5,62.41,116.27
2025-05-30,1381.4,2.5,61.68,116.27
2025-05-31,1381.4,2.5,61.68,116.27
2025-06-01,1381.4,2.5,61.68,116.31
2025-06-02,1375.7,2.5,63.63,116.31
2025-06-03,1375.7,2.5,64.89,116.31
2025-06-04,1376.9,2.5,64.14,116.31
2025-06-05,1373.8,2.5,64.47,116.31
2025-06-06,1373.8,2.5,65.44,116.31
2025-06-07,1373.8,2.5,65.44,116.31
2025-06-08,1373.8,2.5,65.44,116.31
2025-06-09,1359.0,2.5,65.88,116.31
2025-06-10,1358.9,2.5,65.87,116.31
2025-06-11,1359.9,2.5,67.8,116.31
2025-06-12,1368.8,2.5,67.41,116.31
2025-06-13,1362.9,2.5,69.92,116.31
2025-06-14,1362.9,2.5,69.92,116.31
2025-06-15,1362.9,2.5,69.92,116.31
2025-06-16,1366.8,2.5,69.34,116.31
2025-06-17,1363.6,2.5,70.85,116.31
2025-06-18,1361.7,2.5,70.83,116.31
2025-06-19,1373.2,2.5,70.83,116.31
2025-06-20,1379.6,2.5,71.19,116.31
2025-06-21,1379.6,2.5,71.19,116.31
2025-06-22,1379.6,2.5,71.19,116.31
2025-06-23,1369.4,2.5,70.07,116.31
2025-06-24,1381.9,2.5,66.13,116.31
2025-06-25,1365.0,2.5,66.65,116.31
2025-06-26,1360.9,2.5,67.05,116.31
2025-06-27,1357.6,2.5,67.32,116.31
2025-06-28,1357.6,2.5,67.32,116.31
2025-06-29,1357.6,2.5,67.32,116.31
2025-06-30,1356.4,2.5,67.39,116.31
2025-07-01,1353.6,2.5,67.9,116.52
2025-07-02,1352.6,2.5,69.88,116.52
2025-07-03,1359.4,2.5,69.53,116.52
2025-07-04,1358.1,2.5,69.53,116.52
2025-07-05,1358.1,2.5,69.53,116.52
2025-07-06,1358.1,2.5,69.53,116.52
2025-07-07,1364.2,2.5,70.33,116.52
2025-07-08,1366.6,2.5,70.75,116.52
2025-07-09,1368.0,2.5,70.7,116.52
2025-07-10,1373.8,2.5,69.81,116.52
2025-07-11,1373.0,2.5,70.78,116.52
2025-07-12,1373.0,2.5,70.78,116.52
2025-07-13,1373.0,2.5,70.78,116.52
2025-07-14,1374.7,2.5,70.06,116.52
2025-07-15,1378.5,2.5,70.0,116.52
2025-07-16,1382.7,2.5,69.93,116.52
2025-07-17,1387.1,2.5,70.24,116.52
2025-07-18,1390.8,2.5,70.17,116.52
2025-07-19,1390.8,2.5,70.17,116.52
2025-07-20,1390.8,2.5,70.17,116.52
2025-07-21,1391.9,2.5,70.31,116.52
2025-07-22,1391.1,2.5,70.21,116.52
2025-07-23,1386.3,2.5,70.26,116.52
2025-07-24,1379.1,2.5,69.28,116.52
2025-07-25,1368.7,2.5,68.8,116.52
2025-07-26,1368.7,2.5,68.8,116.52
2025-07-27,1368.7,2.5,68.8,116.52
2025-07-28,1376.0,2.5,70.42,116.52
2025-07-29,1379.6,2.5,72.92,116.52
2025-07-30,1391.4,2.5,73.76,116.52
2025-07-31,1382.9,2.5,73.25,116.52
2025-08-01,1390.4,2.5,71.51,116.45
2025-08-02,1390.4,2.5,71.51,116.45
2025-08-03,1390.4,2.5,71.51,116.45
2025-08-04,1399.3,2.5,70.64,116.45
2025-08-05,1384.9,2.5,69.56,116.45
2025-08-06,1386.7,2.5,69.16,116.45
2025-08-07,1389.5,2.5,69.13,116.45
2025-08-08,1384.2,2.5,69.22,116.45
2025-08-09,1384.2,2.5,69.22,116.45
2025-08-10,1384.2,2.5,69.22,116.45
2025-08-11,1386.0,2.5,69.03,116.45
2025-08-12,1388.3,2.5,68.71,116.45
2025-08-13,1390.2,2.5,68.32,116.45
2025-08-14,1383.8,2.5,69.08,116.45
2025-08-15,1383.8,2.5,68.61,116.45
2025-08-16,1383.8,2.5,68.61,116.45
2025-08-17,1383.8,2.5,68.61,116.45
2025-08-18,1382.2,2.5,68.94,116.45
2025-08-19,1385.3,2.5,68.59,116.45
2025-08-20,1389.4,2.5,69.07,116.45
2025-08-21,1397.5,2.5,69.35,116.45
2025-08-22,1398.1,2.5,69.46,116.45
2025-08-23,1398.1,2.5,69.46,116.45
2025-08-24,1398.1,2.5,69.46,116.45
2025-08-25,1395.6,2.5,70.04,116.45
2025-08-26,1386.3,2.5,68.65,116.45
2025-08-27,1391.2,2.5,69.62,116.45
2025-08-28,1395.7,2.5,70.1,116.45
2025-08-29,1388.6,2.5,69.72,116.45
2025-08-30,1388.6,2.5,69.72,116.45
2025-08-31,1388.6,2.5,69.72,116.45
2025-09-01,1387.7,2.5,69.72,117.06
2025-09-02,1392.4,2.5,71.68,117.06
2025-09-03,1392.2,2.5,70.03,117.06
2025-09-04,1393.8,2.5,69.51,117.06
2025-09-05,1392.7,2.5,68.45,117.06
2025-09-06,1392.7,2.5,68.45,117.06
2025-09-07,1392.7,2.5,68.45,117.06
2025-09-08,1391.8,2.5,69.03,117.06
2025-09-09,1390.4,2.5,69.5,117.06
2025-09-10,1386.6,2.5,70.41,117.06
2025-09-11,1387.6,2.5,69.85,117.06
2025-09-12,1389.4,2.5,70.2,117.06
2025-09-13,1389.4,2.5,70.2,117.06
2025-09-14,1389.4,2.5,70.2,117.06
2025-09-15,1388.7,2.5,70.74,117.06
2025-09-16,1389.5,2.5,70.97,117.06
2025-09-17,1382.3,2.5,70.5,117.06
2025-09-18,1380.0,2.5,70.23,117.06
2025-09-19,1384.6,2.5,69.88,117.06
2025-09-20,1384.6,2.5,69.88,117.06
2025-09-21,1384.6,2.5,69.88,117.06
2025-09-22,1393.6,2.5,69.74,117.06
2025-09-23,1394.0,2.5,68.19,117.06
2025-09-24,1393.8,2.5,70.04,117.06
2025-09-25,1394.9,2.5,70.08,117.06
2025-09-26,1400.4,2.5,70.38,117.06
2025-09-27,1400.4,2.5,70.38,117.06
2025-09-28,1400.4,2.5,70.38,117.06
2025-09-29,1411.6,2.5,67.92,117.06
2025-09-30,1402.2,2.5,66.92,117.06
2025-10-01,1403.2,2.5,65.83,117.42
2025-10-02,1406.0,2.5,64.04,117.42
2025-10-03,1406.0,2.5,64.74,117.42
2025-10-04,1406.0,2.5,64.74,117.42
2025-10-05,1406.0,2.5,64.74,117.42
2025-10-06,1406.0,2.5,65.59,117.42
2025-10-07,1406.0,2.5,65.67,117.42
2025-10-08,1406.0,2.5,66.03,117.42
2025-10-09,1406.0,2.5,65.47,117.42
2025-10-10,1401.9,2.5,63.8,117.42
2025-10-11,1401.9,2.5,63.8,117.42
2025-10-12,1401.9,2.5,63.8,117.42
2025-10-13,1420.5,2.5,64.18,117.42
2025-10-14,1427.7,2.5,63.81,117.42
2025-10-15,1428.4,2.5,63.45,117.42
2025-10-16,1424.4,2.5,63.08,117.42
2025-10-17,1419.1,2.5,63.26,117.42
2025-10-18,1419.1,2.5,63.26,117.42
2025-10-19,1419.1,2.5,63.26,117.42
2025-10-20,1419.5,2.5,63.15,117.42
2025-10-21,1420.2,2.5,63.34,117.42
2025-10-22,1423.7,2.5,63.86,117.42
2025-10-23,1430.1,2.5,65.24,117.42
2025-10-24,1436.6,2.5,65.54,117.42
2025-10-25,1436.6,2.5,65.54,117.42
2025-10-26,1436.6,2.5,65.54,117.42
2025-10-27,1436.1,2.5,65.96,117.42
2025-10-28,1432.5,2.5,64.62,117.42
2025-10-29,1434.3,2.5,64.66,117.42
2025-10-30,1433.0,2.5,65.49,117.42
2025-10-31,1423.2,2.5,66.02,117.42
2025-11-01,1423.2,2.5,66.02,117.2
2025-11-02,1423.2,2.5,66.02,117.2
2025-11-03,1427.4,2.5,66.3,117.2
2025-11-04,1429.0,2.5,65.54,117.2
2025-11-05,1437.7,2.5,65.1,117.2
2025-11-06,1447.0,2.5,64.73,117.2
2025-11-07,1445.6,2.5,64.93,117.2
2025-11-08,1445.6,2.5,64.93,117.2
2025-11-09,1445.6,2.5,64.93,117.2
2025-11-10,1454.0,2.5,65.37,117.2
2025-11-11,1453.7,2.5,65.96,117.2
2025-11-12,1463.2,2.5,64.27,117.2
2025-11-13,1466.4,2.5,64.45,117.2
2025-11-14,1469.5,2.5,65.18,117.2
2025-11-15,1469.5,2.5,65.18,117.2
2025-11-16,1469.5,2.5,65.18,117.2
2025-11-17,1458.5,2.5,65.0,117.2
2025-11-18,1458.3,2.5,65.2,117.2
2025-11-19,1465.2,2.5,64.66,117.2
2025-11-20,1465.0,2.5,64.67,117.2
2025-11-21,1468.4,2.5,64.39,117.2
2025-11-22,1468.4,2.5,64.39,117.2
2025-11-23,1468.4,2.5,64.39,117.2
2025-11-24,1472.0,2.5,63.52,117.2
2025-11-25,1473.5,2.5,62.56,117.2
2025-11-26,1473.5,2.5,63.37,117.2
2025-11-27,1462.7,2.5,63.37,117.2
2025-11-28,1464.8,2.5,63.07,117.2
2025-11-29,1464.8,2.5,63.07,117.2
2025-11-30,1464.8,2.5,63.07,117.2
2025-12-01,1465.9,2.5,63.8,117.57
2025-12-02,1469.1,2.5,63.24,117.57
2025-12-03,1469.6,2.5,63.41,117.57
2025-12-04,1468.7,2.5,63.89,117.57
2025-12-05,1471.5,2.5,64.26,117.57
2025-12-06,1471.5,2.5,64.26,117.57
2025-12-07,1471.5,2.5,64.26,117.57
2025-12-08,1472.1,2.5,63.35,117.57
2025-12-09,1469.0,2.5,62.78,117.57
2025-12-10,1470.4,2.5,62.74,117.57
2025-12-11,1470.4,2.5,62.1,117.57
2025-12-12,1469.5,2.5,62.06,117.57
2025-12-13,1469.5,2.5,62.06,117.57
2025-12-14,1469.5,2.5,62.06,117.57
2025-12-15,1472.5,2.5,61.7,117.57
2025-12-16,1474.1,2.5,60.99,117.57
2025-12-17,1472.4,2.5,61.31,117.57
2025-12-18,1478.6,2.5,61.41,117.57
2025-12-19,1477.2,2.5,61.65,117.57
2025-12-20,1477.2,2.5,61.65,117.57
2025-12-21,1477.2,2.5,61.65,117.57
2025-12-22,1477.8,2.5,62.12,117.57
2025-12-23,1478.9,2.5,62.11,117.57
2025-12-24,1483.4,2.5,61.56,117.57
2025-12-25,1483.4,2.5,61.56,117.57
2025-12-26,1460.6,2.5,60.0,117.57
2025-12-27,1460.6,2.5,60.0,117.57
2025-12-28,1460.6,2.5,60.0,117.57
2025-12-29,1442.3,2.5,61.2,117.57
2025-12-30,1433.9,2.5,60.84,117.57
2025-12-31,1434.9,2.5,60.39,117.57
2026-01-01,1434.9,2.5,60.39,118.03
2026-01-02,1434.9,2.5,60.2,118.03
2026-01-03,1434.9,2.5,60.2,118.03
2026-01-04,1434.9,2.5,60.2,118.03
2026-01-05,1442.1,2.5,60.31,118.03
2026-01-06,1446.8,2.5,59.16,118.03
2026-01-07,1445.7,2.5,58.35,118.03
2026-01-08,1448.3,2.5,60.08,118.03
2026-01-09,1449.4,2.5,61.02,118.03
2026-01-10,1449.4,2.5,61.02,118.03
2026-01-11,1449.4,2.5,61.02,118.03
2026-01-12,1455.7,2.5,61.17,118.03
2026-01-13,1464.1,2.5,61.78,118.03
2026-01-14,1472.8,2.5,62.58,118.03
2026-01-15,1477.5,2.5,61.29,118.03
2026-01-16,1469.7,2.5,61.66,118.03
2026-01-17,1469.7,2.5,61.66,118.03
2026-01-18,1469.7,2.5,61.66,118.03
2026-01-19,1473.5,2.5,61.66,118.03
2026-01-20,1473.6,2.5,61.79,118.03
2026-01-21,1477.0,2.5,61.85,118.03
2026-01-22,1472.8,2.5,61.41,118.03
2026-01-23,1468.4,2.5,61.67,118.03
2026-01-24,1468.4,2.5,61.67,118.03
2026-01-25,1468.4,2.5,61.67,118.03
2026-01-26,1467.2,2.5,63.52,118.03
2026-01-27,1442.8,2.5,65.28,118.03
2026-01-28,1448.8,2.5,65.85,118.03
2026-01-29,1428.6,2.5,68.01,118.03
2026-01-30,1427.0,2.5,67.89,118.03
2026-01-31,1427.0,2.5,67.89,118.03
2026-02-01,1427.0,2.5,67.89,118.4
2026-02-02,1436.7,2.5,65.02,118.4
2026-02-03,1457.3,2.5,66.11,118.4
2026-02-04,1449.0,2.5,68.1,118.4
2026-02-05,1451.2,2.5,66.52,118.4
2026-02-06,1464.1,2.5,67.18,118.4
2026-02-07,1464.1,2.5,67.18,118.4
2026-02-08,1464.1,2.5,67.18,118.4
2026-02-09,1470.3,2.5,67.79,118.4
2026-02-10,1464.3,2.5,67.38,118.4
2026-02-11,1457.7,2.5,67.68,118.4
2026-02-12,1454.4,2.5,66.82,118.4
2026-02-13,1443.4,2.5,67.05,118.4
2026-02-14,1443.4,2.5,67.05,118.4
2026-02-15,1443.4,2.5,67.05,118.4
2026-02-16,1443.4,2.5,67.05,118.4
2026-02-17,1443.4,2.5,66.91,118.4
2026-02-18,1443.4,2.5,68.06,118.4
2026-02-19,1443.1,2.5,68.5,118.4
2026-02-20,1450.7,2.5,68.5,118.4
2026-02-21,1450.7,2.5,68.5,118.4
2026-02-22,1450.7,2.5,68.5,118.4
2026-02-23,1448.7,2.5,70.06,118.4
2026-02-24,1442.0,2.5,69.2,118.4
2026-02-25,1445.8,2.5,69.49,118.4
2026-02-26,1435.3,2.5,69.66,118.4
2026-02-27,1424.5,2.5,71.81,118.4
2026-02-28,1424.5,2.5,71.81,118.4
2026-03-01,1424.5,2.5,71.81,118.8
2026-03-02,1424.5,2.5,76.53,118.8
2026-03-03,1435.4,2.5,80.39,118.8
2026-03-04,1464.5,2.5,81.11,118.8
2026-03-05,1478.8,2.5,89.31,118.8
2026-03-06,1464.3,2.5,99.14,118.8
2026-03-07,1464.3,2.5,99.14,118.8
2026-03-08,1464.3,2.5,99.14,118.8
2026-03-09,1474.5,2.5,107.55,118.8
2026-03-10,1493.1,2.5,105.13,118.8
2026-03-11,1472.8,2.5,113.55,118.8
2026-03-12,1467.3,2.5,123.06,118.8
2026-03-13,1479.8,2.5,127.86,118.8
2026-03-14,1479.8,2.5,127.86,118.8
2026-03-15,1479.8,2.5,127.86,118.8
2026-03-16,1489.5,2.5,129.9,118.8
2026-03-17,1496.0,2.5,122.84,118.8
2026-03-18,1491.6,2.5,136.42,118.8
2026-03-19,1486.0,2.5,137.82,118.8
2026-03-20,1499.7,2.5,134.07,118.8
2026-03-21,1499.7,2.5,134.07,118.8
2026-03-22,1499.7,2.5,134.07,118.8
2026-03-23,1494.9,2.5,131.97,118.8
2026-03-24,1509.6,2.5,109.03,118.8
2026-03-25,1498.3,2.5,99.61,118.8
2026-03-26,1495.6,2.5,105.19,118.8
2026-03-27,1506.2,2.5,109.81,118.8
2026-03-28,1506.2,2.5,109.81,118.8
2026-03-29,1506.2,2.5,109.81,118.8
2026-03-30,1508.1,2.5,111.46,118.8
2026-03-31,1513.4,2.5,109.78,118.8
2026-04-01,1530.5,2.5,105.12,119.37
2026-04-02,1507.8,2.5,117.25,119.37
2026-04-03,1518.8,2.5,117.25,119.37
2026-04-04,1518.8,2.5,117.25,119.37
2026-04-05,1518.8,2.5,117.25,119.37
2026-04-06,1507.6,2.5,120.43,119.37
2026-04-07,1507.2,2.5,119.05,119.37
2026-04-08,1506.8,2.5,104.15,119.37
2026-04-09,1476.1,2.5,102.7,119.37
2026-04-10,1481.1,2.5,100.75,119.37
2026-04-11,1481.1,2.5,100.75,119.37
2026-04-12,1481.1,2.5,100.75,119.37
2026-04-13,1479.8,2.5,105.53,119.37
2026-04-14,1489.8,2.5,103.01,119.37
2026-04-15,1481.4,2.5,105.51,119.37
2026-04-16,1473.1,2.5,104.93,119.37
2026-04-17,1472.6,2.5,100.45,119.37
2026-04-18,1472.6,2.5,100.45,119.37
2026-04-19,1472.6,2.5,100.45,119.37
2026-04-20,1480.0,2.5,101.65,119.37
2026-04-21,1475.6,2.5,102.88,119.37
2026-04-22,1470.8,2.5,105.09,119.37
2026-04-23,1477.6,2.5,98.04,119.37
2026-04-24,1480.6,2.5,98.19,119.37
2026-04-25,1480.6,2.5,98.19,119.37
2026-04-26,1480.6,2.5,98.19,119.37
2026-04-27,1482.9,2.5,100.35,119.37
2026-04-28,1473.1,2.5,101.45,119.37
2026-04-29,1473.3,2.5,105.96,119.37
2026-04-30,1476.1,2.5,104.44,119.37
2026-05-01,1476.1,2.5,100.86,119.92
2026-05-02,1476.1,2.5,100.86,119.92
2026-05-03,1476.1,2.5,100.86,119.92
2026-05-04,1484.8,2.5,106.93,119.92
2026-05-05,1484.8,2.5,104.54,119.92
2026-05-06,1470.5,2.5,97.6,119.92
2026-05-07,1456.8,2.5,96.17,119.92
2026-05-08,1450.8,2.5,97.58,119.92
2026-05-09,1450.8,2.5,97.58,119.92
2026-05-10,1450.8,2.5,97.58,119.92
2026-05-11,1466.0,2.5,100.7,119.92
2026-05-12,1473.0,2.5,103.76,119.92
2026-05-13,1484.3,2.5,102.35,119.92
2026-05-14,1495.1,2.5,102.61,119.92
2026-05-15,1491.8,2.5,104.4,119.92
2026-05-16,1491.8,2.5,104.4,119.92
2026-05-17,1491.8,2.5,104.4,119.92
2026-05-18,1499.8,2.5,105.78,119.92
2026-05-19,1503.4,2.5,105.34,119.92
2026-05-20,1503.8,2.5,103.31,119.92
2026-05-21,1509.7,2.5,102.92,119.92
2026-05-22,1503.5,2.5,103.36,119.92
2026-05-23,1503.5,2.5,103.36,119.92
2026-05-24,1503.5,2.5,103.36,119.92
2026-05-25,1503.5,2.5,103.36,119.92
2026-05-26,1513.3,2.5,91.42,119.92
2026-05-27,1507.9,2.5,86.2,119.92
2026-05-28,1501.6,2.5,87.63,119.92
2026-05-29,1505.8,2.5,88.38,119.92
2026-05-30,1505.8,2.5,88.38,119.92
2026-05-31,1505.8,2.5,88.38,119.92
2026-06-01,1503.2,2.5,92.32,119.99
2026-06-02,1511.3,2.5,93.91,119.99
2026-06-03,1511.3,2.5,95.55,119.99
2026-06-04,1515.6,2.5,93.14,119.99
2026-06-05,1528.6,2.5,90.46,119.99
2026-06-06,1528.6,2.5,90.46,119.99
2026-06-07,1528.6,2.5,90.46,119.99
2026-06-08,1543.0,2.5,91.17,119.99
2026-06-09,1546.5,2.5,89.39,119.99
2026-06-10,1518.4,2.5,89.88,119.99
2026-06-11,1522.4,2.5,88.74,119.99
2026-06-12,1527.0,2.5,86.93,119.99
2026-06-13,1527.0,2.5,86.93,119.99
2026-06-14,1527.0,2.5,86.93,119.99
2026-06-15,1520.4,2.5,84.23,119.99
2026-06-16,1510.0,2.5,80.66,119.99
2026-06-17,1513.5,2.5,81.3,119.99
2026-06-18,1512.8,2.5,81.29,119.99
2026-06-19,1523.4,2.5,81.29,119.99
2026-06-20,1523.4,2.5,81.29,119.99
2026-06-21,1523.4,2.5,81.29,119.99
2026-06-22,1535.0,2.5,80.35,119.99
2026-06-23,1535.7,2.5,69.39,119.99
2026-06-24,1537.2,2.5,66.41,119.99
2026-06-25,1538.3,2.5,68.62,119.99
2026-06-26,1545.3,2.5,66.38,119.99
2026-06-27,1545.3,2.5,66.38,119.99
2026-06-28,1545.3,2.5,66.38,119.99
2026-06-29,1544.2,2.5,68.4,119.99
2026-06-30,1541.5,2.5,68.27,119.99
2026-07-01,1548.4,2.5,65.75,119.77
2026-07-02,1554.4,2.5,64.5,119.77
2026-07-03,1554.1,2.5,64.5,119.77
2026-07-04,1554.1,2.5,64.5,119.77
2026-07-05,1554.1,2.5,64.5,119.77
2026-07-06,1539.7,2.5,65.13,119.77
2026-07-07,1531.8,2.5,67.43,119.77
2026-07-08,1526.6,2.5,70.48,119.77
2026-07-09,1509.9,2.5,69.24,119.77
2026-07-10,1504.2,2.5,69.21,119.77
2026-07-11,1504.2,2.5,69.21,119.77
2026-07-12,1504.2,2.5,69.21,119.77
2026-07-13,1507.1,2.5,73.42,119.77
2026-07-14,1504.9,2.5,74.64,119.77
2026-07-15,1492.2,2.5,74.45,119.77
2026-07-16,1488.8,2.75,73.76,119.77
2026-07-17,1488.8,2.75,75.19,119.77
2026-07-18,1488.8,2.75,75.19,119.77
2026-07-19,1488.8,2.75,75.19,119.77
2026-07-20,1484.3,2.75,75.27,119.77
2026-07-21,1482.0,2.75,76.53,119.77
2026-07-22,1475.6,2.75,77.69,119.77
2026-07-23,1480.9,2.75,80.11,119.77
2026-07-24,1469.4,2.75,78.93,119.77
2026-07-25,1469.4,2.75,78.93,119.77
2026-07-26,1469.4,2.75,78.93,119.77
2026-07-27,1466.3,2.75,77.69,119.77
2026-07-28,1465.4,2.75,74.4,119.77
2026-07-29,1466.2,2.75,81.61,119.77
2026-07-30,1450.1,2.75,79.67,119.77
2026-07-31,1441.1,2.75,81.11,119.77
