날짜,회사명,종가,시가,고가,저가
2016-07-01,대한항공,15850,15789,15941,15758
2016-07-01,신한지주,38300,37150,38400,37150
2016-07-01,하이닉스,32150,31800,32700,31600
2016-07-01,한화에어로,48539,49558,50169,48488
2016-07-04,대한항공,15819,15880,16002,15819
2016-07-04,신한지주,38050,38350,38400,37800
2016-07-04,하이닉스,32750,32250,32900,32050
2016-07-04,한화에어로,49863,49049,49914,48896
2016-07-05,대한항공,15636,15819,15911,15545
2016-07-05,신한지주,37900,37950,38450,37750
2016-07-05,하이닉스,31850,32650,32650,31850
2016-07-05,한화에어로,52257,50118,52359,49354
2016-07-06,대한항공,15453,15667,15667,15453
2016-07-06,신한지주,37300,37700,38100,37250
2016-07-06,하이닉스,30600,31100,31350,30300
2016-07-06,한화에어로,53174,51952,53480,51544
2016-07-07,대한항공,15575,15514,15667,15484
2016-07-07,신한지주,37500,37550,37850,37500
2016-07-07,하이닉스,30650,30750,31350,30600
2016-07-07,한화에어로,53480,53582,54193,52869
2016-07-08,대한항공,15453,15606,15728,15240
2016-07-08,신한지주,37500,37200,37500,36750
2016-07-08,하이닉스,31050,30700,31250,30550
2016-07-08,한화에어로,53683,53378,53989,52970
2016-07-11,대한항공,15667,15667,15758,15332
2016-07-11,신한지주,37800,37950,37950,37550
2016-07-11,하이닉스,32000,31750,32300,31650
2016-07-11,한화에어로,55823,54702,57045,54600
2016-07-12,대한항공,15667,15789,15850,15636
2016-07-12,신한지주,38300,37850,38350,37800
2016-07-12,하이닉스,32000,32250,32300,31550
2016-07-12,한화에어로,55925,55925,55925,54600
2016-07-13,대한항공,15758,15728,16002,15728
2016-07-13,신한지주,38550,38300,38600,38100
2016-07-13,하이닉스,32650,32700,32950,32450
2016-07-13,한화에어로,54804,56026,56128,54600
2016-07-14,대한항공,15728,15697,15972,15667
2016-07-14,신한지주,38250,38500,38500,38050
2016-07-14,하이닉스,33050,32500,33300,32450
2016-07-14,한화에어로,55925,55110,56128,55008
2016-07-15,대한항공,16337,15911,16459,15880
2016-07-15,신한지주,39100,38450,39300,38350
2016-07-15,하이닉스,32700,33300,33500,32650
2016-07-15,한화에어로,54804,55823,55823,54600
2016-07-18,대한항공,16551,16215,16703,16215
2016-07-18,신한지주,38700,38900,39100,38300
2016-07-18,하이닉스,32750,32900,33100,32500
2016-07-18,한화에어로,53887,54600,54600,53480
2016-07-19,대한항공,16612,16551,16642,16276
2016-07-19,신한지주,38850,38800,38900,38300
2016-07-19,하이닉스,32450,32900,33000,31950
2016-07-19,한화에어로,53785,53887,54600,53582
2016-07-20,대한항공,16398,16612,16642,16368
2016-07-20,신한지주,38600,38950,38950,38150
2016-07-20,하이닉스,32100,32300,32400,31850
2016-07-20,한화에어로,55313,53683,55721,53174
2016-07-21,대한항공,16764,16520,16764,16368
2016-07-21,신한지주,38900,38600,39000,38400
2016-07-21,하이닉스,32150,32400,32800,32100
2016-07-21,한화에어로,55415,55313,55823,54804
2016-07-22,대한항공,16612,16703,16734,16459
2016-07-22,신한지주,39400,39550,39850,39200
2016-07-22,하이닉스,32000,32150,32150,31200
2016-07-22,한화에어로,54804,55110,55313,54295
2016-07-25,대한항공,16673,16612,16673,16398
2016-07-25,신한지주,40100,39400,40100,39250
2016-07-25,하이닉스,32500,32300,32650,32150
2016-07-25,한화에어로,54498,54498,55211,54295
2016-07-26,대한항공,16429,16520,16612,16246
2016-07-26,신한지주,40000,39950,40300,39550
2016-07-26,하이닉스,32050,32400,32400,31100
2016-07-26,한화에어로,55008,54193,55619,54091
2016-07-27,대한항공,16673,16429,16795,16368
2016-07-27,신한지주,40350,40050,40600,39900
2016-07-27,하이닉스,33450,32600,33450,32550
2016-07-27,한화에어로,54702,55110,55313,54295
2016-07-28,대한항공,17343,16673,17343,16673
2016-07-28,신한지주,40200,40050,40450,39650
2016-07-28,하이닉스,33550,33150,33550,33000
2016-07-28,한화에어로,54804,55517,55619,54397
2016-07-29,대한항공,17374,17282,17435,17069
2016-07-29,신한지주,39950,40450,40450,39600
2016-07-29,하이닉스,34400,33550,34400,33450
2016-07-29,한화에어로,55110,54906,55415,53683
2016-08-01,대한항공,17648,17374,17709,17191
2016-08-01,신한지주,40650,40600,40950,40150
2016-08-01,하이닉스,34850,34700,35300,34600
2016-08-01,한화에어로,59082,56943,60101,56434
2016-08-02,대한항공,17861,17587,18014,17587
2016-08-02,신한지주,40450,40500,40600,40000
2016-08-02,하이닉스,33750,34600,34700,33650
2016-08-02,한화에어로,59184,59286,59592,58369
2016-08-03,대한항공,17465,17679,17770,17282
2016-08-03,신한지주,39450,40000,40300,39450
2016-08-03,하이닉스,33550,33300,34400,33000
2016-08-03,한화에어로,60508,58675,60814,58369
2016-08-04,대한항공,17160,17343,17435,16886
2016-08-04,신한지주,39700,39500,39700,39150
2016-08-04,하이닉스,33650,33950,34200,33350
2016-08-04,한화에어로,60305,59999,61527,59286
2016-08-05,대한항공,17099,17069,17404,17069
2016-08-05,신한지주,40100,39550,40150,39550
2016-08-05,하이닉스,34800,34300,34900,33950
2016-08-05,한화에어로,62648,60610,62953,60305
2016-08-08,대한항공,17160,17252,17496,17069
2016-08-08,신한지주,40900,40200,40900,40150
2016-08-08,하이닉스,34950,35150,35250,34400
2016-08-08,한화에어로,63463,63157,64176,61731
2016-08-09,대한항공,17313,17221,17343,17038
2016-08-09,신한지주,40850,40900,41150,40400
2016-08-09,하이닉스,35050,34850,35200,34450
2016-08-09,한화에어로,62750,63564,63564,62444
2016-08-10,대한항공,18044,17496,18044,17404
2016-08-10,신한지주,40550,40450,40900,40400
2016-08-10,하이닉스,33800,34900,35000,33650
2016-08-10,한화에어로,61527,62444,63259,61222
2016-08-11,대한항공,18532,18044,18532,17922
2016-08-11,신한지주,40800,40750,41100,40350
2016-08-11,하이닉스,34800,33700,34800,33450
2016-08-11,한화에어로,62444,61731,62444,60814
2016-08-12,대한항공,19081,18532,19142,18349
2016-08-12,신한지주,41050,40950,41450,40750
2016-08-12,하이닉스,34350,34450,35100,34200
2016-08-12,한화에어로,62138,62342,62342,61323
2016-08-16,대한항공,18837,19111,19172,18776
2016-08-16,신한지주,40550,40750,41250,40400
2016-08-16,하이닉스,33700,34950,34950,33700
2016-08-16,한화에어로,60916,62240,62342,60712
2016-08-17,대한항공,18258,18776,18837,18014
2016-08-17,신한지주,40900,40600,41100,40450
2016-08-17,하이닉스,33550,33750,33900,32900
2016-08-17,한화에어로,61323,60508,61323,59490
2016-08-18,대한항공,18258,18349,18867,18166
2016-08-18,신한지주,40650,41100,41100,40400
2016-08-18,하이닉스,34150,33550,34250,33550
2016-08-18,한화에어로,61222,61222,61527,59999
2016-08-19,대한항공,18532,18258,18684,18258
2016-08-19,신한지주,39950,40650,40700,39850
2016-08-19,하이닉스,35400,34400,35400,34200
2016-08-19,한화에어로,59592,61018,61120,59388
2016-08-22,대한항공,18471,18623,18623,18014
2016-08-22,신한지주,40150,39850,40300,39300
2016-08-22,하이닉스,36000,35500,36050,35250
2016-08-22,한화에어로,60916,59897,61323,59897
2016-08-23,대한항공,17099,18166,18227,16703
2016-08-23,신한지주,40200,40300,40450,39900
2016-08-23,하이닉스,35600,36250,36300,35550
2016-08-23,한화에어로,60305,61323,61323,59592
2016-08-24,대한항공,17435,17160,17496,16886
2016-08-24,신한지주,39850,39800,40050,39300
2016-08-24,하이닉스,35750,35900,35950,35300
2016-08-24,한화에어로,59999,60305,60712,58675
2016-08-25,대한항공,17191,17496,17587,17069
2016-08-25,신한지주,40600,40200,40650,40000
2016-08-25,하이닉스,35700,35100,35750,34900
2016-08-25,한화에어로,59388,60508,60610,59286
2016-08-26,대한항공,17800,17496,17953,17252
2016-08-26,신한지주,40050,40250,40350,39800
2016-08-26,하이닉스,36250,35850,36350,35750
2016-08-26,한화에어로,57758,59082,59286,57045
2016-08-29,대한항공,17739,17709,17861,17374
2016-08-29,신한지주,40550,39700,40850,39700
2016-08-29,하이닉스,36250,35350,36400,35300
2016-08-29,한화에어로,60203,57554,60407,56943
2016-08-30,대한항공,18959,17739,19294,17374
2016-08-30,신한지주,40750,41000,41250,40650
2016-08-30,하이닉스,36300,36800,36950,35550
2016-08-30,한화에어로,62240,60101,62648,59999
2016-08-31,대한항공,19233,19538,20056,19111
2016-08-31,신한지주,41000,41000,41100,40350
2016-08-31,하이닉스,36450,36400,36450,35750
2016-08-31,한화에어로,62750,62342,62851,61731
2016-09-01,대한항공,21062,19568,21153,19416
2016-09-01,신한지주,41500,41250,41500,40600
2016-09-01,하이닉스,36100,36400,36400,35700
2016-09-01,한화에어로,62851,62750,63259,61425
2016-09-02,대한항공,21336,21275,21519,20574
2016-09-02,신한지주,41000,41350,41350,40450
2016-09-02,하이닉스,36650,36100,36700,35950
2016-09-02,한화에어로,63972,63259,64685,62444
2016-09-05,대한항공,20909,20788,21275,20391
2016-09-05,신한지주,41400,41500,41650,41200
2016-09-05,하이닉스,37500,36900,37500,36850
2016-09-05,한화에어로,64889,64379,65500,64379
2016-09-06,대한항공,20635,20056,20940,19721
2016-09-06,신한지주,41100,41500,41550,40750
2016-09-06,하이닉스,38000,37750,38000,37350
2016-09-06,한화에어로,63972,64481,65194,63666
2016-09-07,대한항공,20574,21031,21062,20513
2016-09-07,신한지주,41300,41150,41400,41000
2016-09-07,하이닉스,37900,38200,38800,37900
2016-09-07,한화에어로,62342,63972,64074,61731
2016-09-08,대한항공,20970,21367,21610,20605
2016-09-08,신한지주,41050,41300,41400,40700
2016-09-08,하이닉스,38700,37900,38700,37900
2016-09-08,한화에어로,62036,62648,63157,61629
2016-09-09,대한항공,20117,20940,20940,19843
2016-09-09,신한지주,41300,40700,41400,40700
2016-09-09,하이닉스,38950,38550,39000,38350
2016-09-09,한화에어로,61323,61833,62851,60407
2016-09-12,대한항공,19599,19812,20269,19477
2016-09-12,신한지주,40750,41250,41450,40700
2016-09-12,하이닉스,37000,37500,38300,37000
2016-09-12,한화에어로,60407,60203,61629,59999
2016-09-13,대한항공,19538,19782,19873,19111
2016-09-13,신한지주,40050,40800,40950,39650
2016-09-13,하이닉스,37800,37600,38300,37500
2016-09-13,한화에어로,61527,61833,62546,60712
2016-09-19,대한항공,19629,19264,19721,19081
2016-09-19,신한지주,39850,39250,40050,39250
2016-09-19,하이닉스,39200,38700,39450,38250
2016-09-19,한화에어로,62953,62036,63666,61731
2016-09-20,대한항공,19721,19385,19934,19203
2016-09-20,신한지주,39500,40100,40100,39300
2016-09-20,하이닉스,39250,39200,39450,38750
2016-09-20,한화에어로,62750,63055,63157,61120
2016-09-21,대한항공,19629,19507,19995,19355
2016-09-21,신한지주,40050,39300,40250,39150
2016-09-21,하이닉스,39150,39000,39150,38650
2016-09-21,한화에어로,62648,62342,62851,61629
2016-09-22,대한항공,20696,19934,20909,19904
2016-09-22,신한지주,39700,40350,40350,39700
2016-09-22,하이닉스,39400,39800,39800,39150
2016-09-22,한화에어로,63055,63055,63463,62240
2016-09-23,대한항공,20635,20696,20970,20574
2016-09-23,신한지주,40100,40300,40300,39700
2016-09-23,하이닉스,39350,39550,39650,39050
2016-09-23,한화에어로,64583,64583,66111,64278
2016-09-26,대한항공,20269,20635,20696,20147
2016-09-26,신한지주,40450,40100,40500,39950
2016-09-26,하이닉스,39500,39350,39500,38800
2016-09-26,한화에어로,63972,64787,65194,63666
2016-09-27,대한항공,21153,20483,21275,20483
2016-09-27,신한지주,40550,40050,40850,39900
2016-09-27,하이닉스,41150,39400,41150,39150
2016-09-27,한화에어로,64685,63564,64685,62953
2016-09-28,대한항공,21732,20696,21763,20544
2016-09-28,신한지주,40350,40400,40700,40200
2016-09-28,하이닉스,41200,41300,42000,40950
2016-09-28,한화에어로,64176,64685,64685,63666
2016-09-29,대한항공,21610,21610,21824,21336
2016-09-29,신한지주,40600,40250,40800,40250
2016-09-29,하이닉스,40200,40600,40750,40150
2016-09-29,한화에어로,64278,64379,64685,63666
2016-09-30,대한항공,21306,21610,21610,21092
2016-09-30,신한지주,40150,40200,40700,39750
2016-09-30,하이닉스,40200,39750,40950,39600
2016-09-30,한화에어로,64787,64176,65194,63666
2016-10-04,대한항공,20483,21275,21336,20330
2016-10-04,신한지주,40700,40650,40750,40300
2016-10-04,하이닉스,41800,41500,41800,41000
2016-10-04,한화에어로,66620,65092,66620,63157
2016-10-05,대한항공,20086,20513,20513,19965
2016-10-05,신한지주,40700,40150,40750,40000
2016-10-05,하이닉스,42600,42150,42950,41200
2016-10-05,한화에어로,66926,66722,67130,65704
2016-10-06,대한항공,19507,19873,20147,19416
2016-10-06,신한지주,40400,40600,40700,39800
2016-10-06,하이닉스,42550,43100,43150,42400
2016-10-06,한화에어로,66824,66417,67130,66111
2016-10-07,대한항공,19812,19324,19995,19294
2016-10-07,신한지주,39950,40000,40200,39800
2016-10-07,하이닉스,42200,42700,42700,41900
2016-10-07,한화에어로,66009,66620,66722,65194
2016-10-10,대한항공,19660,20056,20056,19629
2016-10-10,신한지주,40900,40350,41000,40200
2016-10-10,하이닉스,41300,42200,42500,41200
2016-10-10,한화에어로,66620,65602,67334,65602
2016-10-11,대한항공,19751,19934,20269,19599
2016-10-11,신한지주,41750,41400,41800,41100
2016-10-11,하이닉스,41300,41300,42000,41100
2016-10-11,한화에어로,66620,66926,67130,65806
2016-10-12,대한항공,20147,19568,20178,19538
2016-10-12,신한지주,42100,41950,42300,41600
2016-10-12,하이닉스,41250,41000,41900,41000
2016-10-12,한화에어로,66926,66620,67130,66111
2016-10-13,대한항공,19904,20117,20269,19904
2016-10-13,신한지주,41350,41600,41900,41350
2016-10-13,하이닉스,40950,41450,41700,40950
2016-10-13,한화에어로,65092,66722,66824,64991
2016-10-14,대한항공,19507,19904,20086,19507
2016-10-14,신한지주,41950,41550,42250,41500
2016-10-14,하이닉스,41550,41300,41900,41200
2016-10-14,한화에어로,66824,65602,67130,64685
2016-10-17,대한항공,19416,19507,19690,18959
2016-10-17,신한지주,42550,42000,42600,41750
2016-10-17,하이닉스,42300,41750,42300,41400
2016-10-17,한화에어로,66926,67232,67232,65500
2016-10-18,대한항공,18959,19385,19416,18776
2016-10-18,신한지주,43900,42500,43950,42400
2016-10-18,하이닉스,41650,42200,42300,41300
2016-10-18,한화에어로,68556,66417,68556,66111
2016-10-19,대한항공,19050,18989,19233,18867
2016-10-19,신한지주,44050,43950,44100,43150
2016-10-19,하이닉스,40050,41150,41450,39850
2016-10-19,한화에어로,68658,69065,69880,68148
2016-10-20,대한항공,19081,19324,19660,19081
2016-10-20,신한지주,43900,43400,43950,43400
2016-10-20,하이닉스,40050,40250,40300,38850
2016-10-20,한화에어로,68963,68760,69473,68250
2016-10-21,대한항공,19203,18959,19477,18959
2016-10-21,신한지주,43800,43900,44000,43550
2016-10-21,하이닉스,40950,39500,41000,39500
2016-10-21,한화에어로,68454,68556,69167,68148
2016-10-24,대한항공,19599,19507,19660,19385
2016-10-24,신한지주,43950,43800,44450,43600
2016-10-24,하이닉스,40150,41000,41150,39850
2016-10-24,한화에어로,65704,67843,68352,65194
2016-10-25,대한항공,19324,19507,19629,19264
2016-10-25,신한지주,44150,43700,44200,43550
2016-10-25,하이닉스,41050,40350,41650,40200
2016-10-25,한화에어로,65806,66111,67232,64991
2016-10-26,대한항공,18867,19660,19660,18593
2016-10-26,신한지주,43350,44000,44000,42800
2016-10-26,하이닉스,42900,41300,42900,41300
2016-10-26,한화에어로,66213,66213,67130,65194
2016-10-27,대한항공,19385,18867,19751,18867
2016-10-27,신한지주,43850,43450,44050,43100
2016-10-27,하이닉스,43000,42900,43600,42600
2016-10-27,한화에어로,65092,66213,66620,64991
2016-10-28,대한항공,19477,19355,19568,18898
2016-10-28,신한지주,43600,43300,43800,43250
2016-10-28,하이닉스,42450,42700,42950,42100
2016-10-28,한화에어로,65296,65194,66519,64379
2016-10-31,대한항공,19507,19324,19538,19203
2016-10-31,신한지주,43850,45000,45000,43650
2016-10-31,하이닉스,41000,42500,42900,41000
2016-10-31,한화에어로,64991,65194,66009,64583
2016-11-01,대한항공,19446,19690,19751,19324
2016-11-01,신한지주,43600,44500,44500,43100
2016-11-01,하이닉스,42000,41700,42350,41600
2016-11-01,한화에어로,51239,62648,62750,50678
2016-11-02,대한항공,19050,19538,19690,18989
2016-11-02,신한지주,42950,42750,43450,42750
2016-11-02,하이닉스,41000,41250,41400,40450
2016-11-02,한화에어로,49405,51035,51035,46757
2016-11-03,대한항공,19142,19020,19324,18959
2016-11-03,신한지주,43400,43400,43950,43000
2016-11-03,하이닉스,41150,40900,41700,40700
2016-11-03,한화에어로,50729,49303,51442,48539
2016-11-04,대한항공,19081,19142,19233,18959
2016-11-04,신한지주,43300,43550,43550,43050
2016-11-04,하이닉스,41200,41150,41400,40850
2016-11-04,한화에어로,49099,50526,51341,47571
2016-11-07,대한항공,19050,19294,19416,18837
2016-11-07,신한지주,43400,44150,44150,43100
2016-11-07,하이닉스,41500,41800,42050,41200
2016-11-07,한화에어로,48947,49405,50067,48539
2016-11-08,대한항공,19385,19507,19507,18928
2016-11-08,신한지주,42550,43800,43800,42450
2016-11-08,하이닉스,41500,42100,42150,41250
2016-11-08,한화에어로,47419,49150,49354,46960
2016-11-09,대한항공,18776,19507,19568,18288
2016-11-09,신한지주,42100,42750,43300,41600
2016-11-09,하이닉스,39650,41650,41750,38700
2016-11-09,한화에어로,49405,47571,55925,46553
2016-11-10,대한항공,18715,19203,19203,18715
2016-11-10,신한지주,44000,42950,44400,42850
2016-11-10,하이닉스,41000,41000,41050,40500
2016-11-10,한화에어로,51850,50526,53174,49711
2016-11-11,대한항공,17648,18623,18715,17587
2016-11-11,신한지주,45600,45000,46250,44700
2016-11-11,하이닉스,39850,40000,40450,39550
2016-11-11,한화에어로,52869,53072,53480,50933
2016-11-14,대한항공,17983,17526,18044,17435
2016-11-14,신한지주,45050,45700,45700,44550
2016-11-14,하이닉스,39700,40000,40450,39700
2016-11-14,한화에어로,55008,51850,55415,51646
2016-11-15,대한항공,18349,18197,18502,18136
2016-11-15,신한지주,45150,45350,45650,44250
2016-11-15,하이닉스,39700,39700,40400,39500
2016-11-15,한화에어로,54600,55313,57249,53887
2016-11-16,대한항공,18380,18380,18471,18197
2016-11-16,신한지주,44500,45500,45500,44450
2016-11-16,하이닉스,40850,40450,41000,40250
2016-11-16,한화에어로,56230,55313,56739,55008
2016-11-17,대한항공,18380,18288,18502,18136
2016-11-17,신한지주,43750,43700,43900,43450
2016-11-17,하이닉스,41900,41500,41900,41200
2016-11-17,한화에어로,56434,56638,57045,55415
2016-11-18,대한항공,18593,18288,18593,17922
2016-11-18,신한지주,44150,43950,44450,43600
2016-11-18,하이닉스,42000,42300,42400,41700
2016-11-18,한화에어로,56332,56536,56638,54702
2016-11-21,대한항공,18593,18562,18684,18410
2016-11-21,신한지주,43950,44350,44350,42950
2016-11-21,하이닉스,40750,41800,41900,40650
2016-11-21,한화에어로,54804,55721,56638,54702
2016-11-22,대한항공,18593,18471,18593,18349
2016-11-22,신한지주,43150,42900,43650,42800
2016-11-22,하이닉스,42700,41250,42800,41200
2016-11-22,한화에어로,54804,55008,55619,53480
2016-11-23,대한항공,19050,18654,19385,18593
2016-11-23,신한지주,44350,43250,44400,43200
2016-11-23,하이닉스,43050,43000,43900,42550
2016-11-23,한화에어로,53989,54906,55110,53174
2016-11-24,대한항공,18806,19111,19142,18654
2016-11-24,신한지주,44100,44500,44600,43700
2016-11-24,하이닉스,42650,43350,43850,42500
2016-11-24,한화에어로,51442,53480,53989,50424
2016-11-25,대한항공,18806,18715,18959,18502
2016-11-25,신한지주,43950,44300,44450,43700
2016-11-25,하이닉스,42600,43050,43300,42250
2016-11-25,한화에어로,53072,51137,53582,51137
2016-11-28,대한항공,18684,18623,18837,18319
2016-11-28,신한지주,43650,43300,44150,43150
2016-11-28,하이닉스,42600,42400,43250,42100
2016-11-28,한화에어로,53072,53683,53785,51952
2016-11-29,대한항공,18715,18745,18959,18654
2016-11-29,신한지주,43700,43750,43900,43350
2016-11-29,하이닉스,42400,42400,43100,41800
2016-11-29,한화에어로,51646,53072,53174,50729
2016-11-30,대한항공,19050,18776,19355,18776
2016-11-30,신한지주,44100,43450,44450,43450
2016-11-30,하이닉스,42900,42900,43800,42650
2016-11-30,한화에어로,48743,51646,51748,48386
2016-12-01,대한항공,18471,18502,18837,18410
2016-12-01,신한지주,43900,44550,44750,43600
2016-12-01,하이닉스,44200,43000,44400,43000
2016-12-01,한화에어로,46909,49099,49150,46400
2016-12-02,대한항공,18532,18441,18684,18166
2016-12-02,신한지주,43850,44250,44300,43800
2016-12-02,하이닉스,44400,43350,44500,43300
2016-12-02,한화에어로,43446,46757,46807,42937
2016-12-05,대한항공,18288,18532,18593,18288
2016-12-05,신한지주,43000,43500,43800,42950
2016-12-05,하이닉스,44400,44050,44600,43800
2016-12-05,한화에어로,42427,42886,43904,41409
2016-12-06,대한항공,18288,18349,18441,18014
2016-12-06,신한지주,43000,43200,43600,42900
2016-12-06,하이닉스,45200,44700,45500,44600
2016-12-06,한화에어로,43191,42580,43752,42580
2016-12-07,대한항공,17709,18349,18349,17587
2016-12-07,신한지주,44800,43800,45000,43500
2016-12-07,하이닉스,45250,45750,45800,45200
2016-12-07,한화에어로,43242,42886,43548,42529
2016-12-08,대한항공,17861,17800,17861,17435
2016-12-08,신한지주,47300,46450,47300,45750
2016-12-08,하이닉스,46250,46200,46650,46100
2016-12-08,한화에어로,43140,43802,43853,42733
2016-12-09,대한항공,17983,17709,18014,17587
2016-12-09,신한지주,47050,47250,47250,46550
2016-12-09,하이닉스,45500,46450,46750,45450
2016-12-09,한화에어로,43395,43293,43497,42835
2016-12-12,대한항공,17709,18044,18075,17618
2016-12-12,신한지주,47100,47050,47500,46650
2016-12-12,하이닉스,45300,45750,45850,44850
2016-12-12,한화에어로,45534,43853,45585,43344
2016-12-13,대한항공,17983,17800,18044,17526
2016-12-13,신한지주,46150,46150,46750,45650
2016-12-13,하이닉스,44950,44700,45700,44700
2016-12-13,한화에어로,44566,45534,45840,44210
2016-12-14,대한항공,18227,17953,18349,17892
2016-12-14,신한지주,47550,46350,47550,46150
2016-12-14,하이닉스,45850,45350,46100,45350
2016-12-14,한화에어로,45534,44974,46094,44770
2016-12-15,대한항공,18197,18197,18319,18075
2016-12-15,신한지주,46200,46150,46750,46100
2016-12-15,하이닉스,45600,45850,46050,45000
2016-12-15,한화에어로,46553,46145,47011,45585
2016-12-16,대한항공,17983,18075,18197,17739
2016-12-16,신한지주,47600,46650,48000,46500
2016-12-16,하이닉스,46400,45800,46450,45700
2016-12-16,한화에어로,46349,46858,47164,45942
2016-12-19,대한항공,17618,17861,17892,17587
2016-12-19,신한지주,47350,46550,47900,46500
2016-12-19,하이닉스,45150,46250,46300,45050
2016-12-19,한화에어로,45229,46655,46655,45025
2016-12-20,대한항공,17739,17709,17800,17587
2016-12-20,신한지주,47250,47000,47550,46700
2016-12-20,하이닉스,45150,45400,45550,44950
2016-12-20,한화에어로,45381,45483,46655,45330
2016-12-21,대한항공,17526,17648,17770,17526
2016-12-21,신한지주,47700,47950,48400,47600
2016-12-21,하이닉스,45000,45500,45750,45000
2016-12-21,한화에어로,45738,45534,45942,45483
2016-12-22,대한항공,17709,17496,17709,17465
2016-12-22,신한지주,47300,48000,48200,47000
2016-12-22,하이닉스,45500,46000,46650,45150
2016-12-22,한화에어로,44159,45483,45738,44108
2016-12-23,대한항공,17526,17526,17648,17496
2016-12-23,신한지주,46800,47600,47700,46650
2016-12-23,하이닉스,46300,46200,46400,45950
2016-12-23,한화에어로,44515,44159,44974,43853
2016-12-26,대한항공,17557,17404,17618,17404
2016-12-26,신한지주,47250,46800,47350,46650
2016-12-26,하이닉스,45650,46200,46600,45250
2016-12-26,한화에어로,43548,45127,45127,43497
2016-12-27,대한항공,17496,17496,17709,17465
2016-12-27,신한지주,47550,47500,47850,47150
2016-12-27,하이닉스,45650,45550,45950,45400
2016-12-27,한화에어로,43752,43191,44057,43038
2016-12-28,대한항공,17313,17435,17496,17191
2016-12-28,신한지주,45750,46250,46550,45750
2016-12-28,하이닉스,45350,45350,45750,45100
2016-12-28,한화에어로,43802,43701,44515,43548
2016-12-29,대한항공,16673,17099,17252,16612
2016-12-29,신한지주,45250,46200,46200,44950
2016-12-29,하이닉스,44700,45150,45200,44600
2016-12-29,한화에어로,44261,44159,44414,43548
2017-01-02,대한항공,16307,16673,16764,16246
2017-01-02,신한지주,45300,45400,45850,45000
2017-01-02,하이닉스,45800,44750,46000,44600
2017-01-02,한화에어로,45585,44668,45687,44566
2017-01-03,대한항공,16520,16337,16520,16276
2017-01-03,신한지주,46450,45600,46450,45000
2017-01-03,하이닉스,47250,46200,47300,46200
2017-01-03,한화에어로,47826,45483,48437,45432
2017-01-04,대한항공,16490,16520,16520,16215
2017-01-04,신한지주,47000,45900,47000,45800
2017-01-04,하이닉스,46500,47000,47150,46200
2017-01-04,한화에어로,47571,48132,49405,47470
2017-01-05,대한항공,16703,16459,16764,16459
2017-01-05,신한지주,45100,45700,46000,45050
2017-01-05,하이닉스,46950,47000,47500,46850
2017-01-05,한화에어로,48081,48081,48132,47113
2017-01-06,대한항공,16337,15911,16490,15819
2017-01-06,신한지주,45300,44900,45300,44550
2017-01-06,하이닉스,48000,47700,48450,47600
2017-01-06,한화에어로,49150,47826,49303,47521
2017-01-09,대한항공,15880,16246,16276,15758
2017-01-09,신한지주,44850,44950,45250,44850
2017-01-09,하이닉스,49550,48500,49750,48200
2017-01-09,한화에어로,47826,49150,49252,47521
2017-01-10,대한항공,15880,15972,16063,15758
2017-01-10,신한지주,44900,44800,45050,44700
2017-01-10,하이닉스,49750,49850,50200,49200
2017-01-10,한화에어로,47266,47419,47622,46196
2017-01-11,대한항공,16063,15941,16063,15819
2017-01-11,신한지주,45300,45150,45450,44800
2017-01-11,하이닉스,51600,50000,51900,50000
2017-01-11,한화에어로,48386,47571,48692,47521
2017-01-12,대한항공,16581,16063,16612,16002
2017-01-12,신한지주,45400,45300,45450,45000
2017-01-12,하이닉스,50600,51600,51600,50400
2017-01-12,한화에어로,48386,48386,49201,48285
2017-01-13,대한항공,16520,16398,16551,16246
2017-01-13,신한지주,44800,45000,45250,44700
2017-01-13,하이닉스,50300,49850,50700,49850
2017-01-13,한화에어로,48030,48132,48743,47419
2017-01-16,대한항공,16551,16612,16703,16368
2017-01-16,신한지주,45650,44950,46100,44900
2017-01-16,하이닉스,49300,50100,50300,48800
2017-01-16,한화에어로,46960,48030,48234,46960
2017-01-17,대한항공,16429,16551,16581,16398
2017-01-17,신한지주,46350,45950,46600,45600
2017-01-17,하이닉스,49300,49300,50200,49250
2017-01-17,한화에어로,45330,46757,46807,45279
2017-01-18,대한항공,16703,16520,16795,16520
2017-01-18,신한지주,46500,46350,46700,46050
2017-01-18,하이닉스,48850,48950,49400,48300
2017-01-18,한화에어로,45636,45636,46043,45330
2017-01-19,대한항공,17008,16612,17130,16612
2017-01-19,신한지주,46500,45850,46600,45850
2017-01-19,하이닉스,49600,49550,50100,49100
2017-01-19,한화에어로,44923,45330,45993,44872
2017-01-20,대한항공,17069,17069,17099,16795
2017-01-20,신한지주,46300,46400,46600,45950
2017-01-20,하이닉스,49150,49700,50100,49150
2017-01-20,한화에어로,44210,44515,44770,43802
2017-01-23,대한항공,17313,16825,17313,16825
2017-01-23,신한지주,45600,46000,46300,45550
2017-01-23,하이닉스,50800,49950,51000,49900
2017-01-23,한화에어로,44872,44414,45279,44312
2017-01-24,대한항공,17151,17313,17507,17086
2017-01-24,신한지주,45300,45250,45700,45100
2017-01-24,하이닉스,51600,51300,52000,51100
2017-01-24,한화에어로,43904,44719,44872,43802
2017-01-25,대한항공,16794,17151,17248,16729
2017-01-25,신한지주,45800,45650,46000,45250
2017-01-25,하이닉스,51700,52200,52500,51600
2017-01-25,한화에어로,42478,44210,44210,42427
2017-01-26,대한항공,17151,16826,17216,16437
2017-01-26,신한지주,46250,45700,46600,45600
2017-01-26,하이닉스,53300,52500,53500,52400
2017-01-26,한화에어로,42682,42631,43089,41969
2017-01-31,대한항공,17086,17118,17248,16859
2017-01-31,신한지주,45900,46100,46800,45900
2017-01-31,하이닉스,53700,53300,54500,52700
2017-01-31,한화에어로,42478,42529,43089,42071
2017-02-01,대한항공,17507,17183,17507,17086
2017-02-01,신한지주,46100,46100,46350,45300
2017-02-01,하이닉스,54000,54300,54900,53700
2017-02-01,한화에어로,44515,42478,44515,42478
2017-02-02,대한항공,17605,17540,17799,17345
2017-02-02,신한지주,46050,46350,46350,45500
2017-02-02,하이닉스,52800,53500,54000,52700
2017-02-02,한화에어로,43701,45076,45076,43548
2017-02-03,대한항공,17410,17702,17734,17086
2017-02-03,신한지주,46200,46100,46750,45850
2017-02-03,하이닉스,53700,52500,53700,51800
2017-02-03,한화에어로,42427,43752,43752,42274
2017-02-06,대한항공,17151,17313,17442,17118
2017-02-06,신한지주,46450,46900,47200,46450
2017-02-06,하이닉스,53700,54200,54400,53300
2017-02-06,한화에어로,43038,42580,43140,42580
2017-02-07,대한항공,17442,17151,17475,17118
2017-02-07,신한지주,46200,46700,46700,45800
2017-02-07,하이닉스,53300,53800,54500,53100
2017-02-07,한화에어로,43701,42835,43752,42122
2017-02-08,대한항공,17248,17345,17345,17151
2017-02-08,신한지주,46050,45900,46300,45650
2017-02-08,하이닉스,54600,53700,54600,52400
2017-02-08,한화에어로,42478,43802,43853,42478
2017-02-09,대한항공,17378,17183,17475,17183
2017-02-09,신한지주,46650,46100,48000,45800
2017-02-09,하이닉스,52700,53100,53700,52500
2017-02-09,한화에어로,42122,42478,42784,42071
2017-02-10,대한항공,17832,17605,17832,17410
2017-02-10,신한지주,47500,47100,47900,47100
2017-02-10,하이닉스,50000,52000,52200,50000
2017-02-10,한화에어로,40746,42274,42478,40645
2017-02-13,대한항공,17799,17832,17929,17540
2017-02-13,신한지주,47100,47500,47550,46800
2017-02-13,하이닉스,50700,49550,51000,49500
2017-02-13,한화에어로,41510,40746,41867,39932
2017-02-14,대한항공,18026,17734,18058,17702
2017-02-14,신한지주,47250,47250,47500,46850
2017-02-14,하이닉스,48450,51100,51600,48100
2017-02-14,한화에어로,41816,41561,42224,41001
2017-02-15,대한항공,17702,18091,18188,17669
2017-02-15,신한지주,46750,47150,47350,46650
2017-02-15,하이닉스,47900,48300,48700,47550
2017-02-15,한화에어로,42580,42224,42886,42071
2017-02-16,대한항공,17216,17669,17702,17118
2017-02-16,신한지주,46900,47150,47250,46500
2017-02-16,하이닉스,49600,48350,49600,48200
2017-02-16,한화에어로,41867,42325,42478,41663
2017-02-17,대한항공,17118,17151,17183,16826
2017-02-17,신한지주,47050,46900,47250,46550
2017-02-17,하이닉스,50400,50400,51100,50200
2017-02-17,한화에어로,41918,41816,42580,41561
2017-02-20,대한항공,17345,17086,17378,16989
2017-02-20,신한지주,46450,47300,47300,46200
2017-02-20,하이닉스,49900,50900,51000,49600
2017-02-20,한화에어로,42224,43293,43446,42173
2017-02-21,대한항공,18058,17345,18123,17248
2017-02-21,신한지주,47050,46600,47300,46450
2017-02-21,하이닉스,50900,49950,51000,49350
2017-02-21,한화에어로,42427,42376,43038,41918
2017-02-22,대한항공,18415,18058,18707,18026
2017-02-22,신한지주,47200,47400,47450,46850
2017-02-22,하이닉스,50600,51600,51700,50600
2017-02-22,한화에어로,44821,42376,44821,42376
2017-02-23,대한항공,18869,18545,18966,18253
2017-02-23,신한지주,47250,46600,47300,46600
2017-02-23,하이닉스,50200,50000,50400,49050
2017-02-23,한화에어로,45687,44923,46247,44108
2017-02-24,대한항공,18674,18804,18934,18253
2017-02-24,신한지주,46800,46900,47500,46650
2017-02-24,하이닉스,47500,49850,50000,47400
2017-02-24,한화에어로,45738,45687,45738,44617
2017-02-27,대한항공,18448,18674,18869,18285
2017-02-27,신한지주,45800,47100,47150,45700
2017-02-27,하이닉스,46000,46850,47000,45650
2017-02-27,한화에어로,45178,45738,45840,44668
2017-02-28,대한항공,18739,18350,18804,18123
2017-02-28,신한지주,46700,45900,46700,45850
2017-02-28,하이닉스,46700,46600,47600,46200
2017-02-28,한화에어로,44719,45229,45330,44261
2017-03-02,대한항공,18350,18869,18869,18253
2017-03-02,신한지주,47050,47500,47800,46650
2017-03-02,하이닉스,47700,46850,47850,46800
2017-03-02,한화에어로,45789,44821,45789,44414
2017-03-03,대한항공,17475,18058,18091,17248
2017-03-03,신한지주,47150,47050,47750,46850
2017-03-03,하이닉스,47100,47650,48250,46700
2017-03-03,한화에어로,44821,46298,46298,44617
2017-03-06,대한항공,17442,17216,17605,16989
2017-03-06,신한지주,46800,47100,47450,46650
2017-03-06,하이닉스,49350,47600,49400,47550
2017-03-06,한화에어로,44974,45127,45330,44566
2017-03-07,대한항공,17572,17442,17669,17313
2017-03-07,신한지주,46950,46650,47300,46550
2017-03-07,하이닉스,48800,49100,49300,48050
2017-03-07,한화에어로,46247,44770,46298,44566
2017-03-08,대한항공,17378,17475,17475,17086
2017-03-08,신한지주,47150,46600,47500,46600
2017-03-08,하이닉스,48000,48800,49300,47900
2017-03-08,한화에어로,45687,46502,47113,45381
2017-03-09,대한항공,18253,17345,18318,17313
2017-03-09,신한지주,46650,47700,47950,46650
2017-03-09,하이닉스,48000,48200,48850,48000
2017-03-09,한화에어로,45330,45636,45840,45229
2017-03-10,대한항공,18026,18253,18545,17896
2017-03-10,신한지주,47350,46950,47350,46400
2017-03-10,하이닉스,49200,48100,49550,47500
2017-03-10,한화에어로,45076,45432,46196,44414
2017-03-13,대한항공,18188,18058,18318,17929
2017-03-13,신한지주,49050,47800,49150,47700
2017-03-13,하이닉스,51000,49550,51100,49300
2017-03-13,한화에어로,46757,45229,46858,45127
2017-03-14,대한항공,18901,18221,19161,18188
2017-03-14,신한지주,49700,50000,50300,49150
2017-03-14,하이닉스,50300,51800,51900,50300
2017-03-14,한화에어로,45840,46655,46757,45789
2017-03-15,대한항공,18934,18837,19031,18415
2017-03-15,신한지주,49400,49300,49900,48850
2017-03-15,하이닉스,48800,49350,49500,48550
2017-03-15,한화에어로,45432,45687,45789,44923
2017-03-16,대한항공,19096,19096,19582,19064
2017-03-16,신한지주,49450,49750,49800,49000
2017-03-16,하이닉스,49150,49350,49650,48500
2017-03-16,한화에어로,46604,45942,46757,45432
2017-03-17,대한항공,19290,19096,19290,18707
2017-03-17,신한지주,49750,49400,49750,49100
2017-03-17,하이닉스,46750,48400,48400,46600
2017-03-17,한화에어로,47164,46858,47571,46553
2017-03-20,대한항공,19226,19290,19420,18869
2017-03-20,신한지주,49000,49700,49700,48650
2017-03-20,하이닉스,47600,46950,47650,46550
2017-03-20,한화에어로,46655,47368,47673,46349
2017-03-21,대한항공,20036,19258,20101,19226
2017-03-21,신한지주,48500,49100,49150,48200
2017-03-21,하이닉스,47550,47900,48250,47000
2017-03-21,한화에어로,46298,46909,47011,46247
2017-03-22,대한항공,19517,19842,20101,19485
2017-03-22,신한지주,47750,47700,48250,47450
2017-03-22,하이닉스,48650,47000,48800,47000
2017-03-22,한화에어로,46858,46247,47419,46247
2017-03-23,대한항공,19906,19744,20263,19680
2017-03-23,신한지주,48350,48250,48950,47700
2017-03-23,하이닉스,48450,48950,49300,48150
2017-03-23,한화에어로,49150,47062,49303,46553
2017-03-24,대한항공,20069,19582,20263,19582
2017-03-24,신한지주,49000,48500,49400,48450
2017-03-24,하이닉스,49500,50000,50200,49300
2017-03-24,한화에어로,49099,49507,50373,48692
2017-03-27,대한항공,20425,19939,20458,19744
2017-03-27,신한지주,48050,48400,48600,47700
2017-03-27,하이닉스,50700,50000,51100,49950
2017-03-27,한화에어로,48030,48896,48947,47571
2017-03-28,대한항공,20458,20166,20522,20166
2017-03-28,신한지주,47800,47750,48050,47050
2017-03-28,하이닉스,50800,51200,51300,50000
2017-03-28,한화에어로,48590,48335,48845,48030
2017-03-29,대한항공,20587,20425,21009,20295
2017-03-29,신한지주,47300,48000,48050,47000
2017-03-29,하이닉스,51300,51000,52200,50800
2017-03-29,한화에어로,47724,48590,48641,47164
2017-03-30,대한항공,19971,20555,20587,19874
2017-03-30,신한지주,46950,47450,47450,46600
2017-03-30,하이닉스,50900,51100,51500,50200
2017-03-30,한화에어로,47622,47571,47877,46909
2017-03-31,대한항공,20458,20036,20555,19939
2017-03-31,신한지주,46600,47350,47350,46550
2017-03-31,하이닉스,50500,50800,50800,49900
2017-03-31,한화에어로,47979,47673,48998,47673
2017-04-03,대한항공,20166,20555,20555,19939
2017-04-03,신한지주,46800,46450,47200,46350
2017-04-03,하이닉스,51800,50800,51900,50700
2017-04-03,한화에어로,48947,49507,50220,48743
2017-04-04,대한항공,20166,20101,20328,20101
2017-04-04,신한지주,46700,46900,46900,46250
2017-04-04,하이닉스,51000,52100,52200,50800
2017-04-04,한화에어로,48794,48641,49354,48030
2017-04-05,대한항공,20069,20166,20263,19842
2017-04-05,신한지주,47300,47200,47750,46650
2017-04-05,하이닉스,50300,50600,51000,49950
2017-04-05,한화에어로,47877,48998,48998,47673
2017-04-06,대한항공,19809,20036,20036,19647
2017-04-06,신한지주,47700,47800,47800,47050
2017-04-06,하이닉스,49400,50300,50500,49100
2017-04-06,한화에어로,48386,47571,49201,47521
2017-04-07,대한항공,19777,19939,20231,19647
2017-04-07,신한지주,46850,48000,48000,46500
2017-04-07,하이닉스,49800,49450,49800,48700
2017-04-07,한화에어로,48437,47979,48641,47979
2017-04-10,대한항공,19355,19777,19842,19064
2017-04-10,신한지주,46000,46850,46900,45900
2017-04-10,하이닉스,49000,49700,49750,48950
2017-04-10,한화에어로,49711,48794,50016,48590
2017-04-11,대한항공,19842,19258,19874,19258
2017-04-11,신한지주,45800,46250,46450,45650
2017-04-11,하이닉스,48850,48550,49350,48400
2017-04-11,한화에어로,49507,49813,49813,48437
2017-04-12,대한항공,19550,19971,20004,19550
2017-04-12,신한지주,45600,46100,46100,45450
2017-04-12,하이닉스,49000,48800,49200,48550
2017-04-12,한화에어로,48590,49558,49762,48539
2017-04-13,대한항공,19906,19744,19939,19647
2017-04-13,신한지주,46550,45500,46600,45400
2017-04-13,하이닉스,49750,49100,50200,48650
2017-04-13,한화에어로,48539,48437,48641,48132
2017-04-14,대한항공,19453,19647,19842,19290
2017-04-14,신한지주,46250,45700,46250,45600
2017-04-14,하이닉스,49800,49750,50700,49450
2017-04-14,한화에어로,48386,48692,49354,48335
2017-04-17,대한항공,19680,19453,19874,19453
2017-04-17,신한지주,47000,46500,47200,46500
2017-04-17,하이닉스,49200,50200,50300,49100
2017-04-17,한화에어로,47877,48183,48335,47521
2017-04-18,대한항공,19485,19842,19874,19128
2017-04-18,신한지주,47050,47200,47400,46950
2017-04-18,하이닉스,50200,49600,50400,49300
2017-04-18,한화에어로,48590,47877,48743,47571
2017-04-19,대한항공,19226,19420,19550,19128
2017-04-19,신한지주,47200,47350,47400,46550
2017-04-19,하이닉스,49850,50300,50400,49850
2017-04-19,한화에어로,50118,48641,50373,48437
2017-04-20,대한항공,19453,19128,19517,19128
2017-04-20,신한지주,47650,47250,47700,46800
2017-04-20,하이닉스,51400,49750,51700,49700
2017-04-20,한화에어로,50373,50373,51442,49914
2017-04-21,대한항공,19939,19550,19971,19388
2017-04-21,신한지주,47650,48150,48450,47450
2017-04-21,하이닉스,52000,51800,52500,51300
2017-04-21,한화에어로,49863,50831,50831,49507
2017-04-24,대한항공,20004,19971,20101,19809
2017-04-24,신한지주,48800,48100,48800,47900
2017-04-24,하이닉스,52400,52700,53200,52100
2017-04-24,한화에어로,51035,49914,52155,49914
2017-04-25,대한항공,20101,20069,20133,19744
2017-04-25,신한지주,48900,48700,48950,48150
2017-04-25,하이닉스,52400,52800,52800,51300
2017-04-25,한화에어로,51646,51035,51748,50729
2017-04-26,대한항공,20069,20198,20231,19906
2017-04-26,신한지주,48650,48800,49050,48450
2017-04-26,하이닉스,53700,53100,54200,53000
2017-04-26,한화에어로,52257,51544,52563,51239
2017-04-27,대한항공,20295,20166,20328,19971
2017-04-27,신한지주,48000,48300,49250,47600
2017-04-27,하이닉스,53600,53800,53900,52700
2017-04-27,한화에어로,54091,52257,54702,51850
2017-04-28,대한항공,19874,20133,20231,19777
2017-04-28,신한지주,47550,46850,47650,46850
2017-04-28,하이닉스,54000,53600,54700,53400
2017-04-28,한화에어로,52970,54397,54397,52257
2017-05-02,대한항공,20004,19906,20133,19809
2017-05-02,신한지주,48150,48100,48800,47600
2017-05-02,하이닉스,55400,55300,55900,54800
2017-05-02,한화에어로,51646,52869,52970,51239
2017-05-04,대한항공,21268,20133,21365,20133
2017-05-04,신한지주,48450,48600,48700,48000
2017-05-04,하이닉스,55900,55900,55900,55000
2017-05-04,한화에어로,51850,51442,52563,51442
2017-05-08,대한항공,21106,21398,21398,20847
2017-05-08,신한지주,49850,48800,49850,48200
2017-05-08,하이닉스,56900,56000,57000,55700
2017-05-08,한화에어로,52563,51952,52563,51544
2017-05-10,대한항공,20685,20944,21236,20620
2017-05-10,신한지주,49300,50500,51400,49300
2017-05-10,하이닉스,55600,57400,58100,55200
2017-05-10,한화에어로,51646,52767,53785,51646
2017-05-11,대한항공,20490,20879,21041,20263
2017-05-11,신한지주,50800,50000,50800,49700
2017-05-11,하이닉스,56400,56000,56400,54800
2017-05-11,한화에어로,52257,52054,52665,51646
2017-05-12,대한항공,20911,20717,21138,20587
2017-05-12,신한지주,50100,50800,51200,50000
2017-05-12,하이닉스,55300,56400,56400,55100
2017-05-12,한화에어로,52461,51850,52665,51646
2017-05-15,대한항공,20879,20847,21203,20749
2017-05-15,신한지주,50100,50500,50900,49950
2017-05-15,하이닉스,55600,55300,56100,55300
2017-05-15,한화에어로,52257,52767,52869,51850
2017-05-16,대한항공,20911,20847,21074,20522
2017-05-16,신한지주,49900,50900,51000,49600
2017-05-16,하이닉스,55300,56200,56800,55200
2017-05-16,한화에어로,51442,52054,52155,50729
2017-05-17,대한항공,21236,21106,21268,20879
2017-05-17,신한지주,49100,49700,50000,48850
2017-05-17,하이닉스,54700,55400,55700,54400
2017-05-17,한화에어로,49405,51035,51137,48488
2017-05-18,대한항공,21203,20879,21495,20847
2017-05-18,신한지주,48700,48500,48900,48150
2017-05-18,하이닉스,55700,53600,55700,53400
2017-05-18,한화에어로,49405,48794,50016,48692
2017-05-19,대한항공,21592,21430,21819,21301
2017-05-19,신한지주,48800,48800,49800,48700
2017-05-19,하이닉스,54200,55100,55600,54200
2017-05-19,한화에어로,50322,49507,50627,49303
2017-05-22,대한항공,21365,21592,21657,21203
2017-05-22,신한지주,49100,48900,49350,48800
2017-05-22,하이닉스,56000,54900,56000,54800
2017-05-22,한화에어로,49558,50678,50780,49405
2017-05-23,대한항공,21625,21527,21722,21301
2017-05-23,신한지주,49500,49200,50100,49200
2017-05-23,하이닉스,55100,56400,56500,55000
2017-05-23,한화에어로,48743,49762,49813,48590
2017-05-24,대한항공,22338,21722,22533,21657
2017-05-24,신한지주,49300,50300,50400,49150
2017-05-24,하이닉스,55800,55700,56500,55600
2017-05-24,한화에어로,48845,48947,49609,48743
2017-05-25,대한항공,22857,22565,22954,22241
2017-05-25,신한지주,49400,49550,49900,49300
2017-05-25,하이닉스,55800,56400,56400,55400
2017-05-25,한화에어로,50169,49252,50220,48998
2017-05-26,대한항공,23019,23149,23505,22824
2017-05-26,신한지주,49650,49200,50200,49050
2017-05-26,하이닉스,57100,56000,57100,56000
2017-05-26,한화에어로,51748,50373,51850,49609
2017-05-29,대한항공,22727,23019,23019,22500
2017-05-29,신한지주,49750,49950,49950,49500
2017-05-29,하이닉스,57900,57700,58800,57100
2017-05-29,한화에어로,50627,52257,52257,50424
2017-05-30,대한항공,22857,22759,23051,22695
2017-05-30,신한지주,49050,49500,49600,49000
2017-05-30,하이닉스,57400,58200,58400,56600
2017-05-30,한화에어로,51341,51035,51544,50577
2017-05-31,대한항공,23019,22922,23149,22630
2017-05-31,신한지주,49450,48850,49500,48500
2017-05-31,하이닉스,57000,57400,57900,56500
2017-05-31,한화에어로,50882,50933,51341,50678
2017-06-01,대한항공,22759,23116,23116,22403
2017-06-01,신한지주,49250,49400,49550,48800
2017-06-01,하이닉스,56400,56700,56900,56100
2017-06-01,한화에어로,50118,50526,51035,49762
2017-06-02,대한항공,23570,22922,23570,22824
2017-06-02,신한지주,49900,49300,50100,49250
2017-06-02,하이닉스,57100,56900,57500,56400
2017-06-02,한화에어로,50118,49965,50169,49405
2017-06-05,대한항공,23408,23700,23894,23311
2017-06-05,신한지주,49400,50000,50300,49150
2017-06-05,하이닉스,56100,57200,57200,55900
2017-06-05,한화에어로,50475,50322,50627,49507
2017-06-07,대한항공,24251,23343,24316,23343
2017-06-07,신한지주,49300,49100,49500,49050
2017-06-07,하이닉스,56500,55900,56900,55400
2017-06-07,한화에어로,49609,49965,50118,49558
2017-06-08,대한항공,24316,24640,24640,23959
2017-06-08,신한지주,49400,49200,49850,48800
2017-06-08,하이닉스,56700,56500,57000,56200
2017-06-08,한화에어로,49150,49914,49914,48743
2017-06-09,대한항공,24607,24348,24964,24348
2017-06-09,신한지주,49900,49350,50100,49300
2017-06-09,하이닉스,58300,56700,58400,56500
2017-06-09,한화에어로,47622,49201,49303,47521
2017-06-12,대한항공,24121,24575,24575,23991
2017-06-12,신한지주,50300,50500,51200,49900
2017-06-12,하이닉스,57500,57200,57900,56800
2017-06-12,한화에어로,47011,47928,47928,46247
2017-06-13,대한항공,24186,23991,24575,23959
2017-06-13,신한지주,50100,50300,50400,49800
2017-06-13,하이닉스,58800,57700,58900,56900
2017-06-13,한화에어로,47470,47011,48234,46960
2017-06-14,대한항공,24445,24316,24445,23959
2017-06-14,신한지주,50700,50200,50700,49700
2017-06-14,하이닉스,59300,59200,60000,58800
2017-06-14,한화에어로,47011,47470,47877,46909
2017-06-15,대한항공,24121,24543,24575,24056
2017-06-15,신한지주,50100,50600,50900,49650
2017-06-15,하이닉스,60600,59300,61000,59300
2017-06-15,한화에어로,45840,47062,47062,45381
2017-06-16,대한항공,23894,24121,24154,23700
2017-06-16,신한지주,50600,50200,50600,49550
2017-06-16,하이닉스,60500,61100,61600,59900
2017-06-16,한화에어로,45993,46043,46502,45738
2017-06-19,대한항공,25126,23862,25126,23829
2017-06-19,신한지주,50200,50800,50800,50000
2017-06-19,하이닉스,62800,61300,63200,61300
2017-06-19,한화에어로,45127,46043,46298,45025
2017-06-20,대한항공,24607,25418,25450,24478
2017-06-20,신한지주,49600,49950,50000,49300
2017-06-20,하이닉스,64000,64700,65400,63700
2017-06-20,한화에어로,43904,45025,45330,43802
2017-06-21,대한항공,24640,24834,24932,24316
2017-06-21,신한지주,48450,49250,49400,48100
2017-06-21,하이닉스,64800,63300,66300,62900
2017-06-21,한화에어로,45534,43701,46043,43701
2017-06-22,대한항공,24964,24834,25256,24575
2017-06-22,신한지주,48750,48850,48950,48250
2017-06-22,하이닉스,65000,66500,66500,64500
2017-06-22,한화에어로,45330,45687,45687,44414
2017-06-23,대한항공,24964,25029,25418,24867
2017-06-23,신한지주,48800,49100,49350,48700
2017-06-23,하이닉스,65000,64500,65400,63500
2017-06-23,한화에어로,46247,45127,46298,45127
2017-06-26,대한항공,24575,25386,25386,24413
2017-06-26,신한지주,48550,48600,48750,48300
2017-06-26,하이닉스,67500,65000,67500,65000
2017-06-26,한화에어로,45738,46298,46349,45229
2017-06-27,대한항공,24802,24445,24932,24445
2017-06-27,신한지주,48500,48950,49000,48300
2017-06-27,하이닉스,69200,68200,69600,67000
2017-06-27,한화에어로,46655,45840,47062,45534
2017-06-28,대한항공,24640,24737,24899,24478
2017-06-28,신한지주,49900,48600,49900,48350
2017-06-28,하이닉스,67200,68100,69200,66800
2017-06-28,한화에어로,46247,46655,46706,45891
2017-06-29,대한항공,25094,24672,25159,24672
2017-06-29,신한지주,49900,49900,51300,49900
2017-06-29,하이닉스,68500,67900,68800,67100
2017-06-29,한화에어로,46298,46757,46757,46145
2017-06-30,대한항공,25094,25061,25223,24834
2017-06-30,신한지주,49300,50200,50300,49250
2017-06-30,하이닉스,67400,67400,67800,67000
2017-06-30,한화에어로,45330,46247,46247,45178
2017-07-03,대한항공,24316,25126,25321,24056
2017-07-03,신한지주,49550,49750,49950,49250
2017-07-03,하이닉스,66300,66500,66900,65500
2017-07-03,한화에어로,45432,45789,45789,44821
2017-07-04,대한항공,23440,24348,24413,23278
2017-07-04,신한지주,49900,49800,50300,49650
2017-07-04,하이닉스,65800,65900,67100,65300
2017-07-04,한화에어로,44363,45432,45789,44312
2017-07-05,대한항공,23862,23440,23862,23181
2017-07-05,신한지주,49550,49600,50000,49200
2017-07-05,하이닉스,68000,65600,68200,65300
2017-07-05,한화에어로,45127,44363,45381,44363
2017-07-06,대한항공,23797,24186,24186,23667
2017-07-06,신한지주,49200,49250,49600,49050
2017-07-06,하이닉스,68100,69000,69400,67500
2017-07-06,한화에어로,45636,45432,46043,45178
2017-07-07,대한항공,23278,23440,23894,22857
2017-07-07,신한지주,48900,48750,49000,48700
2017-07-07,하이닉스,66600,67600,68400,66100
2017-07-07,한화에어로,44821,45381,45483,44617
2017-07-10,대한항공,23732,23440,23927,23375
2017-07-10,신한지주,49400,48850,49650,48700
2017-07-10,하이닉스,67300,67000,67500,65700
2017-07-10,한화에어로,44261,44923,45534,44159
2017-07-11,대한항공,23959,23667,23991,23375
2017-07-11,신한지주,49950,49650,50300,49550
2017-07-11,하이닉스,69000,67400,69000,66900
2017-07-11,한화에어로,43904,44006,44363,43395
2017-07-12,대한항공,23538,23991,24056,23408
2017-07-12,신한지주,49600,49800,49900,49450
2017-07-12,하이닉스,68900,68700,69500,68400
2017-07-12,한화에어로,43497,43853,44566,43293
2017-07-13,대한항공,23635,23635,23894,23473
2017-07-13,신한지주,49050,49950,49950,49050
2017-07-13,하이닉스,70600,69500,71900,69200
2017-07-13,한화에어로,43752,43497,44057,43446
2017-07-14,대한항공,22986,23635,23667,22727
2017-07-14,신한지주,49100,49150,49450,48900
2017-07-14,하이닉스,71100,71400,72200,70700
2017-07-14,한화에어로,40950,43599,43955,40237
2017-07-17,대한항공,23667,22986,23765,22954
2017-07-17,신한지주,49300,49350,49450,49050
2017-07-17,하이닉스,71200,71800,71900,70200
2017-07-17,한화에어로,40033,40033,40746,38913
2017-07-18,대한항공,23862,23797,24056,23765
2017-07-18,신한지주,50100,49550,50400,49400
2017-07-18,하이닉스,70800,70700,71800,70600
2017-07-18,한화에어로,39422,39830,40492,39371
2017-07-19,대한항공,24251,23991,24316,23862
2017-07-19,신한지주,50800,50400,51000,50000
2017-07-19,하이닉스,71000,71200,71200,70000
2017-07-19,한화에어로,40390,39932,40848,39881
2017-07-20,대한항공,24218,24316,24445,24056
2017-07-20,신한지주,50600,50600,51200,50300
2017-07-20,하이닉스,71300,71400,71700,70800
2017-07-20,한화에어로,40135,40645,41154,39982
2017-07-21,대한항공,23991,24186,24283,23732
2017-07-21,신한지주,52300,51300,52500,51100
2017-07-21,하이닉스,71200,70800,71300,70300
2017-07-21,한화에어로,40390,40186,40543,39779
2017-07-24,대한항공,24186,23991,24218,23894
2017-07-24,신한지주,52600,52700,53000,52400
2017-07-24,하이닉스,73000,71300,73000,71000
2017-07-24,한화에어로,40441,40543,40594,40033
2017-07-25,대한항공,23473,24218,24251,23343
2017-07-25,신한지주,52400,52900,53000,52300
2017-07-25,하이닉스,70400,72900,73000,70100
2017-07-25,한화에어로,40746,40645,41001,40594
2017-07-26,대한항공,22500,23602,23667,22403
2017-07-26,신한지주,53000,53000,53000,52800
2017-07-26,하이닉스,66800,69600,69900,66700
2017-07-26,한화에어로,40696,41154,41612,40441
2017-07-27,대한항공,23343,22597,23408,22533
2017-07-27,신한지주,52800,53500,53500,52200
2017-07-27,하이닉스,68400,66800,69500,66800
2017-07-27,한화에어로,41154,41001,41205,40543
2017-07-28,대한항공,23343,23343,23635,22727
2017-07-28,신한지주,52800,52300,53000,52200
2017-07-28,하이닉스,64600,67800,67900,64200
2017-07-28,한화에어로,40543,40797,41154,40543
2017-07-31,대한항공,23084,23213,23440,22986
2017-07-31,신한지주,53200,52000,53300,51800
2017-07-31,하이닉스,66000,63700,66000,63700
2017-07-31,한화에어로,40645,41052,41409,40339
2017-08-01,대한항공,23440,22922,23700,22889
2017-08-01,신한지주,54200,52500,54200,52400
2017-08-01,하이닉스,65500,65300,66500,64700
2017-08-01,한화에어로,40696,40645,40848,40390
2017-08-02,대한항공,24154,23602,24283,23570
2017-08-02,신한지주,53400,53900,53900,52800
2017-08-02,하이닉스,68000,67900,68200,66600
2017-08-02,한화에어로,39117,40797,40899,38607
2017-08-03,대한항공,23311,24154,24381,23116
2017-08-03,신한지주,53200,53000,53400,52300
2017-08-03,하이닉스,65500,67900,67900,65200
2017-08-03,한화에어로,36570,39117,39371,36213
2017-08-04,대한항공,23408,23343,23635,23311
2017-08-04,신한지주,54400,52900,54600,52900
2017-08-04,하이닉스,64000,65100,66100,63200
2017-08-04,한화에어로,38353,36621,38607,36468
2017-08-07,대한항공,23181,23278,23440,22954
2017-08-07,신한지주,55200,54000,55300,53500
2017-08-07,하이닉스,64100,64000,65000,63700
2017-08-07,한화에어로,39779,38607,40288,38607
2017-08-08,대한항공,23862,23149,24056,23149
2017-08-08,신한지주,54800,55400,55400,54500
2017-08-08,하이닉스,66300,64900,66400,64800
2017-08-08,한화에어로,39728,39830,40135,38862
2017-08-09,대한항공,23765,23797,24121,23732
2017-08-09,신한지주,55300,54500,55500,54200
2017-08-09,하이닉스,64200,65400,65400,64000
2017-08-09,한화에어로,40033,39932,40237,39218
2017-08-10,대한항공,23732,23635,23991,23246
2017-08-10,신한지주,55400,55200,55500,54100
2017-08-10,하이닉스,64400,63700,64600,63200
2017-08-10,한화에어로,40339,40288,40950,39626
2017-08-11,대한항공,22954,23311,23343,22370
2017-08-11,신한지주,53100,53800,54000,52800
2017-08-11,하이닉스,61400,62000,63000,61400
2017-08-11,한화에어로,39626,40339,40950,39320
2017-08-14,대한항공,23116,22922,23181,22695
2017-08-14,신한지주,53500,52700,53800,52700
2017-08-14,하이닉스,65100,63000,65100,62300
2017-08-14,한화에어로,38709,39320,39677,37792
2017-08-16,대한항공,23116,23213,23408,23019
2017-08-16,신한지주,53100,54900,54900,52700
2017-08-16,하이닉스,66100,67200,67300,65800
2017-08-16,한화에어로,40237,39575,40899,39575
2017-08-17,대한항공,22954,23116,23213,22922
2017-08-17,신한지주,52600,52700,53100,52300
2017-08-17,하이닉스,66400,66800,67300,66100
2017-08-17,한화에어로,39779,39779,40084,39320
2017-08-18,대한항공,22143,22630,22727,22014
2017-08-18,신한지주,51900,51900,52500,51900
2017-08-18,하이닉스,67000,64900,67300,64800
2017-08-18,한화에어로,41612,40237,42274,40084
2017-08-21,대한항공,21398,21981,22014,20879
2017-08-21,신한지주,51600,51800,52300,51300
2017-08-21,하이닉스,67200,67300,67800,66600
2017-08-21,한화에어로,39269,40186,41154,38913
2017-08-22,대한항공,21268,21463,21722,21106
2017-08-22,신한지주,52100,51700,52500,51700
2017-08-22,하이닉스,68200,67400,68200,67200
2017-08-22,한화에어로,39677,39626,39779,38913
2017-08-23,대한항공,21171,21398,21430,20911
2017-08-23,신한지주,52200,52500,52500,51800
2017-08-23,하이닉스,68000,69000,69000,67600
2017-08-23,한화에어로,40033,39881,40441,39371
2017-08-24,대한항공,21690,21333,21949,21301
2017-08-24,신한지주,52200,51800,52600,51800
2017-08-24,하이닉스,68100,68200,68700,67500
2017-08-24,한화에어로,39320,39728,39932,39218
2017-08-25,대한항공,21495,21787,21787,21430
2017-08-25,신한지주,53300,52500,53400,52200
2017-08-25,하이닉스,68400,68300,68400,67600
2017-08-25,한화에어로,38811,38302,39168,37894
2017-08-28,대한항공,21430,21625,21754,21268
2017-08-28,신한지주,53400,52700,53400,52200
2017-08-28,하이닉스,67900,68000,68100,67100
2017-08-28,한화에어로,39932,39218,39982,39015
2017-08-29,대한항공,21171,21301,21495,20944
2017-08-29,신한지주,52600,52600,53000,51600
2017-08-29,하이닉스,67600,67300,67900,66400
2017-08-29,한화에어로,39626,40390,40594,39422
2017-08-30,대한항공,21495,21268,21560,21236
2017-08-30,신한지주,52600,52900,52900,52300
2017-08-30,하이닉스,68500,68300,68900,68100
2017-08-30,한화에어로,39728,39728,40288,39626
2017-08-31,대한항공,21527,21527,21754,21365
2017-08-31,신한지주,52000,52200,52500,51500
2017-08-31,하이닉스,68600,68900,69300,68200
2017-08-31,한화에어로,39524,39728,39932,39524
2017-09-01,대한항공,21430,21495,21787,21365
2017-09-01,신한지주,51500,51700,52000,51100
2017-09-01,하이닉스,68700,69000,69200,67700
2017-09-01,한화에어로,39371,39524,40237,39269
2017-09-04,대한항공,20717,20587,21138,20587
2017-09-04,신한지주,50800,50700,51600,50600
2017-09-04,하이닉스,68100,66600,68600,66600
2017-09-04,한화에어로,38709,39881,40339,38709
2017-09-05,대한항공,20847,20782,20911,20587
2017-09-05,신한지주,48950,51100,51300,48650
2017-09-05,하이닉스,69900,68600,70100,67900
2017-09-05,한화에어로,38607,39117,39117,38200
2017-09-06,대한항공,20652,20879,20911,20555
2017-09-06,신한지주,48000,47850,48700,47250
2017-09-06,하이닉스,71700,69900,71900,69700
2017-09-06,한화에어로,37538,38556,38760,37283
2017-09-07,대한항공,20587,20717,20879,20555
2017-09-07,신한지주,49000,48500,50000,48300
2017-09-07,하이닉스,71400,71600,72800,71200
2017-09-07,한화에어로,38404,37487,38505,37436
2017-09-08,대한항공,20587,20620,20717,20263
2017-09-08,신한지주,48650,48700,48850,48200
2017-09-08,하이닉스,72600,72000,72800,71500
2017-09-08,한화에어로,38556,38251,38760,38098
2017-09-11,대한항공,21236,20814,21463,20685
2017-09-11,신한지주,48750,48400,49150,48300
2017-09-11,하이닉스,73800,73600,74200,73200
2017-09-11,한화에어로,38913,38607,39320,38607
2017-09-12,대한항공,21301,21365,21365,20976
2017-09-12,신한지주,48950,49600,49600,48850
2017-09-12,하이닉스,74700,74800,74900,73500
2017-09-12,한화에어로,38760,39015,39218,38302
2017-09-13,대한항공,21268,21268,21301,20814
2017-09-13,신한지주,48750,49400,49400,48300
2017-09-13,하이닉스,75700,75000,77400,74300
2017-09-13,한화에어로,38200,38505,38658,37945
2017-09-14,대한항공,21333,21106,21430,20976
2017-09-14,신한지주,49700,48550,49700,48350
2017-09-14,하이닉스,76800,76300,76800,75700
2017-09-14,한화에어로,38658,38302,38658,38200
2017-09-15,대한항공,21041,21074,21171,20879
2017-09-15,신한지주,50900,49750,50900,49650
2017-09-15,하이닉스,77200,76100,77500,76000
2017-09-15,한화에어로,38302,38811,39117,38200
2017-09-18,대한항공,21041,20976,21301,20911
2017-09-18,신한지주,51600,50800,51600,50500
2017-09-18,하이닉스,79700,78200,80000,77700
2017-09-18,한화에어로,37843,38200,38353,37741
2017-09-19,대한항공,21657,20976,21657,20879
2017-09-19,신한지주,51200,51800,52200,50900
2017-09-19,하이닉스,79200,80100,80500,78500
2017-09-19,한화에어로,38149,37843,38302,37792
2017-09-20,대한항공,21333,21754,21852,21268
2017-09-20,신한지주,51300,50800,51600,50500
2017-09-20,하이닉스,80700,79300,81200,78400
2017-09-20,한화에어로,37334,37894,38149,37181
2017-09-21,대한항공,20620,21106,21268,20620
2017-09-21,신한지주,51300,51400,52200,51200
2017-09-21,하이닉스,83100,81100,83400,80400
2017-09-21,한화에어로,36519,36926,37996,36468
2017-09-22,대한항공,20425,20425,20652,20295
2017-09-22,신한지주,51700,51400,52700,51200
2017-09-22,하이닉스,83100,82900,84300,82000
2017-09-22,한화에어로,34634,36570,36672,34482
2017-09-25,대한항공,20036,20425,20587,19809
2017-09-25,신한지주,50600,51700,51900,50300
2017-09-25,하이닉스,86300,83600,86300,83600
2017-09-25,한화에어로,33361,34940,34991,33310
2017-09-26,대한항공,19809,20036,20036,19582
2017-09-26,신한지주,50400,50300,50500,48600
2017-09-26,하이닉스,82100,84100,85100,81000
2017-09-26,한화에어로,33820,32801,34329,32801
2017-09-27,대한항공,19744,19939,20004,19647
2017-09-27,신한지주,49650,49850,50400,49050
2017-09-27,하이닉스,82400,83100,83800,81400
2017-09-27,한화에어로,33616,33616,33921,33106
2017-09-28,대한항공,19323,19744,19744,19193
2017-09-28,신한지주,50400,49650,51100,49350
2017-09-28,하이닉스,83200,84500,85500,82500
2017-09-28,한화에어로,33361,33361,33667,33005
2017-09-29,대한항공,19971,19355,19971,19323
2017-09-29,신한지주,50300,50600,51000,50000
2017-09-29,하이닉스,82900,83300,84300,82200
2017-09-29,한화에어로,33820,33361,34380,33310
2017-10-10,대한항공,19582,20101,20166,19550
2017-10-10,신한지주,50100,50600,51100,49700
2017-10-10,하이닉스,88700,86300,90000,85300
2017-10-10,한화에어로,34787,34278,34940,33616
2017-10-11,대한항공,19290,19517,19582,19226
2017-10-11,신한지주,50500,50500,50700,50100
2017-10-11,하이닉스,89100,89900,90300,88100
2017-10-11,한화에어로,34991,34889,35246,34227
2017-10-12,대한항공,19388,19258,19615,19258
2017-10-12,신한지주,50600,50300,51100,50200
2017-10-12,하이닉스,88500,89200,89900,88100
2017-10-12,한화에어로,34584,35042,35195,34176
2017-10-13,대한항공,19517,19388,19712,19323
2017-10-13,신한지주,50700,50400,50900,50200
2017-10-13,하이닉스,86100,88500,88500,85600
2017-10-13,한화에어로,33769,34227,34329,33463
2017-10-16,대한항공,19647,19712,19744,19485
2017-10-16,신한지주,49650,50800,50900,49550
2017-10-16,하이닉스,84200,86100,87100,82800
2017-10-16,한화에어로,33972,33514,34074,33514
2017-10-17,대한항공,19290,19323,19453,19193
2017-10-17,신한지주,49400,49700,50000,49200
2017-10-17,하이닉스,83500,85700,86600,83500
2017-10-17,한화에어로,34074,33921,34278,33820
2017-10-18,대한항공,19064,19388,19388,18901
2017-10-18,신한지주,49800,49400,49900,49050
2017-10-18,하이닉스,80900,83200,83300,80000
2017-10-18,한화에어로,34685,34074,35093,33972
2017-10-19,대한항공,20133,19096,20198,19096
2017-10-19,신한지주,50800,50200,51200,50100
2017-10-19,하이닉스,79000,79900,81800,79000
2017-10-19,한화에어로,38760,35602,38811,35500
2017-10-20,대한항공,20198,20069,20328,19906
2017-10-20,신한지주,50900,51500,51700,50100
2017-10-20,하이닉스,81200,79800,82400,79600
2017-10-20,한화에어로,37894,38760,38811,37690
2017-10-23,대한항공,19615,20198,20231,19517
2017-10-23,신한지주,50200,50600,50700,49750
2017-10-23,하이닉스,84700,82600,84700,82100
2017-10-23,한화에어로,36723,38149,38149,36468
2017-10-24,대한항공,19582,19485,19680,19420
2017-10-24,신한지주,50600,50000,50900,49700
2017-10-24,하이닉스,81800,84000,84200,81600
2017-10-24,한화에어로,36926,36926,37232,36264
2017-10-25,대한항공,19777,19582,19777,19420
2017-10-25,신한지주,51300,50900,51500,50600
2017-10-25,하이닉스,81700,82100,82600,80300
2017-10-25,한화에어로,37334,37028,37640,36264
2017-10-26,대한항공,20944,19744,21074,19550
2017-10-26,신한지주,51700,51900,52000,51400
2017-10-26,하이닉스,78700,80000,82000,78500
2017-10-26,한화에어로,37894,37181,38505,37181
2017-10-27,대한항공,20652,21009,21560,20587
2017-10-27,신한지주,51100,51500,51600,51000
2017-10-27,하이닉스,78400,78100,78700,76500
2017-10-27,한화에어로,39982,37945,40492,37945
2017-10-30,대한항공,20360,20814,21138,20263
2017-10-30,신한지주,50900,50700,51500,50700
2017-10-30,하이닉스,79800,79600,81300,79100
2017-10-30,한화에어로,39371,39269,39677,38913
2017-10-31,대한항공,20522,20587,20879,20393
2017-10-31,신한지주,50200,50700,50700,49500
2017-10-31,하이닉스,82200,80000,82700,79200
2017-10-31,한화에어로,39117,39117,40441,38964
2017-11-01,대한항공,20069,20295,20555,20004
2017-11-01,신한지주,50200,49450,50600,49450
2017-11-01,하이닉스,85300,86000,86000,84000
2017-11-01,한화에어로,39932,39422,40186,39168
2017-11-02,대한항공,20101,20231,20425,19971
2017-11-02,신한지주,50300,50200,50500,50000
2017-11-02,하이닉스,83400,85000,85100,83200
2017-11-02,한화에어로,39677,39932,39932,39269
2017-11-03,대한항공,20166,20101,20328,20004
2017-11-03,신한지주,51000,50300,51300,50300
2017-11-03,하이닉스,84400,83400,84500,81900
2017-11-03,한화에어로,39830,39626,40135,39320
2017-11-06,대한항공,20685,20263,20782,20263
2017-11-06,신한지주,49650,51100,51100,49500
2017-11-06,하이닉스,83500,83600,84100,83000
2017-11-06,한화에어로,40899,39117,41001,38964
2017-11-07,대한항공,20295,20522,20555,20069
2017-11-07,신한지주,50100,49650,50200,49500
2017-11-07,하이닉스,82400,82800,83300,82200
2017-11-07,한화에어로,40899,40899,41154,40186
2017-11-08,대한항공,19842,20231,20360,19680
2017-11-08,신한지주,48600,49400,49500,48500
2017-11-08,하이닉스,83200,82100,84400,81800
2017-11-08,한화에어로,41256,41663,42427,40950
2017-11-09,대한항공,19712,19939,20004,19680
2017-11-09,신한지주,48400,48550,48600,48100
2017-11-09,하이닉스,82400,83200,83500,81600
2017-11-09,한화에어로,40848,41714,42274,40848
2017-11-10,대한항공,19777,19712,20036,19680
2017-11-10,신한지주,48000,48650,48650,47900
2017-11-10,하이닉스,82000,81300,82800,81000
2017-11-10,한화에어로,39269,40543,40543,38658
2017-11-13,대한항공,19842,19842,20036,19777
2017-11-13,신한지주,48150,47900,48450,47900
2017-11-13,하이닉스,82300,82000,83100,81800
2017-11-13,한화에어로,38098,39320,39320,37792
2017-11-14,대한항공,19906,19939,19971,19550
2017-11-14,신한지주,48350,48400,48500,48100
2017-11-14,하이닉스,83400,83000,84500,82900
2017-11-14,한화에어로,37996,37996,38200,37079
2017-11-15,대한항공,19453,19744,19809,19453
2017-11-15,신한지주,48450,48050,48550,48050
2017-11-15,하이닉스,82000,83800,84200,81900
2017-11-15,한화에어로,36926,38200,38251,36825
2017-11-16,대한항공,20133,19485,20360,19355
2017-11-16,신한지주,48750,49000,49000,48550
2017-11-16,하이닉스,82500,82300,82800,81200
2017-11-16,한화에어로,37690,37436,37945,37181
2017-11-17,대한항공,21236,20393,21560,20328
2017-11-17,신한지주,48200,48850,48850,48050
2017-11-17,하이닉스,83000,83300,84800,83000
2017-11-17,한화에어로,37487,37996,37996,37079
2017-11-20,대한항공,21365,21495,21819,21301
2017-11-20,신한지주,48300,48500,48650,48050
2017-11-20,하이닉스,82100,83300,83300,81800
2017-11-20,한화에어로,37640,38200,38658,37589
2017-11-21,대한항공,20847,21365,21365,20749
2017-11-21,신한지주,47900,48400,48450,47850
2017-11-21,하이닉스,85000,83200,85000,82800
2017-11-21,한화에어로,36519,37690,37945,36468
2017-11-22,대한항공,20879,21106,21333,20685
2017-11-22,신한지주,48200,48000,48400,48000
2017-11-22,하이닉스,86800,86500,87700,86100
2017-11-22,한화에어로,36621,36621,37028,35908
2017-11-23,대한항공,21138,21106,21495,20976
2017-11-23,신한지주,47800,48500,48500,47750
2017-11-23,하이닉스,84700,86200,86300,84500
2017-11-23,한화에어로,36825,36672,37130,36621
2017-11-24,대한항공,21074,21333,21560,20944
2017-11-24,신한지주,47750,47850,47900,47550
2017-11-24,하이닉스,85100,84500,85400,83900
2017-11-24,한화에어로,36825,37079,37130,36570
2017-11-27,대한항공,20652,21138,21268,20620
2017-11-27,신한지주,47650,47850,48350,47600
2017-11-27,하이닉스,83100,86000,86700,82000
2017-11-27,한화에어로,36366,36621,37181,36264
2017-11-28,대한항공,20490,20782,21074,20458
2017-11-28,신한지주,48150,47600,48450,47600
2017-11-28,하이닉스,82600,82900,83600,81200
2017-11-28,한화에어로,35959,36468,36519,35857
2017-11-29,대한항공,20295,20652,20911,20133
2017-11-29,신한지주,48300,48300,48400,47800
2017-11-29,하이닉스,82400,82900,83000,82100
2017-11-29,한화에어로,35806,36417,36417,35806
2017-11-30,대한항공,20328,20620,20782,20328
2017-11-30,신한지주,48400,48800,48800,48100
2017-11-30,하이닉스,76800,77000,79600,76800
2017-11-30,한화에어로,35908,35959,35959,35500
2017-12-01,대한항공,19939,20458,20490,19809
2017-12-01,신한지주,47100,48500,48500,47050
2017-12-01,하이닉스,77400,77200,78800,77100
2017-12-01,한화에어로,34685,35908,35908,34634
2017-12-04,대한항공,20133,19939,20198,19842
2017-12-04,신한지주,48000,47650,48200,47400
2017-12-04,하이닉스,79100,77600,79200,76800
2017-12-04,한화에어로,34838,34787,34838,34329
2017-12-05,대한항공,20782,20198,21009,20101
2017-12-05,신한지주,48500,48350,48500,48050
2017-12-05,하이닉스,77900,77600,79300,77100
2017-12-05,한화에어로,35297,34838,35449,34431
2017-12-06,대한항공,20587,20685,21301,20555
2017-12-06,신한지주,48350,48500,48550,48100
2017-12-06,하이닉스,77500,78700,79500,77200
2017-12-06,한화에어로,34685,35297,35449,34634
2017-12-07,대한항공,20620,20911,21203,20522
2017-12-07,신한지주,48050,48350,48550,47900
2017-12-07,하이닉스,76000,78300,78300,75600
2017-12-07,한화에어로,34634,34889,34940,34176
2017-12-08,대한항공,20458,20652,20685,20036
2017-12-08,신한지주,48200,48050,48350,47800
2017-12-08,하이닉스,78700,77500,78900,76900
2017-12-08,한화에어로,34176,34634,34736,34125
2017-12-11,대한항공,20425,20522,20652,20198
2017-12-11,신한지주,48000,48200,48300,47800
2017-12-11,하이닉스,78700,79000,79500,78000
2017-12-11,한화에어로,34889,34023,35297,34023
2017-12-12,대한항공,20101,20360,20490,20036
2017-12-12,신한지주,47950,47850,48000,47650
2017-12-12,하이닉스,77800,79000,79000,77100
2017-12-12,한화에어로,36264,34787,36825,34787
2017-12-13,대한항공,21463,20295,21527,20263
2017-12-13,신한지주,48400,47750,48700,47750
2017-12-13,하이닉스,76800,77400,77500,76200
2017-12-13,한화에어로,36621,36672,36876,36162
2017-12-14,대한항공,21754,21463,22241,21333
2017-12-14,신한지주,49650,48700,50300,48550
2017-12-14,하이닉스,76000,77200,77600,76000
2017-12-14,한화에어로,35959,36519,36672,35959
2017-12-15,대한항공,21981,21949,22176,21592
2017-12-15,신한지주,50100,50100,50300,49900
2017-12-15,하이닉스,75700,77100,77400,75600
2017-12-15,한화에어로,36366,36112,36570,35908
2017-12-18,대한항공,21852,22176,22176,21754
2017-12-18,신한지주,50300,50000,50300,49500
2017-12-18,하이닉스,77200,76200,77300,75900
2017-12-18,한화에어로,36366,36366,36570,35908
2017-12-19,대한항공,22273,21981,22370,21917
2017-12-19,신한지주,50400,50300,50600,50000
2017-12-19,하이닉스,80200,78400,80800,78200
2017-12-19,한화에어로,35398,36366,36672,35144
2017-12-20,대한항공,21949,22306,22306,21787
2017-12-20,신한지주,50900,50400,50900,50100
2017-12-20,하이닉스,80100,80900,81600,79900
2017-12-20,한화에어로,35551,35449,36112,35297
2017-12-21,대한항공,21301,21949,21949,21301
2017-12-21,신한지주,50700,50600,50900,50400
2017-12-21,하이닉스,77000,80200,80600,76900
2017-12-21,한화에어로,35908,36112,36825,35653
2017-12-22,대한항공,21495,21333,21592,21171
2017-12-22,신한지주,50700,51000,51000,50500
2017-12-22,하이닉스,76700,76400,77400,76300
2017-12-22,한화에어로,34838,36010,36112,34736
2017-12-26,대한항공,21722,21463,21852,21333
2017-12-26,신한지주,50900,50800,51400,50800
2017-12-26,하이닉스,74000,76600,76900,74000
2017-12-26,한화에어로,34889,35093,35093,34634
2017-12-27,대한항공,21690,21592,21884,21398
2017-12-27,신한지주,49500,49500,49650,48950
2017-12-27,하이닉스,75100,75400,76400,74400
2017-12-27,한화에어로,34889,34736,34889,34227
2017-12-28,대한항공,21949,21722,22079,21560
2017-12-28,신한지주,49400,49400,49500,48850
2017-12-28,하이닉스,76500,75400,76700,75200
2017-12-28,한화에어로,36213,34889,36417,34889
2018-01-02,대한항공,23278,22111,23408,22111
2018-01-02,신한지주,49400,49900,50000,49000
2018-01-02,하이닉스,76600,77300,77300,76200
2018-01-02,한화에어로,37181,36672,37232,36264
2018-01-03,대한항공,23181,23311,23440,23051
2018-01-03,신한지주,49950,49400,50100,49350
2018-01-03,하이닉스,77700,78100,78800,77300
2018-01-03,한화에어로,37181,37283,37385,36774
2018-01-04,대한항공,22630,23019,23311,22630
2018-01-04,신한지주,49400,50300,50300,49400
2018-01-04,하이닉스,77100,78700,79700,77100
2018-01-04,한화에어로,37130,37283,37283,36774
2018-01-05,대한항공,22630,22857,22857,22338
2018-01-05,신한지주,50100,49650,50500,49600
2018-01-05,하이닉스,79300,78400,79400,78300
2018-01-05,한화에어로,36519,37385,37894,36264
2018-01-08,대한항공,23408,22759,23440,22759
2018-01-08,신한지주,52000,50500,52000,50400
2018-01-08,하이닉스,78200,79500,80000,77400
2018-01-08,한화에어로,35704,36519,36723,35551
2018-01-09,대한항공,23538,23343,23894,23116
2018-01-09,신한지주,52300,52800,52800,52100
2018-01-09,하이닉스,76900,78300,78900,76300
2018-01-09,한화에어로,36010,35755,36417,35449
2018-01-10,대한항공,23181,23343,23440,23084
2018-01-10,신한지주,52500,52400,52900,52300
2018-01-10,하이닉스,72900,76700,76700,72500
2018-01-10,한화에어로,35551,36112,36468,35500
2018-01-11,대한항공,23311,23149,23505,22986
2018-01-11,신한지주,52000,52500,52500,51700
2018-01-11,하이닉스,72600,73200,73800,72000
2018-01-11,한화에어로,35348,35653,35755,35093
2018-01-12,대한항공,23829,23311,23991,23278
2018-01-12,신한지주,53000,53400,53500,52700
2018-01-12,하이닉스,74400,73300,74500,72000
2018-01-12,한화에어로,34431,35297,35653,34380
2018-01-15,대한항공,24381,23829,24543,23667
2018-01-15,신한지주,53300,53500,53500,52500
2018-01-15,하이닉스,72700,73700,74100,72500
2018-01-15,한화에어로,33870,34329,34736,33667
2018-01-16,대한항공,24218,24543,24737,24121
2018-01-16,신한지주,52200,53300,53300,51600
2018-01-16,하이닉스,74400,72700,74700,72700
2018-01-16,한화에어로,34125,33616,34125,33208
2018-01-17,대한항공,24283,24251,24348,23700
2018-01-17,신한지주,52700,51600,52800,51600
2018-01-17,하이닉스,74100,74400,75000,73700
2018-01-17,한화에어로,33769,33972,34176,33565
2018-01-18,대한항공,23765,24413,24445,23505
2018-01-18,신한지주,51100,52300,53000,51000
2018-01-18,하이닉스,75200,75800,76800,74600
2018-01-18,한화에어로,34329,33718,34431,33718
2018-01-19,대한항공,23991,23797,24316,23700
2018-01-19,신한지주,52900,52500,53000,51900
2018-01-19,하이닉스,73300,75300,75800,73000
2018-01-19,한화에어로,34023,34329,34431,33820
2018-01-22,대한항공,23570,24056,24154,23213
2018-01-22,신한지주,51800,53700,53700,51600
2018-01-22,하이닉스,71100,72800,72800,70700
2018-01-22,한화에어로,33667,34227,34227,33514
2018-01-23,대한항공,23602,23538,23959,23505
2018-01-23,신한지주,53000,52300,53000,52000
2018-01-23,하이닉스,71300,71800,72200,70900
2018-01-23,한화에어로,34023,33769,34125,33616
2018-01-24,대한항공,24543,23602,24640,23473
2018-01-24,신한지주,52700,53000,53100,52200
2018-01-24,하이닉스,72400,71600,73200,71500
2018-01-24,한화에어로,34023,33667,34125,33616
2018-01-25,대한항공,24640,24672,24802,24348
2018-01-25,신한지주,51900,52100,52700,51600
2018-01-25,하이닉스,75800,73400,76200,72300
2018-01-25,한화에어로,33769,33972,33972,33565
2018-01-26,대한항공,24997,24575,25094,24510
2018-01-26,신한지주,51800,51400,52200,51200
2018-01-26,하이닉스,75500,76400,76400,74200
2018-01-26,한화에어로,34736,33820,34940,33769
2018-01-29,대한항공,24867,25191,25613,24802
2018-01-29,신한지주,52700,52500,53200,52400
2018-01-29,하이닉스,75300,76500,77000,75000
2018-01-29,한화에어로,34838,35144,35195,34736
2018-01-30,대한항공,24510,24899,25159,24381
2018-01-30,신한지주,53400,52700,53700,52700
2018-01-30,하이닉스,73100,74300,74600,73100
2018-01-30,한화에어로,34584,34940,35246,34431
2018-01-31,대한항공,24997,24283,24997,24186
2018-01-31,신한지주,53300,53200,53300,51500
2018-01-31,하이닉스,73500,72200,74500,72200
2018-01-31,한화에어로,34278,34634,34889,34023
2018-02-01,대한항공,24867,24932,25159,24543
2018-02-01,신한지주,52600,52800,53300,52400
2018-02-01,하이닉스,74400,74900,75200,74000
2018-02-01,한화에어로,34278,34380,34533,33921
2018-02-02,대한항공,24283,24640,24867,24121
2018-02-02,신한지주,52800,52600,53000,52000
2018-02-02,하이닉스,72200,74500,74600,71800
2018-02-02,한화에어로,33565,34227,35246,33463
2018-02-05,대한항공,23375,23829,23862,23084
2018-02-05,신한지주,52500,52800,53300,52300
2018-02-05,하이닉스,70200,70200,70900,69800
2018-02-05,한화에어로,31986,33106,33208,31986
2018-02-06,대한항공,23149,22435,23311,22176
2018-02-06,신한지주,50600,51700,51800,49700
2018-02-06,하이닉스,70200,69100,71300,68200
2018-02-06,한화에어로,30916,30764,31273,30356
2018-02-07,대한항공,22857,23667,23829,22759
2018-02-07,신한지주,49400,51300,51400,49350
2018-02-07,하이닉스,71100,73700,73800,70800
2018-02-07,한화에어로,30407,31273,31528,30407
2018-02-08,대한항공,23019,23019,23440,22857
2018-02-08,신한지주,49600,48800,50400,48650
2018-02-08,하이닉스,73900,71900,74200,71600
2018-02-08,한화에어로,29847,30407,30815,29694
2018-02-09,대한항공,23343,22338,23440,22306
2018-02-09,신한지주,47800,48450,48850,47250
2018-02-09,하이닉스,73400,72100,74200,72000
2018-02-09,한화에어로,28777,29032,29287,28675
2018-02-12,대한항공,23473,23538,23765,23278
2018-02-12,신한지주,48350,47950,48700,47750
2018-02-12,하이닉스,74500,73700,74700,73400
2018-02-12,한화에어로,27911,28675,28828,27300
2018-02-13,대한항공,22954,23602,23700,22954
2018-02-13,신한지주,47900,48400,48900,47900
2018-02-13,하이닉스,77700,75900,77800,75800
2018-02-13,한화에어로,27759,28013,28777,27657
2018-02-14,대한항공,22954,23084,23375,22662
2018-02-14,신한지주,47300,47450,47950,47150
2018-02-14,하이닉스,77600,78400,79500,77000
2018-02-14,한화에어로,28166,27759,28217,27657
2018-02-19,대한항공,23602,23278,23635,23213
2018-02-19,신한지주,48100,48100,48250,47800
2018-02-19,하이닉스,76500,78900,79000,76100
2018-02-19,한화에어로,29337,28472,29439,28472
2018-02-20,대한항공,22954,23635,23635,22922
2018-02-20,신한지주,48200,48100,48400,47700
2018-02-20,하이닉스,75500,76400,76500,75200
2018-02-20,한화에어로,28879,29337,29490,28777
2018-02-21,대한항공,22922,22922,23311,22792
2018-02-21,신한지주,48150,48200,48300,47350
2018-02-21,하이닉스,76900,75800,77200,75800
2018-02-21,한화에어로,28981,29185,29185,28573
2018-02-22,대한항공,22695,22727,22986,22565
2018-02-22,신한지주,47750,47750,48100,47550
2018-02-22,하이닉스,75900,76100,77400,75700
2018-02-22,한화에어로,28675,28930,29439,28472
2018-02-23,대한항공,22792,22824,22954,22403
2018-02-23,신한지주,48450,47850,48600,47650
2018-02-23,하이닉스,77300,76100,77600,76000
2018-02-23,한화에어로,28777,28930,29185,28675
2018-02-26,대한항공,21981,22889,23051,21787
2018-02-26,신한지주,47450,48900,48900,47400
2018-02-26,하이닉스,77500,78300,78500,77200
2018-02-26,한화에어로,30101,29287,30713,29185
2018-02-27,대한항공,21981,21981,22241,21819
2018-02-27,신한지주,46950,47500,47950,46950
2018-02-27,하이닉스,78700,78700,79200,78400
2018-02-27,한화에어로,29439,30356,30356,29287
2018-02-28,대한항공,21171,21819,21884,21171
2018-02-28,신한지주,47400,46600,47400,46600
2018-02-28,하이닉스,76800,78600,79200,76600
2018-02-28,한화에어로,29694,29236,30152,29032
2018-03-02,대한항공,21106,20879,21463,20782
2018-03-02,신한지주,46450,47450,47450,46400
2018-03-02,하이닉스,77400,76300,77800,75900
2018-03-02,한화에어로,28421,29541,29541,28217
2018-03-05,대한항공,20847,20847,21268,20717
2018-03-05,신한지주,45150,46400,46550,45050
2018-03-05,하이닉스,78300,77500,78900,77100
2018-03-05,한화에어로,28013,28370,28777,27962
2018-03-06,대한항공,21009,21009,21138,20814
2018-03-06,신한지주,44650,45250,45650,44650
2018-03-06,하이닉스,82400,80100,82500,80000
2018-03-06,한화에어로,28268,28268,28370,27860
2018-03-07,대한항공,21041,21301,21398,20685
2018-03-07,신한지주,44550,43800,44750,43750
2018-03-07,하이닉스,82700,83600,83900,82400
2018-03-07,한화에어로,28472,28217,28624,27657
2018-03-08,대한항공,21203,21301,21430,21106
2018-03-08,신한지주,44950,45100,45150,44100
2018-03-08,하이닉스,83500,83900,84300,81800
2018-03-08,한화에어로,29083,28472,29134,28472
2018-03-09,대한항공,21981,21527,22079,21203
2018-03-09,신한지주,45250,45000,45250,44450
2018-03-09,하이닉스,83300,84400,85900,83100
2018-03-09,한화에어로,28828,28981,29439,28573
2018-03-12,대한항공,21949,22046,22079,21560
2018-03-12,신한지주,46000,45600,46250,44800
2018-03-12,하이닉스,84900,84900,85600,84300
2018-03-12,한화에어로,29847,29083,30051,28675
2018-03-13,대한항공,21560,21884,21949,21463
2018-03-13,신한지주,45250,45350,45500,44950
2018-03-13,하이닉스,90000,88000,90000,87600
2018-03-13,한화에어로,30152,29847,30254,29439
2018-03-14,대한항공,21625,21398,21722,21203
2018-03-14,신한지주,44750,45000,45400,44650
2018-03-14,하이닉스,90700,89300,90900,89200
2018-03-14,한화에어로,29694,29949,30000,29490
2018-03-15,대한항공,21495,21527,21592,21203
2018-03-15,신한지주,44700,44600,44950,44300
2018-03-15,하이닉스,89600,90300,90500,88600
2018-03-15,한화에어로,30000,29541,30203,29083
2018-03-16,대한항공,21365,21398,21560,21268
2018-03-16,신한지주,45050,44550,45250,44550
2018-03-16,하이닉스,89800,88500,89900,87200
2018-03-16,한화에어로,29796,30051,30254,29643
2018-03-19,대한항공,21236,21203,21463,21106
2018-03-19,신한지주,45050,45100,45150,44750
2018-03-19,하이닉스,89900,90200,91500,89500
2018-03-19,한화에어로,29745,29796,30000,29337
2018-03-20,대한항공,21333,21106,21365,20976
2018-03-20,신한지주,45050,44600,45100,44400
2018-03-20,하이닉스,89600,88900,89700,88000
2018-03-20,한화에어로,29592,29287,29745,29287
2018-03-21,대한항공,21074,21365,21430,21074
2018-03-21,신한지주,45400,45000,45800,45000
2018-03-21,하이닉스,88400,89600,90300,88000
2018-03-21,한화에어로,30865,29337,31171,29337
2018-03-22,대한항공,20976,21138,21495,20879
2018-03-22,신한지주,46100,46300,46300,45500
2018-03-22,하이닉스,88600,88800,89300,88000
2018-03-22,한화에어로,30611,30916,30967,30203
2018-03-23,대한항공,19971,20652,20749,19906
2018-03-23,신한지주,44750,45000,45300,44600
2018-03-23,하이닉스,83100,85100,86400,82800
2018-03-23,한화에어로,29592,29949,30407,29541
2018-03-26,대한항공,20231,19744,20231,19517
2018-03-26,신한지주,45100,44750,45150,44200
2018-03-26,하이닉스,84000,82300,84000,81000
2018-03-26,한화에어로,29083,29541,29949,28930
2018-03-27,대한항공,20652,20393,20717,20231
2018-03-27,신한지주,45950,45300,46350,45250
2018-03-27,하이닉스,81400,84700,84800,80100
2018-03-27,한화에어로,29643,29287,30203,29185
2018-03-28,대한항공,20295,20490,20652,20231
2018-03-28,신한지주,45050,45450,45450,44600
2018-03-28,하이닉스,80300,79900,82200,79600
2018-03-28,한화에어로,29236,29134,29541,29134
2018-03-29,대한항공,21203,20295,21301,20295
2018-03-29,신한지주,45150,45050,45300,44550
2018-03-29,하이닉스,80300,80800,81300,79600
2018-03-29,한화에어로,29439,29134,29541,28930
2018-03-30,대한항공,21917,21495,22111,21495
2018-03-30,신한지주,45700,45650,45900,45500
2018-03-30,하이닉스,81300,81200,83300,81100
2018-03-30,한화에어로,30152,29490,30203,29388
2018-04-02,대한항공,22273,22208,22695,22046
2018-04-02,신한지주,45400,45700,46200,45250
2018-04-02,하이닉스,81300,81700,82800,81100
2018-04-02,한화에어로,29185,30000,30356,29032
2018-04-03,대한항공,23311,22208,23311,22143
2018-04-03,신한지주,43950,45200,45200,43650
2018-04-03,하이닉스,81800,80300,81800,78700
2018-04-03,한화에어로,29032,28828,29541,28726
2018-04-04,대한항공,22954,23278,23408,22889
2018-04-04,신한지주,44200,44100,44700,43900
2018-04-04,하이닉스,80400,82500,83000,80000
2018-04-04,한화에어로,28013,29185,29236,27911
2018-04-05,대한항공,23051,23278,23538,22954
2018-04-05,신한지주,44300,44600,44700,44100
2018-04-05,하이닉스,82900,82200,83200,81200
2018-04-05,한화에어로,28115,28217,28472,28013
2018-04-06,대한항공,23051,22986,23440,22759
2018-04-06,신한지주,44700,44400,44750,44250
2018-04-06,하이닉스,80300,80000,80600,79300
2018-04-06,한화에어로,28115,28115,28421,27962
2018-04-09,대한항공,22986,22792,23246,22630
2018-04-09,신한지주,44850,44600,44850,44150
2018-04-09,하이닉스,80600,80000,81200,79300
2018-04-09,한화에어로,28166,28013,28573,28013
2018-04-10,대한항공,23311,22889,23343,22630
2018-04-10,신한지주,44900,44500,45150,44050
2018-04-10,하이닉스,80400,80000,80800,79200
2018-04-10,한화에어로,27402,28064,28115,27249
2018-04-11,대한항공,23278,23246,23408,22986
2018-04-11,신한지주,44800,44350,44900,44350
2018-04-11,하이닉스,81200,82400,82400,81000
2018-04-11,한화에어로,27402,27453,27809,27351
2018-04-12,대한항공,21754,23116,23181,21625
2018-04-12,신한지주,45000,44900,45950,44750
2018-04-12,하이닉스,84000,81900,85100,81500
2018-04-12,한화에어로,27809,27453,27809,27300
2018-04-13,대한항공,22014,21819,22176,21690
2018-04-13,신한지주,45450,45200,45800,45150
2018-04-13,하이닉스,84200,85000,85900,83900
2018-04-13,한화에어로,27453,27708,27962,27402
2018-04-16,대한항공,21463,21754,21787,21138
2018-04-16,신한지주,45650,45700,45850,45200
2018-04-16,하이닉스,84000,84200,84700,83400
2018-04-16,한화에어로,26995,27657,27809,26842
2018-04-17,대한항공,21852,21592,21981,21495
2018-04-17,신한지주,45450,45700,46050,45400
2018-04-17,하이닉스,82800,83900,84000,82300
2018-04-17,한화에어로,26944,26995,27249,26842
2018-04-18,대한항공,22306,21852,22435,21852
2018-04-18,신한지주,46100,45300,46100,45250
2018-04-18,하이닉스,84600,84100,85400,83700
2018-04-18,한화에어로,27147,26944,27402,26944
2018-04-19,대한항공,21657,22046,22079,21398
2018-04-19,신한지주,46050,45850,46300,45800
2018-04-19,하이닉스,87900,85800,88200,85300
2018-04-19,한화에어로,26587,27045,27096,26129
2018-04-20,대한항공,21625,21463,21787,21203
2018-04-20,신한지주,45400,46050,46500,45350
2018-04-20,하이닉스,84400,85900,86300,84000
2018-04-20,한화에어로,26689,26332,26842,25976
2018-04-23,대한항공,22208,21722,22273,21268
2018-04-23,신한지주,46100,45900,46350,45150
2018-04-23,하이닉스,84400,83400,85300,83300
2018-04-23,한화에어로,25670,26485,26638,25619
2018-04-24,대한항공,22208,22143,22370,21819
2018-04-24,신한지주,46900,46300,47100,46200
2018-04-24,하이닉스,82100,83300,83400,80400
2018-04-24,한화에어로,25874,25619,25925,25059
2018-04-25,대한항공,22338,22079,22565,21917
2018-04-25,신한지주,46500,46850,46850,46350
2018-04-25,하이닉스,82400,81600,83000,80900
2018-04-25,한화에어로,25517,25721,26027,25416
2018-04-26,대한항공,21884,22338,22500,21592
2018-04-26,신한지주,47050,46750,47150,46500
2018-04-26,하이닉스,86500,83800,87100,83300
2018-04-26,한화에어로,26638,25568,26842,25365
2018-04-27,대한항공,21981,21884,22273,21819
2018-04-27,신한지주,47200,47600,48000,47050
2018-04-27,하이닉스,87100,88500,88800,86800
2018-04-27,한화에어로,26587,26689,26944,26281
2018-04-30,대한항공,22143,21917,22306,21787
2018-04-30,신한지주,47650,47800,48000,47300
2018-04-30,하이닉스,84500,85400,85700,84000
2018-04-30,한화에어로,24550,26231,26281,24397
2018-05-02,대한항공,22014,22208,22273,21787
2018-05-02,신한지주,48150,48450,48450,47600
2018-05-02,하이닉스,83100,85900,86000,82900
2018-05-02,한화에어로,23786,24295,24295,23378
2018-05-03,대한항공,21690,22046,22079,21657
2018-05-03,신한지주,47600,48000,48150,47500
2018-05-03,하이닉스,82900,83200,83900,82800
2018-05-03,한화에어로,24346,23684,24652,23633
2018-05-04,대한항공,22143,21690,22533,21560
2018-05-04,신한지주,46800,47250,47300,46600
2018-05-04,하이닉스,83000,83500,84100,82600
2018-05-04,한화에어로,26434,24244,26485,23888
2018-05-08,대한항공,21625,22370,22403,21527
2018-05-08,신한지주,46950,46600,47100,46350
2018-05-08,하이닉스,83500,84500,85300,83200
2018-05-08,한화에어로,28166,26485,28981,26485
2018-05-09,대한항공,21690,21527,21949,20879
2018-05-09,신한지주,46700,46750,47350,46350
2018-05-09,하이닉스,83400,84300,84700,83100
2018-05-09,한화에어로,29592,27759,29898,26893
2018-05-10,대한항공,21365,21560,21690,21301
2018-05-10,신한지주,48000,47350,48000,46950
2018-05-10,하이닉스,85800,85400,85800,84500
2018-05-10,한화에어로,30051,29287,31018,28981
2018-05-11,대한항공,22111,21495,22306,21463
2018-05-11,신한지주,47700,47500,48050,47500
2018-05-11,하이닉스,86100,86600,86800,85400
2018-05-11,한화에어로,29643,30051,30509,29337
2018-05-14,대한항공,22370,22176,22597,22143
2018-05-14,신한지주,48100,47650,48100,47600
2018-05-14,하이닉스,85400,86100,86300,84500
2018-05-14,한화에어로,29236,29643,30000,29134
2018-05-15,대한항공,22143,22370,22435,21981
2018-05-15,신한지주,48100,47800,48400,47800
2018-05-15,하이닉스,84600,86000,86000,83900
2018-05-15,한화에어로,28624,29134,29643,28319
2018-05-16,대한항공,21852,21981,22046,21560
2018-05-16,신한지주,48400,48100,48400,47900
2018-05-16,하이닉스,87000,85000,87000,84800
2018-05-16,한화에어로,28624,28879,29541,28166
2018-05-17,대한항공,21236,21787,21787,21041
2018-05-17,신한지주,48200,48450,48450,48050
2018-05-17,하이닉스,86700,88400,88700,86000
2018-05-17,한화에어로,28472,28472,29083,28217
2018-05-18,대한항공,20976,21106,21333,20814
2018-05-18,신한지주,47750,48050,48200,47450
2018-05-18,하이닉스,87900,87200,88000,85400
2018-05-18,한화에어로,29796,28777,29847,28675
2018-05-21,대한항공,20911,20911,21009,20620
2018-05-21,신한지주,47950,47350,48300,47350
2018-05-21,하이닉스,89100,88400,89400,87400
2018-05-21,한화에어로,29032,30101,30101,28828
2018-05-23,대한항공,20555,20749,20976,20490
2018-05-23,신한지주,47000,47200,47450,46800
2018-05-23,하이닉스,95300,91900,95500,91500
2018-05-23,한화에어로,28879,28777,29236,27911
2018-05-24,대한항공,20814,20555,20879,20490
2018-05-24,신한지주,47050,47050,47650,46700
2018-05-24,하이닉스,94600,95300,95900,94600
2018-05-24,한화에어로,29439,28726,29439,28319
2018-05-25,대한항공,20620,20620,20879,20555
2018-05-25,신한지주,46350,47050,47150,46200
2018-05-25,하이닉스,95200,94300,97700,93900
2018-05-25,한화에어로,29134,30815,31375,28421
2018-05-28,대한항공,21365,20879,21527,20814
2018-05-28,신한지주,46350,46750,46900,46150
2018-05-28,하이닉스,94500,94600,95600,93700
2018-05-28,한화에어로,29898,28370,30203,28064
2018-05-29,대한항공,21236,21560,21560,21074
2018-05-29,신한지주,46250,46100,46550,45500
2018-05-29,하이닉스,94800,94600,96100,93500
2018-05-29,한화에어로,33514,29898,33921,29643
2018-05-30,대한항공,20749,21106,21268,20620
2018-05-30,신한지주,44750,45600,45700,44400
2018-05-30,하이닉스,95000,94800,95700,92800
2018-05-30,한화에어로,32495,33157,33769,32444
2018-05-31,대한항공,20717,20976,21009,20522
2018-05-31,신한지주,43750,44600,45000,43750
2018-05-31,하이닉스,93400,94500,94700,92800
2018-05-31,한화에어로,33769,32495,34787,32190
2018-06-01,대한항공,20749,20652,21074,20587
2018-06-01,신한지주,44300,44100,44550,43900
2018-06-01,하이닉스,91400,90800,92200,89600
2018-06-01,한화에어로,34074,34176,34227,32954
2018-06-04,대한항공,20911,20879,21106,20717
2018-06-04,신한지주,45500,44400,45500,44300
2018-06-04,하이닉스,89800,91000,92400,89700
2018-06-04,한화에어로,32903,33870,34736,32903
2018-06-05,대한항공,20782,21009,21009,20620
2018-06-05,신한지주,45850,45450,45850,44600
2018-06-05,하이닉스,91000,89800,91300,89800
2018-06-05,한화에어로,32088,32954,33412,31884
2018-06-07,대한항공,20685,20847,21009,20652
2018-06-07,신한지주,47150,46500,47250,46400
2018-06-07,하이닉스,90900,92700,92700,90600
2018-06-07,한화에어로,32444,32241,33565,31731
2018-06-08,대한항공,20587,20685,20847,20555
2018-06-08,신한지주,47450,47250,47600,46800
2018-06-08,하이닉스,88400,91000,91000,87600
2018-06-08,한화에어로,32648,32597,33361,32190
2018-06-11,대한항공,21106,20717,21203,20587
2018-06-11,신한지주,47550,47600,47650,46800
2018-06-11,하이닉스,89200,88800,90200,88100
2018-06-11,한화에어로,30967,32495,32699,30967
2018-06-12,대한항공,21592,21236,21852,21041
2018-06-12,신한지주,47250,47550,47750,47000
2018-06-12,하이닉스,88400,89900,90100,88200
2018-06-12,한화에어로,31375,31273,31986,31069
2018-06-14,대한항공,21398,21495,21819,21171
2018-06-14,신한지주,46700,46700,47000,46350
2018-06-14,하이닉스,86300,88300,88300,86300
2018-06-14,한화에어로,30000,32037,32037,30000
2018-06-15,대한항공,20749,21333,21430,20555
2018-06-15,신한지주,45500,46250,46300,45150
2018-06-15,하이닉스,87000,87400,87800,86100
2018-06-15,한화에어로,31171,29745,31629,29745
2018-06-18,대한항공,19874,20555,20717,19647
2018-06-18,신한지주,45900,45800,46650,45500
2018-06-18,하이닉스,84000,86800,86900,82300
2018-06-18,한화에어로,29337,31273,31426,29134
2018-06-19,대한항공,19096,19647,19777,18966
2018-06-19,신한지주,45450,45000,46150,44900
2018-06-19,하이닉스,84100,84100,86100,83700
2018-06-19,한화에어로,28879,29337,29847,28879
2018-06-20,대한항공,19290,19031,19388,18901
2018-06-20,신한지주,45000,45650,46250,45000
2018-06-20,하이닉스,87800,85800,88100,85000
2018-06-20,한화에어로,27809,28624,29134,27657
2018-06-21,대한항공,18221,19161,19258,18156
2018-06-21,신한지주,43800,44150,44850,43750
2018-06-21,하이닉스,88500,88900,89300,87500
2018-06-21,한화에어로,26740,27809,28013,26231
2018-06-22,대한항공,18253,18221,18610,17994
2018-06-22,신한지주,43800,43400,44050,43400
2018-06-22,하이닉스,89500,87300,89500,86700
2018-06-22,한화에어로,26078,26332,26893,25619
2018-06-25,대한항공,18512,18253,18545,18221
2018-06-25,신한지주,44250,44900,44900,43550
2018-06-25,하이닉스,84800,88800,88800,84600
2018-06-25,한화에어로,26078,26383,26689,25619
2018-06-26,대한항공,18577,18350,18642,18285
2018-06-26,신한지주,44600,44200,45150,44050
2018-06-26,하이닉스,84300,82500,84800,82400
2018-06-26,한화에어로,25772,25721,26281,25416
2018-06-27,대한항공,18188,18383,18448,17994
2018-06-27,신한지주,44100,44250,45200,44100
2018-06-27,하이닉스,85200,85700,86400,85200
2018-06-27,한화에어로,24753,25568,26078,24703
2018-06-28,대한항공,17540,17961,18026,17442
2018-06-28,신한지주,43000,43650,44050,43000
2018-06-28,하이닉스,83500,83000,84000,82500
2018-06-28,한화에어로,23888,24550,24703,23684
2018-06-29,대한항공,18318,17702,18350,17637
2018-06-29,신한지주,43300,42950,43550,42700
2018-06-29,하이닉스,85700,83500,85700,83400
2018-06-29,한화에어로,23888,23989,24142,23480
2018-07-02,대한항공,17572,18285,18318,17248
2018-07-02,신한지주,43050,43550,44200,43000
2018-07-02,하이닉스,83700,85000,86000,83400
2018-07-02,한화에어로,22920,24193,24193,22461
2018-07-03,대한항공,17767,17702,17961,17507
2018-07-03,신한지주,42950,43350,43400,42350
2018-07-03,하이닉스,86100,85000,86500,84500
2018-07-03,한화에어로,22869,22920,23531,22512
2018-07-04,대한항공,17799,17605,18058,17605
2018-07-04,신한지주,42800,42350,43100,42350
2018-07-04,하이닉스,85000,87800,87800,84400
2018-07-04,한화에어로,23022,22818,23429,22614
2018-07-05,대한항공,17994,17832,18156,17572
2018-07-05,신한지주,42900,42450,43400,42400
2018-07-05,하이닉스,86200,85000,87300,85000
2018-07-05,한화에어로,22003,22818,22920,21647
2018-07-06,대한항공,18123,18156,18318,17961
2018-07-06,신한지주,43900,43000,44450,43000
2018-07-06,하이닉스,85300,86200,86200,83600
2018-07-06,한화에어로,22563,22054,22563,21901
2018-07-09,대한항공,18058,18285,18318,17864
2018-07-09,신한지주,44600,43850,44850,43750
2018-07-09,하이닉스,87600,85300,87600,85300
2018-07-09,한화에어로,23480,22767,23582,22512
2018-07-10,대한항공,18512,18123,18674,18091
2018-07-10,신한지주,44550,44850,45000,44450
2018-07-10,하이닉스,87300,88400,88600,86700
2018-07-10,한화에어로,23531,23633,23684,23225
2018-07-11,대한항공,18707,18545,18901,18512
2018-07-11,신한지주,44550,43400,44700,43400
2018-07-11,하이닉스,86800,86500,87600,85900
2018-07-11,한화에어로,23225,23633,24244,23124
2018-07-12,대한항공,18188,18739,18772,18188
2018-07-12,신한지주,44050,44200,44500,43800
2018-07-12,하이닉스,85600,86800,87000,85400
2018-07-12,한화에어로,22665,23429,23582,22614
2018-07-13,대한항공,18869,18480,18966,18253
2018-07-13,신한지주,45200,44350,45400,44300
2018-07-13,하이닉스,88800,86500,90100,86500
2018-07-13,한화에어로,22818,22767,23276,22411
2018-07-16,대한항공,18739,18869,19096,18577
2018-07-16,신한지주,45150,44700,45200,44500
2018-07-16,하이닉스,89300,88700,89300,87800
2018-07-16,한화에어로,23480,22818,23735,22818
2018-07-17,대한항공,18869,18869,19290,18739
2018-07-17,신한지주,45700,45100,45700,44900
2018-07-17,하이닉스,88600,90100,90200,88500
2018-07-17,한화에어로,23684,23531,24142,23225
2018-07-18,대한항공,18545,18869,18999,18448
2018-07-18,신한지주,44950,45500,45550,44700
2018-07-18,하이닉스,89300,89700,91000,89100
2018-07-18,한화에어로,23531,23327,24193,23276
2018-07-19,대한항공,18188,18577,18772,18058
2018-07-19,신한지주,44500,44750,45250,44300
2018-07-19,하이닉스,90300,90400,91200,90300
2018-07-19,한화에어로,22512,23582,23633,22411
2018-07-20,대한항공,18123,18156,18188,17669
2018-07-20,신한지주,44500,44200,45100,43900
2018-07-20,하이닉스,87900,89700,90000,87200
2018-07-20,한화에어로,23837,22207,24499,22105
2018-07-23,대한항공,18058,17929,18383,17929
2018-07-23,신한지주,45400,45050,45850,44700
2018-07-23,하이닉스,81700,86300,86400,81200
2018-07-23,한화에어로,23429,23989,24957,23276
2018-07-24,대한항공,17832,18123,18285,17572
2018-07-24,신한지주,44400,44500,45050,44400
2018-07-24,하이닉스,83600,82500,83800,81700
2018-07-24,한화에어로,23582,23531,23837,23175
2018-07-25,대한항공,18156,17896,18674,17896
2018-07-25,신한지주,44250,44400,44800,44200
2018-07-25,하이닉스,80500,83400,84000,80200
2018-07-25,한화에어로,23225,23633,23735,23022
2018-07-26,대한항공,18415,18415,18480,18221
2018-07-26,신한지주,43450,44250,44500,43450
2018-07-26,하이닉스,83100,81300,83800,78600
2018-07-26,한화에어로,22869,23429,23429,22818
2018-07-27,대한항공,18350,18545,18545,18156
2018-07-27,신한지주,43750,43750,44050,43100
2018-07-27,하이닉스,86100,83700,86400,83100
2018-07-27,한화에어로,22818,23073,23073,22309
2018-07-30,대한항공,18285,18318,18448,18123
2018-07-30,신한지주,43600,43750,44250,43600
2018-07-30,하이닉스,85900,86200,86400,85100
2018-07-30,한화에어로,23276,22716,23480,22665
2018-07-31,대한항공,18934,18448,18934,18285
2018-07-31,신한지주,43550,43900,43900,43100
2018-07-31,하이닉스,86300,85200,86300,84500
2018-07-31,한화에어로,22971,23276,23327,22614
2018-08-01,대한항공,19193,19128,19323,18999
2018-08-01,신한지주,43300,43700,43950,43150
2018-08-01,하이닉스,85600,85900,86400,85100
2018-08-01,한화에어로,23786,23175,23837,22920
2018-08-02,대한항공,18739,19096,19323,18610
2018-08-02,신한지주,42550,43400,43500,42550
2018-08-02,하이닉스,83200,85000,85600,82900
2018-08-02,한화에어로,23022,23735,23735,22920
2018-08-03,대한항공,18837,18837,18869,18610
2018-08-03,신한지주,43050,42750,43150,42400
2018-08-03,하이닉스,83300,84000,84100,83100
2018-08-03,한화에어로,23684,23124,23684,23073
2018-08-06,대한항공,18642,18674,18934,18512
2018-08-06,신한지주,43000,43050,43250,42800
2018-08-06,하이닉스,79400,82200,82300,79300
2018-08-06,한화에어로,23175,23633,23888,23022
2018-08-07,대한항공,18739,18545,18837,18545
2018-08-07,신한지주,42650,42850,43250,42550
2018-08-07,하이닉스,80700,80100,80800,79700
2018-08-07,한화에어로,23073,23022,23175,22767
2018-08-08,대한항공,18480,18674,18674,18448
2018-08-08,신한지주,43400,42700,43700,42650
2018-08-08,하이닉스,79800,81500,81600,79400
2018-08-08,한화에어로,23124,22971,23327,22920
2018-08-09,대한항공,18837,18480,18837,18415
2018-08-09,신한지주,43100,43600,43650,42850
2018-08-09,하이닉스,78000,80100,80300,77500
2018-08-09,한화에어로,22716,22920,23073,22614
2018-08-10,대한항공,18577,18707,18837,18480
2018-08-10,신한지주,43100,43050,43500,42550
2018-08-10,하이닉스,75100,77200,77600,74600
2018-08-10,한화에어로,22920,22767,22971,22614
2018-08-13,대한항공,18058,18480,18642,17961
2018-08-13,신한지주,42550,42800,43050,42150
2018-08-13,하이닉스,75400,74300,75700,74100
2018-08-13,한화에어로,22767,23225,24040,22767
2018-08-14,대한항공,17864,17994,17994,17605
2018-08-14,신한지주,43000,42600,43150,42200
2018-08-14,하이닉스,75900,75900,76600,75500
2018-08-14,한화에어로,23939,22818,23989,22818
2018-08-16,대한항공,17572,17702,17734,17280
2018-08-16,신한지주,42650,41250,42900,41250
2018-08-16,하이닉스,74700,73500,75400,72500
2018-08-16,한화에어로,23480,23684,23989,23175
2018-08-17,대한항공,17994,17637,18253,17605
2018-08-17,신한지주,42900,42650,42900,42200
2018-08-17,하이닉스,74500,74400,75500,74100
2018-08-17,한화에어로,23480,23531,23888,23429
2018-08-20,대한항공,17702,18026,18156,17507
2018-08-20,신한지주,42800,43300,43350,42600
2018-08-20,하이닉스,74700,74700,75400,74400
2018-08-20,한화에어로,24091,23786,24804,23735
2018-08-21,대한항공,17734,17702,17799,17442
2018-08-21,신한지주,42900,42500,43200,42250
2018-08-21,하이닉스,78400,74800,78700,74400
2018-08-21,한화에어로,24499,24193,24550,23989
2018-08-22,대한항공,18058,17864,18091,17669
2018-08-22,신한지주,42150,42700,42700,42000
2018-08-22,하이닉스,79800,79300,80900,78200
2018-08-22,한화에어로,25110,24397,25467,24244
2018-08-23,대한항공,18058,18058,18123,17929
2018-08-23,신한지주,41450,42150,42200,41400
2018-08-23,하이닉스,81100,80300,81300,79300
2018-08-23,한화에어로,24295,25110,25263,24193
2018-08-24,대한항공,18091,17929,18221,17864
2018-08-24,신한지주,41800,41400,41850,41200
2018-08-24,하이닉스,81800,80400,82200,79600
2018-08-24,한화에어로,24906,24346,25008,23989
2018-08-27,대한항공,18188,18091,18221,18058
2018-08-27,신한지주,42950,41900,43000,41900
2018-08-27,하이닉스,83500,82100,83800,81600
2018-08-27,한화에어로,24550,24957,25212,24499
2018-08-28,대한항공,18545,18350,18707,18221
2018-08-28,신한지주,43300,42900,43550,42850
2018-08-28,하이닉스,82400,84100,84300,81900
2018-08-28,한화에어로,25874,24652,25925,24601
2018-08-29,대한항공,18350,18577,18707,18188
2018-08-29,신한지주,43400,43050,43550,42800
2018-08-29,하이닉스,82800,82500,83300,81600
2018-08-29,한화에어로,26332,26027,26893,25772
2018-08-30,대한항공,18091,18350,18350,17961
2018-08-30,신한지주,43300,43150,43500,43100
2018-08-30,하이닉스,82700,82200,83500,81500
2018-08-30,한화에어로,26383,26434,26842,25976
2018-08-31,대한항공,18188,17961,18221,17961
2018-08-31,신한지주,43600,43500,43600,43300
2018-08-31,하이닉스,83000,81800,83000,81800
2018-08-31,한화에어로,25467,26383,26383,25365
2018-09-03,대한항공,18253,18221,18383,18156
2018-09-03,신한지주,43900,43600,44000,43350
2018-09-03,하이닉스,80600,82200,82800,80500
2018-09-03,한화에어로,26078,25517,26231,25263
2018-09-04,대한항공,17994,18221,18285,17864
2018-09-04,신한지주,43850,43900,44000,43600
2018-09-04,하이닉스,81200,80600,81600,80200
2018-09-04,한화에어로,25925,26078,26332,25619
2018-09-05,대한항공,17961,17929,18188,17896
2018-09-05,신한지주,42450,43400,43600,42450
2018-09-05,하이닉스,80000,80600,81000,79900
2018-09-05,한화에어로,25619,25772,26231,25467
2018-09-06,대한항공,17799,17896,18091,17734
2018-09-06,신한지주,42150,42450,42650,42100
2018-09-06,하이닉스,78800,78300,78900,77400
2018-09-06,한화에어로,25976,25670,26231,25517
2018-09-07,대한항공,17961,17799,17994,17799
2018-09-07,신한지주,42200,42500,42500,41950
2018-09-07,하이닉스,75900,74500,76200,74100
2018-09-07,한화에어로,27402,26281,27453,25976
2018-09-10,대한항공,17799,17832,17994,17605
2018-09-10,신한지주,42000,41750,42600,41700
2018-09-10,하이닉스,76500,75900,77100,75500
2018-09-10,한화에어로,27504,27504,28013,27045
2018-09-11,대한항공,17734,17702,17896,17605
2018-09-11,신한지주,42050,41900,42400,41850
2018-09-11,하이닉스,76600,76400,77800,76300
2018-09-11,한화에어로,27555,27402,27759,26842
2018-09-12,대한항공,18058,17799,18058,17734
2018-09-12,신한지주,42750,42400,42950,42300
2018-09-12,하이닉스,75100,76200,76200,74700
2018-09-12,한화에어로,26944,27504,27606,26689
2018-09-13,대한항공,18739,17864,18837,17864
2018-09-13,신한지주,43200,43100,43450,42800
2018-09-13,하이닉스,74500,74300,75200,73900
2018-09-13,한화에어로,27045,26944,27249,26791
2018-09-14,대한항공,18966,18901,19193,18739
2018-09-14,신한지주,42750,43200,43350,42700
2018-09-14,하이닉스,77700,76100,77800,76000
2018-09-14,한화에어로,27096,27351,27555,26995
2018-09-17,대한항공,18707,18901,18999,18674
2018-09-17,신한지주,42650,42400,42800,42300
2018-09-17,하이닉스,77200,78000,78200,76700
2018-09-17,한화에어로,27453,27096,27657,26689
2018-09-18,대한항공,18739,18610,18869,18577
2018-09-18,신한지주,42000,42250,42700,41850
2018-09-18,하이닉스,78000,76600,78300,76100
2018-09-18,한화에어로,27198,27300,27657,27045
2018-09-19,대한항공,18318,18739,18804,18285
2018-09-19,신한지주,42250,41850,42300,41800
2018-09-19,하이닉스,78800,79400,79700,78400
2018-09-19,한화에어로,26281,27045,27402,25925
2018-09-20,대한항공,18448,18415,18804,18253
2018-09-20,신한지주,43250,42350,43500,42350
2018-09-20,하이닉스,79100,78600,79900,78000
2018-09-20,한화에어로,26995,26231,27198,25925
2018-09-21,대한항공,18545,18739,18772,18448
2018-09-21,신한지주,44200,43850,44450,43800
2018-09-21,하이닉스,76700,77100,77500,76300
2018-09-21,한화에어로,26740,27249,27453,26740
2018-09-27,대한항공,18221,18545,18577,18091
2018-09-27,신한지주,44600,43350,44950,43300
2018-09-27,하이닉스,75000,75900,75900,74700
2018-09-27,한화에어로,29236,27147,29388,27096
2018-09-28,대한항공,18221,18188,18318,17929
2018-09-28,신한지주,45000,44600,45150,44300
2018-09-28,하이닉스,73100,75300,75900,73100
2018-09-28,한화에어로,25874,26995,27504,25416
2018-10-01,대한항공,18221,18156,18285,17994
2018-10-01,신한지주,45150,44750,45750,44700
2018-10-01,하이닉스,73700,74300,74600,73200
2018-10-01,한화에어로,25517,25925,26129,25416
2018-10-02,대한항공,17669,18058,18221,17637
2018-10-02,신한지주,45350,44500,45550,44500
2018-10-02,하이닉스,71700,73600,74000,71600
2018-10-02,한화에어로,26791,25517,26995,25517
2018-10-04,대한항공,17637,17702,17864,17507
2018-10-04,신한지주,45900,45550,46150,45400
2018-10-04,하이닉스,70000,71700,72200,69800
2018-10-04,한화에어로,28523,26995,28523,26791
2018-10-05,대한항공,17961,17507,18026,17410
2018-10-05,신한지주,45850,46100,46450,45550
2018-10-05,하이닉스,70300,69700,71100,69400
2018-10-05,한화에어로,29490,28064,29592,27911
2018-10-08,대한항공,17896,17832,18188,17799
2018-10-08,신한지주,45550,45900,46000,45550
2018-10-08,하이닉스,71200,69500,71800,69400
2018-10-08,한화에어로,29490,29439,30000,29032
2018-10-10,대한항공,17605,17734,17994,17605
2018-10-10,신한지주,46150,46050,46400,45200
2018-10-10,하이닉스,70300,70300,71100,69800
2018-10-10,한화에어로,29236,29643,30101,28573
2018-10-11,대한항공,16502,17216,17280,16502
2018-10-11,신한지주,43900,45250,45900,43650
2018-10-11,하이닉스,69000,67600,70200,67500
2018-10-11,한화에어로,28166,28064,29337,27606
2018-10-12,대한항공,16697,16243,16924,16243
2018-10-12,신한지주,43250,44250,44250,42750
2018-10-12,하이닉스,72400,69200,73200,69200
2018-10-12,한화에어로,28166,27708,28930,27657
2018-10-15,대한항공,16567,16762,16794,16535
2018-10-15,신한지주,43550,43350,44050,43050
2018-10-15,하이닉스,70300,71600,71700,69900
2018-10-15,한화에어로,28624,27911,29643,27911
2018-10-16,대한항공,16664,16470,16794,16470
2018-10-16,신한지주,43200,43650,44300,43150
2018-10-16,하이닉스,69700,70300,71000,69600
2018-10-16,한화에어로,28879,28930,29337,28573
2018-10-17,대한항공,16826,16924,16989,16664
2018-10-17,신한지주,43950,44000,44050,43350
2018-10-17,하이닉스,70400,71400,71700,70300
2018-10-17,한화에어로,29337,29185,29490,28777
2018-10-18,대한항공,17345,16859,17442,16632
2018-10-18,신한지주,43600,43500,44100,43050
2018-10-18,하이닉스,68700,69600,69900,68700
2018-10-18,한화에어로,29032,29185,30815,28777
2018-10-19,대한항공,17507,17183,17605,16956
2018-10-19,신한지주,43250,43350,43750,43150
2018-10-19,하이닉스,70800,68100,70900,67800
2018-10-19,한화에어로,29592,28777,29847,28726
2018-10-22,대한항공,17475,17280,17540,17216
2018-10-22,신한지주,45000,43300,45050,43250
2018-10-22,하이닉스,70000,69600,70900,69600
2018-10-22,한화에어로,30051,29541,30051,28777
2018-10-23,대한항공,17053,17410,17572,16924
2018-10-23,신한지주,43800,45900,45900,43550
2018-10-23,하이닉스,69100,69600,70000,68600
2018-10-23,한화에어로,29592,30051,30254,29236
2018-10-24,대한항공,17669,17345,17799,17313
2018-10-24,신한지주,45150,44800,45300,43750
2018-10-24,하이닉스,66700,69400,69600,65800
2018-10-24,한화에어로,30356,29847,30967,29694
2018-10-25,대한항공,17669,17248,17669,17053
2018-10-25,신한지주,44050,44800,44850,43500
2018-10-25,하이닉스,64700,64700,66000,63200
2018-10-25,한화에어로,30865,29796,30967,29337
2018-10-26,대한항공,17086,17540,17605,16891
2018-10-26,신한지주,43550,43900,45300,43300
2018-10-26,하이닉스,67000,65100,67100,62900
2018-10-26,한화에어로,30000,31069,31120,29796
2018-10-29,대한항공,16664,17086,17248,16437
2018-10-29,신한지주,44300,44150,44900,43900
2018-10-29,하이닉스,66800,66600,67800,64800
2018-10-29,한화에어로,29236,30203,31018,29134
2018-10-30,대한항공,16729,16340,16989,16340
2018-10-30,신한지주,42350,44300,44300,42250
2018-10-30,하이닉스,68200,66000,70900,65900
2018-10-30,한화에어로,28879,28624,29541,27606
2018-10-31,대한항공,17799,16762,17799,16729
2018-10-31,신한지주,42550,42000,42900,41800
2018-10-31,하이닉스,68200,69300,70400,67600
2018-10-31,한화에어로,28981,28930,29388,28166
2018-11-01,대한항공,18188,17734,18350,17605
2018-11-01,신한지주,42150,42550,43100,42050
2018-11-01,하이닉스,68300,68900,69600,67800
2018-11-01,한화에어로,27708,29083,29134,27198
2018-11-02,대한항공,19031,18512,19226,18512
2018-11-02,신한지주,43000,42350,43150,42300
2018-11-02,하이닉스,72600,70600,72800,69100
2018-11-02,한화에어로,29388,27962,29643,27759
2018-11-05,대한항공,18804,18804,19161,18577
2018-11-05,신한지주,42650,42500,42850,41950
2018-11-05,하이닉스,70500,72000,72100,70100
2018-11-05,한화에어로,30865,29337,30967,28981
2018-11-06,대한항공,19031,18772,19258,18772
2018-11-06,신한지주,42700,42900,43200,42550
2018-11-06,하이닉스,70100,70500,70600,69100
2018-11-06,한화에어로,32292,31069,32597,31018
2018-11-07,대한항공,19582,19064,19809,19064
2018-11-07,신한지주,42700,42700,43250,42400
2018-11-07,하이닉스,70800,70400,72300,70100
2018-11-07,한화에어로,31273,32393,33005,30916
2018-11-08,대한항공,19453,19777,19971,19193
2018-11-08,신한지주,42850,43100,43950,42850
2018-11-08,하이닉스,72900,72900,73300,72600
2018-11-08,한화에어로,32088,31782,32444,31629
2018-11-09,대한항공,19453,19290,19517,19031
2018-11-09,신한지주,43350,42750,43600,42750
2018-11-09,하이닉스,72900,72400,73600,71900
2018-11-09,한화에어로,32139,31833,32852,31833
2018-11-12,대한항공,19096,19290,19517,19031
2018-11-12,신한지주,43400,42950,43700,42800
2018-11-12,하이닉스,74500,72200,74500,71800
2018-11-12,한화에어로,32699,32342,33056,32037
2018-11-13,대한항공,19258,18869,19323,18480
2018-11-13,신한지주,43400,43750,43750,42750
2018-11-13,하이닉스,71900,72300,72500,69900
2018-11-13,한화에어로,33412,32393,33463,31986
2018-11-14,대한항공,21074,20490,21074,20231
2018-11-14,신한지주,43100,43000,43200,42450
2018-11-14,하이닉스,70400,71400,72100,70200
2018-11-14,한화에어로,35348,33106,35449,33106
2018-11-15,대한항공,21106,20976,21203,20652
2018-11-15,신한지주,42750,42700,43250,42650
2018-11-15,하이닉스,71800,70800,71800,70400
2018-11-15,한화에어로,32903,35348,35348,32699
2018-11-16,대한항공,21657,21398,21917,21138
2018-11-16,신한지주,42750,42800,42950,42300
2018-11-16,하이닉스,70100,72600,72900,70000
2018-11-16,한화에어로,33310,33056,33972,32954
2018-11-19,대한항공,21138,21852,21852,20749
2018-11-19,신한지주,42400,42500,43150,42300
2018-11-19,하이닉스,69800,69600,70500,68900
2018-11-19,한화에어로,34227,33310,34278,33056
2018-11-20,대한항공,21333,20879,21690,20879
2018-11-20,신한지주,42650,42450,42850,42000
2018-11-20,하이닉스,67500,67000,68200,67000
2018-11-20,한화에어로,34533,33769,34533,33514
2018-11-21,대한항공,21690,21592,21690,21203
2018-11-21,신한지주,42750,42450,42900,42050
2018-11-21,하이닉스,68100,66900,68300,66100
2018-11-21,한화에어로,34278,34023,34329,33514
2018-11-22,대한항공,21074,21690,21690,20911
2018-11-22,신한지주,42750,42400,42800,42250
2018-11-22,하이닉스,69300,68100,69700,68000
2018-11-22,한화에어로,33514,34278,34533,32393
2018-11-23,대한항공,21106,21074,21236,20652
2018-11-23,신한지주,42600,42750,42800,42350
2018-11-23,하이닉스,69300,69500,69700,68400
2018-11-23,한화에어로,32801,33310,33514,32342
2018-11-26,대한항공,21236,21398,21592,20911
2018-11-26,신한지주,42550,42550,42800,42100
2018-11-26,하이닉스,70900,69200,71300,69000
2018-11-26,한화에어로,34634,32903,34838,32903
2018-11-27,대한항공,21171,21333,21398,20976
2018-11-27,신한지주,42400,42550,42750,42300
2018-11-27,하이닉스,70800,71100,71200,69700
2018-11-27,한화에어로,33361,34634,34787,33310
2018-11-28,대한항공,21009,21203,21301,20749
2018-11-28,신한지주,41500,42200,42400,41350
2018-11-28,하이닉스,71900,71000,72000,70700
2018-11-28,한화에어로,34329,33718,35042,33718
2018-11-29,대한항공,21657,21268,21657,20944
2018-11-29,신한지주,42150,42100,42200,41750
2018-11-29,하이닉스,71500,73700,73700,71200
2018-11-29,한화에어로,33259,34685,34736,33208
2018-11-30,대한항공,20685,21560,21560,20555
2018-11-30,신한지주,41200,41750,42100,41150
2018-11-30,하이닉스,69600,71500,71600,68800
2018-11-30,한화에어로,33056,33361,33820,32801
2018-12-03,대한항공,20555,20879,21106,20295
2018-12-03,신한지주,41650,41650,42000,41350
2018-12-03,하이닉스,70500,71000,71100,69800
2018-12-03,한화에어로,32393,33106,33412,32139
2018-12-04,대한항공,20263,20555,20620,20198
2018-12-04,신한지주,42150,41600,42300,41550
2018-12-04,하이닉스,69000,69900,70400,68400
2018-12-04,한화에어로,32699,32393,33106,32393
2018-12-05,대한항공,20490,20004,20587,19971
2018-12-05,신한지주,42250,42050,42450,41500
2018-12-05,하이닉스,68200,67200,68800,67200
2018-12-05,한화에어로,32750,32393,33056,32088
2018-12-06,대한항공,20101,20522,20587,19939
2018-12-06,신한지주,41850,42050,42150,41700
2018-12-06,하이닉스,66000,67800,68200,65700
2018-12-06,한화에어로,33667,32597,33870,32597
2018-12-07,대한항공,20555,20328,21171,20295
2018-12-07,신한지주,41300,41800,41900,41300
2018-12-07,하이닉스,66800,66700,67400,66600
2018-12-07,한화에어로,32801,33667,33921,32342
2018-12-10,대한항공,20166,20231,20231,19906
2018-12-10,신한지주,39950,40650,40700,39700
2018-12-10,하이닉스,65500,65900,65900,64700
2018-12-10,한화에어로,32241,32190,33106,32139
2018-12-11,대한항공,20555,20328,20685,19971
2018-12-11,신한지주,39700,39550,39850,39300
2018-12-11,하이닉스,64900,66000,66600,64800
2018-12-11,한화에어로,32342,32241,32852,31782
2018-12-12,대한항공,20295,20555,20555,20133
2018-12-12,신한지주,39950,39700,40050,39350
2018-12-12,하이닉스,66200,65000,66200,64900
2018-12-12,한화에어로,32292,32393,32546,31986
2018-12-13,대한항공,20749,20490,20944,20425
2018-12-13,신한지주,39950,40050,40500,39900
2018-12-13,하이닉스,65500,66300,66400,64800
2018-12-13,한화에어로,32546,32292,33005,32088
2018-12-14,대한항공,21171,20847,21398,20814
2018-12-14,신한지주,40400,40100,40800,40050
2018-12-14,하이닉스,61800,65200,65300,61200
2018-12-14,한화에어로,32393,32597,32852,31986
2018-12-17,대한항공,21268,21301,21527,21009
2018-12-17,신한지주,40550,39800,41050,39800
2018-12-17,하이닉스,62200,61600,62500,61000
2018-12-17,한화에어로,32342,32444,32801,32037
2018-12-18,대한항공,21430,21268,21527,21268
2018-12-18,신한지주,40900,40600,41050,40400
2018-12-18,하이닉스,61100,61000,61900,60800
2018-12-18,한화에어로,33616,32495,34634,32495
2018-12-19,대한항공,21949,21884,22241,21690
2018-12-19,신한지주,40950,40900,41100,40500
2018-12-19,하이닉스,60300,60800,61000,59700
2018-12-19,한화에어로,33157,33870,33870,32801
2018-12-20,대한항공,22046,21819,22208,21268
2018-12-20,신한지주,40850,40750,41050,40400
2018-12-20,하이닉스,58600,59300,59400,58100
2018-12-20,한화에어로,33718,33208,34278,32648
2018-12-21,대한항공,22046,22241,22306,21527
2018-12-21,신한지주,41400,40900,41450,40550
2018-12-21,하이닉스,60000,58200,60500,58200
2018-12-21,한화에어로,34023,33820,34023,32903
2018-12-24,대한항공,21657,21981,22046,21398
2018-12-24,신한지주,41250,41350,41700,40750
2018-12-24,하이닉스,60400,59600,60700,59200
2018-12-24,한화에어로,33361,33718,34074,33310
2018-12-26,대한항공,21365,21398,21722,20911
2018-12-26,신한지주,40300,40800,40950,40100
2018-12-26,하이닉스,60100,59400,60800,59300
2018-12-26,한화에어로,32190,32954,33361,31426
2018-12-27,대한항공,21690,21138,21690,20976
2018-12-27,신한지주,39050,39200,39600,38950
2018-12-27,하이닉스,61600,61600,61900,60600
2018-12-27,한화에어로,33106,32597,33259,32241
2018-12-28,대한항공,21430,21657,21657,21106
2018-12-28,신한지주,39600,39150,39700,39100
2018-12-28,하이닉스,60500,61700,62300,60500
2018-12-28,한화에어로,33106,33157,33718,32903
2019-01-02,대한항공,21009,21365,21365,20782
2019-01-02,신한지주,39400,40350,40350,39100
2019-01-02,하이닉스,60600,61300,61400,60000
2019-01-02,한화에어로,33565,33005,33718,33005
2019-01-03,대한항공,20620,21203,21365,20522
2019-01-03,신한지주,39100,39450,39550,38900
2019-01-03,하이닉스,57700,60200,60300,57500
2019-01-03,한화에어로,34584,33310,35195,33259
2019-01-04,대한항공,20976,20522,21041,20295
2019-01-04,신한지주,39000,39450,39450,38650
2019-01-04,하이닉스,58300,57500,58500,56700
2019-01-04,한화에어로,35704,34838,35857,34074
2019-01-07,대한항공,21722,21138,21722,20944
2019-01-07,신한지주,38750,39150,39400,38650
2019-01-07,하이닉스,58700,59000,59700,58400
2019-01-07,한화에어로,34889,35602,35602,34023
2019-01-08,대한항공,21981,21754,22079,21333
2019-01-08,신한지주,38500,38400,38850,38400
2019-01-08,하이닉스,59200,57900,60500,57600
2019-01-08,한화에어로,34482,35093,35297,34329
2019-01-09,대한항공,22046,22046,22143,21884
2019-01-09,신한지주,39350,38550,39600,38500
2019-01-09,하이닉스,63600,59600,63800,59400
2019-01-09,한화에어로,34278,34533,34940,34023
2019-01-10,대한항공,21787,21949,22014,21495
2019-01-10,신한지주,38350,39250,39300,38350
2019-01-10,하이닉스,65300,64100,65600,64000
2019-01-10,한화에어로,33718,34023,34227,33718
2019-01-11,대한항공,21527,21884,21949,21333
2019-01-11,신한지주,38450,38500,39050,38350
2019-01-11,하이닉스,65100,65400,65900,64200
2019-01-11,한화에어로,33412,33667,33820,32546
2019-01-14,대한항공,21981,21430,22111,21430
2019-01-14,신한지주,38350,38550,38800,38100
2019-01-14,하이닉스,62100,64300,65100,62000
2019-01-14,한화에어로,32750,33514,33514,32648
2019-01-15,대한항공,22176,22046,22241,21917
2019-01-15,신한지주,39700,38650,39750,38500
2019-01-15,하이닉스,64000,62200,64000,62200
2019-01-15,한화에어로,33361,32495,33718,32495
2019-01-16,대한항공,22824,22208,22889,22111
2019-01-16,신한지주,40800,39950,40850,39700
2019-01-16,하이닉스,64800,63800,64900,62700
2019-01-16,한화에어로,33870,33310,34125,33259
2019-01-17,대한항공,23667,22695,23732,22695
2019-01-17,신한지주,41350,41600,41650,40450
2019-01-17,하이닉스,64900,65500,66200,64600
2019-01-17,한화에어로,32648,33769,33921,32648
2019-01-18,대한항공,23700,23667,23732,23246
2019-01-18,신한지주,40750,41000,41100,40650
2019-01-18,하이닉스,64600,65000,65700,63900
2019-01-18,한화에어로,31171,32801,33005,30662
2019-01-21,대한항공,23602,23765,23765,23408
2019-01-21,신한지주,40600,40700,40900,40350
2019-01-21,하이닉스,67000,65900,67400,65000
2019-01-21,한화에어로,32037,31273,32139,31171
2019-01-22,대한항공,23343,23602,23732,23051
2019-01-22,신한지주,40600,40500,40800,40500
2019-01-22,하이닉스,66600,67900,68000,65700
2019-01-22,한화에어로,31680,31986,32190,31375
2019-01-23,대한항공,23635,23311,24121,23246
2019-01-23,신한지주,40600,40550,40950,40150
2019-01-23,하이닉스,66800,65500,67200,64800
2019-01-23,한화에어로,32546,31782,32648,31782
2019-01-24,대한항공,23570,23343,23894,23116
2019-01-24,신한지주,41950,41450,42000,41150
2019-01-24,하이닉스,70500,66900,70500,66900
2019-01-24,한화에어로,31629,33056,33056,31578
2019-01-25,대한항공,22565,23246,23538,22500
2019-01-25,신한지주,42200,41350,42250,41250
2019-01-25,하이닉스,74600,71600,74800,71100
2019-01-25,한화에어로,31833,31477,32342,31477
2019-01-28,대한항공,22792,22630,22824,22597
2019-01-28,신한지주,42350,42300,42600,41850
2019-01-28,하이닉스,71800,74700,74900,71200
2019-01-28,한화에어로,31629,31782,31833,31273
2019-01-29,대한항공,22889,22954,23181,22857
2019-01-29,신한지주,42250,42250,42400,41900
2019-01-29,하이닉스,73400,71400,73800,71000
2019-01-29,한화에어로,31477,31629,31782,31171
2019-01-30,대한항공,23959,22954,23959,22792
2019-01-30,신한지주,42600,42400,42600,41600
2019-01-30,하이닉스,75900,73500,76300,73000
2019-01-30,한화에어로,31833,31884,31884,31222
2019-01-31,대한항공,23602,23991,24218,23408
2019-01-31,신한지주,43200,43000,43650,42650
2019-01-31,하이닉스,73900,76900,77100,73700
2019-01-31,한화에어로,31986,32037,32292,31629
2019-02-01,대한항공,23181,23408,23602,22922
2019-02-01,신한지주,43500,43500,44250,43200
2019-02-01,하이닉스,75900,75400,76400,74700
2019-02-01,한화에어로,31324,31833,31986,31273
2019-02-07,대한항공,23116,23602,23602,22954
2019-02-07,신한지주,43700,44050,44050,42850
2019-02-07,하이닉스,76700,77500,78200,76600
2019-02-07,한화에어로,32088,31375,32241,31222
2019-02-08,대한항공,23019,23311,23343,22759
2019-02-08,신한지주,43850,43450,43950,43150
2019-02-08,하이닉스,73500,75200,75500,73000
2019-02-08,한화에어로,32342,32139,32444,31629
2019-02-11,대한항공,22922,23246,23278,22468
2019-02-11,신한지주,43300,43850,43900,43000
2019-02-11,하이닉스,74100,73000,74100,72200
2019-02-11,한화에어로,32954,32393,33208,32342
2019-02-12,대한항공,23051,22954,23375,22922
2019-02-12,신한지주,42450,43900,43900,42300
2019-02-12,하이닉스,75900,74100,76400,73900
2019-02-12,한화에어로,32292,33005,33005,31935
2019-02-13,대한항공,23181,23181,23765,23084
2019-02-13,신한지주,43350,42500,43450,41950
2019-02-13,하이닉스,76200,77300,77600,76100
2019-02-13,한화에어로,33106,32648,33157,32444
2019-02-14,대한항공,23927,23959,23959,23246
2019-02-14,신한지주,44250,43350,44250,42900
2019-02-14,하이닉스,77400,75800,77400,75100
2019-02-14,한화에어로,33005,33310,33310,32699
2019-02-15,대한항공,23473,23732,23797,23375
2019-02-15,신한지주,43700,43800,44000,43050
2019-02-15,하이닉스,73800,76800,76900,73800
2019-02-15,한화에어로,32954,32903,33514,32648
2019-02-18,대한항공,22857,23375,23602,22662
2019-02-18,신한지주,43600,43600,44100,43550
2019-02-18,하이닉스,74700,74300,75300,74000
2019-02-18,한화에어로,33769,33157,33769,33106
2019-02-19,대한항공,22727,22857,22986,22597
2019-02-19,신한지주,42850,43050,43300,42600
2019-02-19,하이닉스,73700,74500,74800,73000
2019-02-19,한화에어로,33514,33870,33972,33463
2019-02-20,대한항공,23343,22857,23732,22792
2019-02-20,신한지주,43100,42950,43500,42550
2019-02-20,하이닉스,75700,73700,76000,73600
2019-02-20,한화에어로,33259,33514,33769,32699
2019-02-21,대한항공,23408,23505,23635,23149
2019-02-21,신한지주,43300,42900,43350,42750
2019-02-21,하이닉스,76700,75300,77200,74600
2019-02-21,한화에어로,33921,33972,35042,33310
2019-02-22,대한항공,23602,23408,23667,23181
2019-02-22,신한지주,43700,43250,43850,43000
2019-02-22,하이닉스,76700,75600,76700,75300
2019-02-22,한화에어로,33972,33718,34533,33718
2019-02-25,대한항공,23700,23797,23797,23440
2019-02-25,신한지주,43750,43550,44000,43250
2019-02-25,하이닉스,75400,77300,77600,74800
2019-02-25,한화에어로,33870,33972,34431,33820
2019-02-26,대한항공,23829,23667,23991,23635
2019-02-26,신한지주,43000,43300,43450,42600
2019-02-26,하이닉스,75200,75000,75900,74100
2019-02-26,한화에어로,33820,33769,34278,33667
2019-02-27,대한항공,23959,23927,24089,23829
2019-02-27,신한지주,43250,42700,43450,42300
2019-02-27,하이닉스,73700,75300,75700,73700
2019-02-27,한화에어로,34278,33972,34634,33565
2019-02-28,대한항공,23862,23894,24510,23602
2019-02-28,신한지주,43650,43450,43900,43150
2019-02-28,하이닉스,70000,72500,72600,69900
2019-02-28,한화에어로,33565,34482,34482,33310
2019-03-04,대한항공,23700,23862,24381,23667
2019-03-04,신한지주,42800,44350,44350,42600
2019-03-04,하이닉스,70100,70300,71400,69900
2019-03-04,한화에어로,33972,33870,34838,33870
2019-03-05,대한항공,23181,23505,23797,22986
2019-03-05,신한지주,42750,43150,43250,42400
2019-03-05,하이닉스,69700,68300,70000,68300
2019-03-05,한화에어로,34736,33718,34991,33718
2019-03-06,대한항공,23213,23149,23408,22824
2019-03-06,신한지주,42600,43000,43100,42000
2019-03-06,하이닉스,68100,68500,69600,67400
2019-03-06,한화에어로,34074,34736,34736,33718
2019-03-07,대한항공,22954,23149,23311,22824
2019-03-07,신한지주,42650,42900,43200,42200
2019-03-07,하이닉스,68100,67200,68900,67100
2019-03-07,한화에어로,34125,34176,34584,33820
2019-03-08,대한항공,22500,22759,22824,22241
2019-03-08,신한지주,42000,42600,42600,41900
2019-03-08,하이닉스,66700,67900,68200,66200
2019-03-08,한화에어로,33106,34023,34023,32852
2019-03-11,대한항공,22014,22565,22565,21722
2019-03-11,신한지주,42900,43150,43400,42550
2019-03-11,하이닉스,66600,67000,67800,66200
2019-03-11,한화에어로,33361,33005,33565,32393
2019-03-12,대한항공,21884,22176,22176,21657
2019-03-12,신한지주,43000,43200,43300,42800
2019-03-12,하이닉스,67700,67700,68600,67500
2019-03-12,한화에어로,33157,33565,33616,33005
2019-03-13,대한항공,21333,21754,21754,20814
2019-03-13,신한지주,43150,43000,43400,42850
2019-03-13,하이닉스,66800,67700,67800,65900
2019-03-13,한화에어로,33106,33106,33463,32954
2019-03-14,대한항공,21365,21495,21657,21074
2019-03-14,신한지주,43800,43800,44000,43300
2019-03-14,하이닉스,67300,67400,67400,66400
2019-03-14,한화에어로,33106,33157,33310,32750
2019-03-15,대한항공,21754,21463,21981,21333
2019-03-15,신한지주,44200,44250,44700,43750
2019-03-15,하이닉스,68100,67400,68700,66700
2019-03-15,한화에어로,34380,33106,34431,33056
2019-03-18,대한항공,22273,21917,22370,21625
2019-03-18,신한지주,44100,43750,44200,43700
2019-03-18,하이닉스,67800,69200,69300,67300
2019-03-18,한화에어로,35755,34533,35806,34176
2019-03-19,대한항공,21690,22241,22241,21625
2019-03-19,신한지주,43950,44400,44400,43400
2019-03-19,하이닉스,68000,67300,68000,66600
2019-03-19,한화에어로,35449,35959,36061,35144
2019-03-20,대한항공,21690,21722,21787,21333
2019-03-20,신한지주,44100,43800,44100,43400
2019-03-20,하이닉스,70500,68400,70600,67600
2019-03-20,한화에어로,35093,35195,35297,34533
2019-03-21,대한항공,21041,21463,21690,20944
2019-03-21,신한지주,43300,43850,44100,42950
2019-03-21,하이닉스,75900,73500,76000,72600
2019-03-21,한화에어로,33769,34940,35348,33769
2019-03-22,대한항공,21138,21074,21268,20847
2019-03-22,신한지주,43250,42500,43550,42500
2019-03-22,하이닉스,76100,78900,78900,75900
2019-03-22,한화에어로,34584,33820,34940,33412
2019-03-25,대한항공,20749,20814,20911,20490
2019-03-25,신한지주,42950,43150,43550,42800
2019-03-25,하이닉스,72900,73700,74200,72600
2019-03-25,한화에어로,34889,34482,35551,34125
2019-03-26,대한항공,21009,20685,21333,20360
2019-03-26,신한지주,42750,42600,43300,42550
2019-03-26,하이닉스,72700,72900,73300,71500
2019-03-26,한화에어로,34991,35144,35806,34838
2019-03-27,대한항공,21527,21333,22176,20847
2019-03-27,신한지주,42750,42500,43250,42500
2019-03-27,하이닉스,73400,71800,74100,71200
2019-03-27,한화에어로,34787,35348,35348,34431
2019-03-28,대한항공,20393,21527,21592,20360
2019-03-28,신한지주,42050,42400,43100,41600
2019-03-28,하이닉스,72300,72300,73600,71700
2019-03-28,한화에어로,34584,34787,34940,34023
2019-03-29,대한항공,20652,20425,20749,20393
2019-03-29,신한지주,42000,42350,42750,41600
2019-03-29,하이닉스,74200,72900,74900,72700
2019-03-29,한화에어로,35042,34584,35704,34584
2019-04-01,대한항공,21106,20749,21138,20587
2019-04-01,신한지주,43750,44200,44200,42900
2019-04-01,하이닉스,76600,75600,77100,75500
2019-04-01,한화에어로,35857,35449,35959,35093
2019-04-02,대한항공,20717,21074,21106,20652
2019-04-02,신한지주,44800,44000,45000,43950
2019-04-02,하이닉스,76400,77900,78000,76100
2019-04-02,한화에어로,35297,35857,35857,35144
2019-04-03,대한항공,20814,20652,20814,20490
2019-04-03,신한지주,45300,44700,45300,44200
2019-04-03,하이닉스,79900,76800,79900,76500
2019-04-03,한화에어로,34634,35042,35246,34431
2019-04-04,대한항공,20717,20814,20847,20652
2019-04-04,신한지주,45450,44900,45850,44900
2019-04-04,하이닉스,78400,80400,81400,77800
2019-04-04,한화에어로,34685,34634,35042,34023
2019-04-05,대한항공,20685,20652,20782,20620
2019-04-05,신한지주,45600,45900,45900,44800
2019-04-05,하이닉스,79000,78200,79300,77900
2019-04-05,한화에어로,34329,34787,35042,34125
2019-04-08,대한항공,21074,22046,22370,20944
2019-04-08,신한지주,45600,45600,46000,45400
2019-04-08,하이닉스,77900,78900,79200,77600
2019-04-08,한화에어로,33921,34634,34634,33870
2019-04-09,대한항공,20782,21236,21625,20685
2019-04-09,신한지주,45500,44900,45700,44900
2019-04-09,하이닉스,77800,77700,78700,77400
2019-04-09,한화에어로,33667,33769,34176,33514
2019-04-10,대한항공,21365,20717,21592,20425
2019-04-10,신한지주,45750,44900,45750,44800
2019-04-10,하이닉스,78600,76700,78800,76200
2019-04-10,한화에어로,32393,33820,33870,32088
2019-04-11,대한항공,21463,21365,21949,21301
2019-04-11,신한지주,45750,46000,46000,45100
2019-04-11,하이닉스,78400,79200,79500,78000
2019-04-11,한화에어로,32088,32546,32546,31884
2019-04-12,대한항공,23084,21592,23440,21171
2019-04-12,신한지주,45800,45750,45900,45200
2019-04-12,하이닉스,78100,77400,78800,77400
2019-04-12,한화에어로,31731,32241,32241,31629
2019-04-15,대한항공,24478,24575,27007,24218
2019-04-15,신한지주,45650,45700,46000,45450
2019-04-15,하이닉스,79700,79000,79900,78600
2019-04-15,한화에어로,31782,31680,32037,31426
2019-04-16,대한항공,23246,23700,24607,23084
2019-04-16,신한지주,45700,45050,45900,45050
2019-04-16,하이닉스,80400,79900,80800,79100
2019-04-16,한화에어로,31884,31884,31986,31375
2019-04-17,대한항공,23278,23375,23667,22565
2019-04-17,신한지주,45550,45450,45750,45150
2019-04-17,하이닉스,80200,81000,82300,80000
2019-04-17,한화에어로,31578,31935,31935,31426
2019-04-18,대한항공,23019,23149,23797,22889
2019-04-18,신한지주,45150,45850,45850,44850
2019-04-18,하이닉스,79200,80800,81200,78500
2019-04-18,한화에어로,31578,31629,31884,31375
2019-04-19,대한항공,22824,23019,23375,22695
2019-04-19,신한지주,44650,44950,45250,44650
2019-04-19,하이닉스,81800,80500,82400,80100
2019-04-19,한화에어로,31426,31629,31680,31375
2019-04-22,대한항공,22792,22824,23019,22597
2019-04-22,신한지주,44700,44500,44900,44200
2019-04-22,하이닉스,80500,81500,81800,79900
2019-04-22,한화에어로,31528,31935,32342,31477
2019-04-23,대한항공,22468,22695,22759,21722
2019-04-23,신한지주,45050,44700,45050,44300
2019-04-23,하이닉스,81000,81000,81800,80400
2019-04-23,한화에어로,31528,31528,31629,31069
2019-04-24,대한항공,22565,22370,22597,21819
2019-04-24,신한지주,44050,44900,45100,43800
2019-04-24,하이닉스,78500,81500,81500,77500
2019-04-24,한화에어로,31528,31528,32088,31171
2019-04-25,대한항공,21884,23019,23213,21819
2019-04-25,신한지주,44450,43900,44450,43850
2019-04-25,하이닉스,80200,78400,81500,78100
2019-04-25,한화에어로,31324,31426,31680,31171
2019-04-26,대한항공,21592,21657,21819,21398
2019-04-26,신한지주,43700,44450,44600,43450
2019-04-26,하이닉스,78600,78500,79900,77600
2019-04-26,한화에어로,30967,31018,31477,30764
2019-04-29,대한항공,21495,21592,21787,21203
2019-04-29,신한지주,44550,43200,44550,43100
2019-04-29,하이닉스,80000,78700,80100,78200
2019-04-29,한화에어로,31324,30916,31375,30916
2019-04-30,대한항공,21495,21398,22014,21398
2019-04-30,신한지주,44100,44700,44850,43850
2019-04-30,하이닉스,79000,79400,80700,78100
2019-04-30,한화에어로,31477,31477,31782,31120
2019-05-02,대한항공,21495,21333,21690,21138
2019-05-02,신한지주,45150,44500,45200,44100
2019-05-02,하이닉스,80700,79700,81200,79100
2019-05-02,한화에어로,31782,31222,31884,30916
2019-05-03,대한항공,21852,21495,22014,21333
2019-05-03,신한지주,45200,45200,45350,44800
2019-05-03,하이닉스,80400,81100,81300,80300
2019-05-03,한화에어로,31426,31477,31731,31375
2019-05-07,대한항공,21754,21527,21949,21203
2019-05-07,신한지주,45500,45000,45500,44900
2019-05-07,하이닉스,79900,79200,80400,78700
2019-05-07,한화에어로,30967,31528,31782,30815
2019-05-08,대한항공,21365,21463,21690,21365
2019-05-08,신한지주,45300,45200,45600,45200
2019-05-08,하이닉스,80300,78700,80500,78000
2019-05-08,한화에어로,31629,30458,31782,30407
2019-05-09,대한항공,21138,21625,22241,21138
2019-05-09,신한지주,44450,45150,45700,44400
2019-05-09,하이닉스,76000,79600,79700,75200
2019-05-09,한화에어로,31273,31782,32088,31273
2019-05-10,대한항공,20847,21171,21301,20587
2019-05-10,신한지주,44900,45100,45500,44450
2019-05-10,하이닉스,74400,76100,76700,73400
2019-05-10,한화에어로,31222,31375,31731,30865
2019-05-13,대한항공,21041,20652,21268,20490
2019-05-13,신한지주,45200,44650,45300,44600
2019-05-13,하이닉스,73500,73900,75000,72800
2019-05-13,한화에어로,30967,31273,31578,30611
2019-05-14,대한항공,21495,20620,21949,20620
2019-05-14,신한지주,44700,45500,45500,44600
2019-05-14,하이닉스,74600,72200,75100,71600
2019-05-14,한화에어로,31069,30560,31375,30509
2019-05-15,대한항공,21657,21852,22046,21301
2019-05-15,신한지주,44950,44650,45400,44200
2019-05-15,하이닉스,74500,74800,75100,73900
2019-05-15,한화에어로,30916,30865,31426,30407
2019-05-16,대한항공,21268,21657,21819,21268
2019-05-16,신한지주,44700,44450,45100,44450
2019-05-16,하이닉스,71900,74400,75100,71600
2019-05-16,한화에어로,30764,30662,30967,30509
2019-05-17,대한항공,20782,21074,21365,20652
2019-05-17,신한지주,44950,44700,45500,44600
2019-05-17,하이닉스,71600,72500,73300,71400
2019-05-17,한화에어로,30356,30764,31171,30254
2019-05-20,대한항공,20685,20587,20879,20328
2019-05-20,신한지주,45400,45250,46000,45000
2019-05-20,하이닉스,70900,71800,72800,70700
2019-05-20,한화에어로,30407,30458,30662,30101
2019-05-21,대한항공,20425,20587,20685,20263
2019-05-21,신한지주,45600,44700,45800,44700
2019-05-21,하이닉스,70300,70500,72200,69700
2019-05-21,한화에어로,30203,30356,30611,29083
2019-05-22,대한항공,19906,20425,20522,19874
2019-05-22,신한지주,46050,45650,46350,45500
2019-05-22,하이닉스,68900,71300,71300,68500
2019-05-22,한화에어로,32241,30305,32495,29592
2019-05-23,대한항공,19906,19777,19971,19680
2019-05-23,신한지주,46300,46200,46700,46100
2019-05-23,하이닉스,68000,68400,69100,67300
2019-05-23,한화에어로,32444,32241,32801,31680
2019-05-24,대한항공,20652,19939,20782,19939
2019-05-24,신한지주,46850,46300,47000,46250
2019-05-24,하이닉스,67600,67300,68600,67000
2019-05-24,한화에어로,31935,32393,32750,31731
2019-05-27,대한항공,20620,20522,20814,20295
2019-05-27,신한지주,46850,46900,47100,46700
2019-05-27,하이닉스,66900,67900,68200,66400
2019-05-27,한화에어로,31629,31935,32241,31426
2019-05-28,대한항공,20717,20620,20976,20620
2019-05-28,신한지주,48000,46900,48000,46350
2019-05-28,하이닉스,65900,67200,68300,65900
2019-05-28,한화에어로,31477,31477,31833,31273
2019-05-29,대한항공,20555,20944,21074,20263
2019-05-29,신한지주,45700,47500,47600,45600
2019-05-29,하이닉스,66100,65600,66700,64900
2019-05-29,한화에어로,30865,31578,31629,30560
2019-05-30,대한항공,20458,20652,20652,20166
2019-05-30,신한지주,45200,44800,45400,44800
2019-05-30,하이닉스,65900,66300,66900,65800
2019-05-30,한화에어로,30305,30764,31528,30203
2019-05-31,대한항공,20458,20458,20847,20393
2019-05-31,신한지주,44450,44700,45000,44100
2019-05-31,하이닉스,65300,65900,66900,64700
2019-05-31,한화에어로,30458,30407,30611,30101
2019-06-03,대한항공,20555,20522,20652,20295
2019-06-03,신한지주,45150,44450,45200,44200
2019-06-03,하이닉스,66600,65200,67200,64200
2019-06-03,한화에어로,31171,30560,31324,30101
2019-06-04,대한항공,20717,20555,20911,20555
2019-06-04,신한지주,45400,45500,45750,45050
2019-06-04,하이닉스,65100,66500,66700,65100
2019-06-04,한화에어로,31629,31375,31731,31069
2019-06-05,대한항공,20814,21041,21106,20782
2019-06-05,신한지주,44900,44900,45400,44650
2019-06-05,하이닉스,65100,66900,67600,64900
2019-06-05,한화에어로,31986,31528,32139,31324
2019-06-07,대한항공,21074,20620,21333,20393
2019-06-07,신한지주,44900,44550,45100,44150
2019-06-07,하이닉스,65400,65200,66000,64600
2019-06-07,한화에어로,31986,32190,32190,31528
2019-06-10,대한항공,21074,21138,21365,20814
2019-06-10,신한지주,45500,45100,45500,45050
2019-06-10,하이닉스,66800,66100,67000,65800
2019-06-10,한화에어로,33208,32546,33463,32241
2019-06-11,대한항공,21041,20944,21106,20847
2019-06-11,신한지주,45600,45300,45700,45200
2019-06-11,하이닉스,67200,66900,67800,66700
2019-06-11,한화에어로,33106,33412,33463,32495
2019-06-12,대한항공,20847,21041,21106,20717
2019-06-12,신한지주,45850,45600,46000,45450
2019-06-12,하이닉스,65700,66800,67100,65700
2019-06-12,한화에어로,32801,32801,33106,32699
2019-06-13,대한항공,20814,20911,21041,20652
2019-06-13,신한지주,45200,45800,45850,45000
2019-06-13,하이닉스,63500,64900,65100,63300
2019-06-13,한화에어로,33361,32852,33361,32801
2019-06-14,대한항공,21009,20717,21041,20555
2019-06-14,신한지주,45200,45350,45550,44950
2019-06-14,하이닉스,63100,63200,64000,62600
2019-06-14,한화에어로,32903,33412,33667,32852
2019-06-17,대한항공,20425,21009,21041,20263
2019-06-17,신한지주,45250,45150,45850,44800
2019-06-17,하이닉스,63700,62800,63800,62400
2019-06-17,한화에어로,32699,33157,33667,32648
2019-06-18,대한항공,20328,20425,20522,20231
2019-06-18,신한지주,45600,45400,46000,45400
2019-06-18,하이닉스,63400,63800,64200,63300
2019-06-18,한화에어로,33412,32750,33514,32088
2019-06-19,대한항공,20360,20360,20458,20166
2019-06-19,신한지주,46000,46200,46450,45850
2019-06-19,하이닉스,67200,65800,67300,65200
2019-06-19,한화에어로,32750,33514,33616,32648
2019-06-20,대한항공,20295,20360,20425,20198
2019-06-20,신한지주,45000,45350,45900,44950
2019-06-20,하이닉스,67300,67200,67400,66200
2019-06-20,한화에어로,32292,32852,33106,32241
2019-06-21,대한항공,19777,20295,20295,19517
2019-06-21,신한지주,44900,45050,45300,44850
2019-06-21,하이닉스,65900,67100,67300,65900
2019-06-21,한화에어로,33005,32292,33106,32241
2019-06-24,대한항공,19647,19777,19842,19258
2019-06-24,신한지주,44850,44800,45050,44400
2019-06-24,하이닉스,66900,65900,67400,65600
2019-06-24,한화에어로,33208,32750,33361,32546
2019-06-25,대한항공,19388,19517,19680,19193
2019-06-25,신한지주,44950,44900,45350,44600
2019-06-25,하이닉스,66700,66700,67400,66300
2019-06-25,한화에어로,32801,33259,33412,32699
2019-06-26,대한항공,19128,19226,19355,18966
2019-06-26,신한지주,44600,44500,44800,44200
2019-06-26,하이닉스,68900,68300,69600,67900
2019-06-26,한화에어로,32444,32801,32954,32292
2019-06-27,대한항공,19064,19064,19161,18966
2019-06-27,신한지주,45150,44200,45200,44150
2019-06-27,하이닉스,70200,70100,71600,69700
2019-06-27,한화에어로,32852,32342,33157,32342
2019-06-28,대한항공,18772,18999,19128,18674
2019-06-28,신한지주,44900,45100,45450,44750
2019-06-28,하이닉스,69500,70900,70900,68400
2019-06-28,한화에어로,33870,33106,34431,32954
2019-07-01,대한항공,18804,18804,18966,18674
2019-07-01,신한지주,45050,45200,45300,44900
2019-07-01,하이닉스,70000,71000,71000,69700
2019-07-01,한화에어로,32801,33870,34023,32699
2019-07-02,대한항공,18999,18869,19096,18739
2019-07-02,신한지주,44800,45000,45000,44600
2019-07-02,하이닉스,71400,69700,71700,69100
2019-07-02,한화에어로,33259,32801,33514,32495
2019-07-03,대한항공,18804,19128,19161,18772
2019-07-03,신한지주,44450,44650,44850,44150
2019-07-03,하이닉스,69100,71100,71700,69000
2019-07-03,한화에어로,33259,33361,33463,32903
2019-07-04,대한항공,18674,18739,18869,18448
2019-07-04,신한지주,44450,44250,44500,44200
2019-07-04,하이닉스,70200,69600,70700,69300
2019-07-04,한화에어로,33616,33259,34074,32903
2019-07-05,대한항공,18739,18642,18804,18577
2019-07-05,신한지주,44400,44400,44750,44150
2019-07-05,하이닉스,68400,70300,71000,68400
2019-07-05,한화에어로,33157,33870,33972,33056
2019-07-08,대한항공,18707,18512,19128,18026
2019-07-08,신한지주,43650,44250,44400,43550
2019-07-08,하이닉스,67400,66400,68000,66200
2019-07-08,한화에어로,31833,32954,33056,31782
2019-07-09,대한항공,18512,18415,18642,18253
2019-07-09,신한지주,43650,43800,44050,43400
2019-07-09,하이닉스,69800,68400,70500,67900
2019-07-09,한화에어로,31273,31884,31935,31120
2019-07-10,대한항공,18415,18253,18512,18058
2019-07-10,신한지주,43600,43850,44100,43600
2019-07-10,하이닉스,72900,71500,73400,71000
2019-07-10,한화에어로,31171,31324,31884,30764
2019-07-11,대한항공,18448,18253,18610,18253
2019-07-11,신한지주,44300,43450,44300,43400
2019-07-11,하이닉스,75500,74000,75500,74000
2019-07-11,한화에어로,31222,31171,31782,31069
2019-07-12,대한항공,18545,18480,18739,18415
2019-07-12,신한지주,44550,44300,44550,43900
2019-07-12,하이닉스,74700,75600,75800,74400
2019-07-12,한화에어로,32088,31273,32088,31273
2019-07-15,대한항공,18383,18545,18642,18188
2019-07-15,신한지주,44900,44050,45050,44000
2019-07-15,하이닉스,76200,74500,76500,74400
2019-07-15,한화에어로,32292,31935,32292,31782
2019-07-16,대한항공,18642,18383,18674,18285
2019-07-16,신한지주,45150,44900,45250,44300
2019-07-16,하이닉스,76100,74800,76500,74800
2019-07-16,한화에어로,32597,32342,33056,31833
2019-07-17,대한항공,18512,18577,18707,18350
2019-07-17,신한지주,45200,44650,45300,44650
2019-07-17,하이닉스,74600,74600,75200,74000
2019-07-17,한화에어로,32750,32241,32954,32241
2019-07-18,대한항공,18221,18318,18545,18091
2019-07-18,신한지주,45250,44950,45300,44700
2019-07-18,하이닉스,74700,74300,75200,73900
2019-07-18,한화에어로,33514,32648,33769,32444
2019-07-19,대한항공,18512,18350,18512,18221
2019-07-19,신한지주,45800,45000,45950,45000
2019-07-19,하이닉스,76800,75900,77000,75600
2019-07-19,한화에어로,33718,33769,34125,33412
2019-07-22,대한항공,18253,18253,18383,18188
2019-07-22,신한지주,45450,45550,45800,45000
2019-07-22,하이닉스,78400,77800,79200,77000
2019-07-22,한화에어로,33616,33667,33921,33463
2019-07-23,대한항공,18253,18188,18350,18156
2019-07-23,신한지주,46300,45100,46500,45050
2019-07-23,하이닉스,78800,79700,80700,78200
2019-07-23,한화에어로,34023,33616,34176,33616
2019-07-24,대한항공,18253,18253,18415,18123
2019-07-24,신한지주,45850,46600,46750,45850
2019-07-24,하이닉스,77600,78800,80200,77100
2019-07-24,한화에어로,34023,34176,34329,33514
2019-07-25,대한항공,17767,18156,18188,17702
2019-07-25,신한지주,45100,45850,45850,44850
2019-07-25,하이닉스,79200,79700,80400,77700
2019-07-25,한화에어로,33056,33972,34023,32903
2019-07-26,대한항공,17410,17572,17832,17216
2019-07-26,신한지주,43650,44200,44600,43450
2019-07-26,하이닉스,79800,78100,80300,78000
2019-07-26,한화에어로,33310,32750,33565,32750
2019-07-29,대한항공,16891,17248,17475,16535
2019-07-29,신한지주,43900,43800,44150,43600
2019-07-29,하이닉스,77000,79000,79400,76500
2019-07-29,한화에어로,32546,33820,33820,32190
2019-07-30,대한항공,16891,16794,17053,16535
2019-07-30,신한지주,43800,43200,44100,43050
2019-07-30,하이닉스,78900,78200,80000,77700
2019-07-30,한화에어로,32292,32393,33208,31375
2019-07-31,대한항공,16567,16826,16891,15821
2019-07-31,신한지주,43500,43350,44300,43250
2019-07-31,하이닉스,76900,78000,79100,75300
2019-07-31,한화에어로,32801,32597,32801,31935
2019-08-01,대한항공,16632,16664,16664,16275
2019-08-01,신한지주,44200,43300,44450,43300
2019-08-01,하이닉스,77700,75300,78700,75300
2019-08-01,한화에어로,31986,32546,32903,31629
2019-08-02,대한항공,16697,16535,16729,16243
2019-08-02,신한지주,42750,43950,43950,42400
2019-08-02,하이닉스,76100,75400,76800,74900
2019-08-02,한화에어로,31273,31426,32393,31018
2019-08-05,대한항공,16016,16502,16567,15757
2019-08-05,신한지주,43050,42100,43150,42100
2019-08-05,하이닉스,75400,75500,76000,74900
2019-08-05,한화에어로,30509,31120,31629,29847
2019-08-06,대한항공,15627,15368,16178,14719
2019-08-06,신한지주,42550,42800,42800,41750
2019-08-06,하이닉스,72000,73100,73900,71900
2019-08-06,한화에어로,30356,30101,31578,29134
2019-08-07,대한항공,15011,15303,15692,14978
2019-08-07,신한지주,42100,42550,42550,41400
2019-08-07,하이닉스,73300,72000,74300,72000
2019-08-07,한화에어로,29287,30051,30764,29134
2019-08-08,대한항공,15303,15108,15594,15011
2019-08-08,신한지주,41200,41800,42050,41200
2019-08-08,하이닉스,72300,73600,74500,72000
2019-08-08,한화에어로,29949,29541,30203,29337
2019-08-09,대한항공,15530,15594,15692,15400
2019-08-09,신한지주,41050,41250,41600,41050
2019-08-09,하이닉스,73300,73200,74100,72300
2019-08-09,한화에어로,30967,30152,31171,29796
2019-08-12,대한항공,15335,15400,15562,15141
2019-08-12,신한지주,41050,40950,41300,40950
2019-08-12,하이닉스,74500,73700,75000,73500
2019-08-12,한화에어로,31273,30865,31884,30865
2019-08-13,대한항공,15043,15173,15303,14978
2019-08-13,신한지주,40400,40700,40950,40250
2019-08-13,하이닉스,74500,74000,75100,73700
2019-08-13,한화에어로,36468,34023,36774,33870
2019-08-14,대한항공,14849,15108,15205,14816
2019-08-14,신한지주,40450,40400,41100,40300
2019-08-14,하이닉스,76900,77200,77900,76200
2019-08-14,한화에어로,37538,36264,37945,36213
2019-08-16,대한항공,14816,14427,14946,14071
2019-08-16,신한지주,40200,40900,40900,39900
2019-08-16,하이닉스,76400,75800,76400,75100
2019-08-16,한화에어로,37894,37385,38607,37079
2019-08-19,대한항공,14816,14752,14946,14622
2019-08-19,신한지주,40600,40600,40750,40000
2019-08-19,하이닉스,75100,77300,77500,74800
2019-08-19,한화에어로,39117,38200,39168,37232
2019-08-20,대한항공,14946,14752,15108,14719
2019-08-20,신한지주,40500,40150,40600,40100
2019-08-20,하이닉스,76400,75500,76600,75100
2019-08-20,한화에어로,39117,39168,39626,38760
2019-08-21,대한항공,15076,14946,15205,14881
2019-08-21,신한지주,40250,40300,40700,40100
2019-08-21,하이닉스,75800,75900,76900,75500
2019-08-21,한화에어로,39677,39117,40033,39015
2019-08-22,대한항공,14946,15108,15108,14914
2019-08-22,신한지주,40450,40500,40700,40300
2019-08-22,하이닉스,73800,75300,76000,73800
2019-08-22,한화에어로,38454,39677,39728,38200
2019-08-23,대한항공,14816,14849,14946,14622
2019-08-23,신한지주,40350,40600,40600,40150
2019-08-23,하이닉스,74400,73500,75200,73400
2019-08-23,한화에어로,39218,38913,39575,38149
2019-08-26,대한항공,14330,14622,14622,14298
2019-08-26,신한지주,39700,40350,40350,39350
2019-08-26,하이닉스,71800,72600,73000,71500
2019-08-26,한화에어로,39320,38505,39881,38505
2019-08-27,대한항공,14200,14395,14557,14200
2019-08-27,신한지주,39650,39750,40000,39550
2019-08-27,하이닉스,73000,72500,73700,72500
2019-08-27,한화에어로,39422,40186,40186,39015
2019-08-28,대한항공,14265,14071,14330,14071
2019-08-28,신한지주,39900,39900,40050,39800
2019-08-28,하이닉스,73300,73500,73700,72500
2019-08-28,한화에어로,39881,39626,39982,39218
2019-08-29,대한항공,14136,14362,14427,14103
2019-08-29,신한지주,39950,39850,40050,39600
2019-08-29,하이닉스,73300,73500,74100,72000
2019-08-29,한화에어로,39728,39881,40084,39575
2019-08-30,대한항공,14395,14265,14492,14136
2019-08-30,신한지주,40750,40100,40800,40100
2019-08-30,하이닉스,77400,74600,78000,74600
2019-08-30,한화에어로,39626,39881,40288,39371
2019-09-02,대한항공,14460,14362,14557,14362
2019-09-02,신한지주,40850,41600,41600,40550
2019-09-02,하이닉스,77600,77000,78200,76500
2019-09-02,한화에어로,39677,39269,39982,39066
2019-09-03,대한항공,14395,14460,14589,14362
2019-09-03,신한지주,40900,40650,41050,40550
2019-09-03,하이닉스,77000,77200,77600,76300
2019-09-03,한화에어로,41205,39575,41307,39575
2019-09-04,대한항공,14492,14265,14525,14265
2019-09-04,신한지주,41200,40750,41200,40750
2019-09-04,하이닉스,80000,77400,80000,77300
2019-09-04,한화에어로,43293,41460,43395,41001
2019-09-05,대한항공,14589,14492,14784,14460
2019-09-05,신한지주,40900,40900,41800,40750
2019-09-05,하이닉스,83000,81400,83000,81200
2019-09-05,한화에어로,42122,43242,43446,41867
2019-09-06,대한항공,14687,14849,14849,14525
2019-09-06,신한지주,41450,40850,41950,40800
2019-09-06,하이닉스,81900,84000,84000,81500
2019-09-06,한화에어로,43497,42325,43955,42224
2019-09-09,대한항공,14622,14622,14752,14589
2019-09-09,신한지주,41500,41100,42100,41100
2019-09-09,하이닉스,84300,83100,84600,82500
2019-09-09,한화에어로,43191,43955,44363,42988
2019-09-10,대한항공,14849,14622,14978,14557
2019-09-10,신한지주,42200,41550,42350,41550
2019-09-10,하이닉스,83100,84200,84200,82700
2019-09-10,한화에어로,43344,43548,43701,42988
2019-09-11,대한항공,15497,14914,15594,14881
2019-09-11,신한지주,42250,42450,42800,42050
2019-09-11,하이닉스,82600,83400,84300,81300
2019-09-11,한화에어로,42988,43701,43752,42020
2019-09-16,대한항공,15627,15238,15724,14946
2019-09-16,신한지주,43050,42700,43550,42450
2019-09-16,하이닉스,79500,81000,81000,79000
2019-09-16,한화에어로,41969,42580,42937,40950
2019-09-17,대한항공,15530,15432,15627,15270
2019-09-17,신한지주,42750,42400,42750,42150
2019-09-17,하이닉스,79400,80000,80400,79100
2019-09-17,한화에어로,42376,41969,42988,41765
2019-09-18,대한항공,15757,15692,15821,15497
2019-09-18,신한지주,42200,42550,42700,42000
2019-09-18,하이닉스,80200,80100,80600,79500
2019-09-18,한화에어로,42376,42325,43191,41969
2019-09-19,대한항공,15497,15627,15951,15432
2019-09-19,신한지주,42250,42050,42450,41950
2019-09-19,하이닉스,82700,80600,82700,80300
2019-09-19,한화에어로,43038,42682,43191,42274
2019-09-20,대한항공,15400,15432,15465,15238
2019-09-20,신한지주,42850,41900,42850,41900
2019-09-20,하이닉스,82200,82800,83400,82100
2019-09-20,한화에어로,42682,43038,43293,42274
2019-09-23,대한항공,15270,15400,15400,15173
2019-09-23,신한지주,42850,42550,42950,42200
2019-09-23,하이닉스,82800,81900,83300,81900
2019-09-23,한화에어로,42988,42682,43599,42529
2019-09-24,대한항공,15497,15270,15497,15270
2019-09-24,신한지주,42650,42800,43250,42500
2019-09-24,하이닉스,83400,82500,83500,81400
2019-09-24,한화에어로,43599,42784,43701,42784
2019-09-25,대한항공,15076,15432,15497,15043
2019-09-25,신한지주,42800,42650,43250,42500
2019-09-25,하이닉스,81900,82200,82800,81500
2019-09-25,한화에어로,43089,43701,43802,42988
2019-09-26,대한항공,14849,15303,15400,14492
2019-09-26,신한지주,43000,43050,43400,42700
2019-09-26,하이닉스,83300,83000,83500,82500
2019-09-26,한화에어로,43650,43599,45636,43191
2019-09-27,대한항공,14946,14914,15043,14687
2019-09-27,신한지주,41850,43300,43400,41500
2019-09-27,하이닉스,81400,80200,81500,80100
2019-09-27,한화에어로,41714,44057,44057,41612
2019-09-30,대한항공,14849,14816,15011,14784
2019-09-30,신한지주,41800,41700,42050,41500
2019-09-30,하이닉스,82200,80600,82900,80400
2019-09-30,한화에어로,42937,41663,43089,41256
2019-10-01,대한항공,15205,14784,15270,14752
2019-10-01,신한지주,42350,42000,42600,41700
2019-10-01,하이닉스,82000,81800,82500,81700
2019-10-01,한화에어로,43497,43293,43853,42835
2019-10-02,대한항공,14881,15108,15205,14849
2019-10-02,신한지주,41650,42000,42100,41350
2019-10-02,하이닉스,79500,81600,81600,79500
2019-10-02,한화에어로,43191,43089,43904,42784
2019-10-04,대한항공,14784,14849,14978,14719
2019-10-04,신한지주,40950,41650,41750,40950
2019-10-04,하이닉스,80300,78900,81300,78900
2019-10-04,한화에어로,43599,43701,43752,42886
2019-10-07,대한항공,14849,14816,14914,14589
2019-10-07,신한지주,41100,41100,41550,40800
2019-10-07,하이닉스,80300,80700,81700,79800
2019-10-07,한화에어로,41256,43904,43955,40950
2019-10-08,대한항공,15141,14784,15173,14752
2019-10-08,신한지주,41400,40850,41800,40850
2019-10-08,하이닉스,80900,80400,81100,79400
2019-10-08,한화에어로,43089,41001,43395,40339
2019-10-10,대한항공,14881,15043,15108,14752
2019-10-10,신한지주,40900,40400,41400,40250
2019-10-10,하이닉스,79000,78900,79600,78100
2019-10-10,한화에어로,43140,44006,44414,42580
2019-10-11,대한항공,15043,14914,15205,14914
2019-10-11,신한지주,41350,41400,42050,41200
2019-10-11,하이닉스,80000,79800,80500,79400
2019-10-11,한화에어로,42071,43599,43650,41867
2019-10-14,대한항공,15886,15173,15951,15141
2019-10-14,신한지주,42500,41800,42600,41750
2019-10-14,하이닉스,80500,82000,82300,80400
2019-10-14,한화에어로,42376,42325,42988,42020
2019-10-15,대한항공,15789,15984,16016,15692
2019-10-15,신한지주,42550,42800,43150,42350
2019-10-15,하이닉스,81200,80700,81700,80500
2019-10-15,한화에어로,42071,42733,42733,41612
2019-10-16,대한항공,16178,16146,16437,15984
2019-10-16,신한지주,42700,43550,43600,42450
2019-10-16,하이닉스,82400,82400,82700,81900
2019-10-16,한화에어로,42071,42173,42784,41561
2019-10-17,대한항공,16470,16178,16502,16113
2019-10-17,신한지주,42700,42250,42850,42250
2019-10-17,하이닉스,81000,82000,82200,80600
2019-10-17,한화에어로,42580,42274,43344,42122
2019-10-18,대한항공,16146,16502,16664,16146
2019-10-18,신한지주,42100,42550,42700,42000
2019-10-18,하이닉스,77400,81500,81700,77300
2019-10-18,한화에어로,42427,43038,43038,42224
2019-10-21,대한항공,16502,16210,16535,16178
2019-10-21,신한지주,42850,42500,42950,42250
2019-10-21,하이닉스,77500,77800,78400,77100
2019-10-21,한화에어로,41409,42682,42682,41052
2019-10-22,대한항공,16567,16535,16729,16275
2019-10-22,신한지주,43400,42600,43500,42600
2019-10-22,하이닉스,79100,78900,79300,78200
2019-10-22,한화에어로,41256,41358,41714,40950
2019-10-23,대한항공,15984,16567,16567,15984
2019-10-23,신한지주,43550,42900,43550,42900
2019-10-23,하이닉스,77700,78500,78600,77700
2019-10-23,한화에어로,40594,41154,41358,40186
2019-10-24,대한항공,16178,15886,16275,15757
2019-10-24,신한지주,43850,43850,44150,43450
2019-10-24,하이닉스,80000,79900,80100,78700
2019-10-24,한화에어로,40645,40186,41256,40186
2019-10-25,대한항공,16016,15984,16146,15886
2019-10-25,신한지주,43550,43500,43800,43050
2019-10-25,하이닉스,82900,82400,82900,81500
2019-10-25,한화에어로,40390,40645,41001,40033
2019-10-28,대한항공,16275,16081,16340,16048
2019-10-28,신한지주,43650,43550,43900,43400
2019-10-28,하이닉스,82900,83400,84000,82600
2019-10-28,한화에어로,40594,40135,41358,40135
2019-10-29,대한항공,16081,16470,16470,16081
2019-10-29,신한지주,44000,43200,44100,43200
2019-10-29,하이닉스,83000,84000,84000,82900
2019-10-29,한화에어로,39677,40237,40899,39320
2019-10-30,대한항공,15854,16210,16210,15789
2019-10-30,신한지주,43150,43650,43950,43000
2019-10-30,하이닉스,81500,83400,83400,81000
2019-10-30,한화에어로,38353,39677,39982,38098
2019-10-31,대한항공,16146,15886,16340,15821
2019-10-31,신한지주,42500,42800,43150,42500
2019-10-31,하이닉스,82000,81900,83400,81600
2019-10-31,한화에어로,38505,38454,39015,38200
2019-11-01,대한항공,16210,16146,16405,16081
2019-11-01,신한지주,42650,42400,43000,42400
2019-11-01,하이닉스,83100,82300,83200,81600
2019-11-01,한화에어로,37487,38505,38658,37334
2019-11-04,대한항공,16794,16210,16859,16210
2019-11-04,신한지주,42800,42400,43200,42400
2019-11-04,하이닉스,84700,84000,84900,83800
2019-11-04,한화에어로,38404,37843,39218,37741
2019-11-05,대한항공,17021,16794,17378,16794
2019-11-05,신한지주,43450,42850,43500,42500
2019-11-05,하이닉스,85100,85100,85400,84600
2019-11-05,한화에어로,38047,38404,38862,37843
2019-11-06,대한항공,16989,17053,17216,16924
2019-11-06,신한지주,43400,43150,43850,42950
2019-11-06,하이닉스,83500,84800,85200,83500
2019-11-06,한화에어로,38709,38149,39066,37792
2019-11-07,대한항공,17475,17021,17605,16956
2019-11-07,신한지주,43300,43050,43550,43000
2019-11-07,하이닉스,83600,83700,84300,82800
2019-11-07,한화에어로,37792,41765,41816,37640
2019-11-08,대한항공,17475,17475,17702,17378
2019-11-08,신한지주,43850,43500,44100,43400
2019-11-08,하이닉스,82300,84600,84600,82000
2019-11-08,한화에어로,37385,37843,38149,37334
2019-11-11,대한항공,17118,17410,17442,17086
2019-11-11,신한지주,43350,43800,43950,43250
2019-11-11,하이닉스,81300,82500,82500,80700
2019-11-11,한화에어로,36926,37334,37792,36417
2019-11-12,대한항공,17151,17118,17248,16826
2019-11-12,신한지주,43600,43450,43750,43150
2019-11-12,하이닉스,83200,81900,83200,81300
2019-11-12,한화에어로,38404,38302,38709,36876
2019-11-13,대한항공,16989,16859,17086,16794
2019-11-13,신한지주,43300,44000,44000,43050
2019-11-13,하이닉스,83400,83300,83600,82300
2019-11-13,한화에어로,38556,38404,38913,37792
2019-11-14,대한항공,16664,17053,17086,16567
2019-11-14,신한지주,43700,43850,43850,43000
2019-11-14,하이닉스,83400,83200,83800,82900
2019-11-14,한화에어로,38709,38709,38862,38302
2019-11-15,대한항공,17507,16697,17605,16697
2019-11-15,신한지주,43800,43650,44300,43550
2019-11-15,하이닉스,85200,84200,85200,83400
2019-11-15,한화에어로,38964,39015,39218,38505
2019-11-18,대한항공,17053,17410,17410,16826
2019-11-18,신한지주,43700,43200,43700,43200
2019-11-18,하이닉스,85500,86000,86500,84700
2019-11-18,한화에어로,39626,39728,39728,38811
2019-11-19,대한항공,17053,16924,17216,16859
2019-11-19,신한지주,43750,43250,43800,43150
2019-11-19,하이닉스,85300,85400,86000,84600
2019-11-19,한화에어로,40135,39830,40492,39218
2019-11-20,대한항공,16437,16891,16956,16405
2019-11-20,신한지주,44200,43450,44350,43400
2019-11-20,하이닉스,82700,84400,85200,82600
2019-11-20,한화에어로,39218,39982,40186,38964
2019-11-21,대한항공,16146,16470,16470,15854
2019-11-21,신한지주,43600,44200,44250,43350
2019-11-21,하이닉스,80900,81700,82500,80500
2019-11-21,한화에어로,39168,39422,40237,38862
2019-11-22,대한항공,16146,16146,16308,16016
2019-11-22,신한지주,44200,43900,44200,43500
2019-11-22,하이닉스,81700,80900,82100,80700
2019-11-22,한화에어로,40135,39218,40186,39218
2019-11-25,대한항공,16535,16405,16632,16146
2019-11-25,신한지주,44350,44200,44650,44000
2019-11-25,하이닉스,81700,82300,83300,81500
2019-11-25,한화에어로,39881,39982,40033,38964
2019-11-26,대한항공,16567,16535,16697,16340
2019-11-26,신한지주,44950,44800,44950,44250
2019-11-26,하이닉스,82300,82000,84100,82000
2019-11-26,한화에어로,40390,39881,40492,39830
2019-11-27,대한항공,16437,16697,16697,16437
2019-11-27,신한지주,44650,45300,45450,44600
2019-11-27,하이닉스,82700,82400,83200,82000
2019-11-27,한화에어로,40543,40696,41103,40135
2019-11-28,대한항공,16470,16308,16567,16210
2019-11-28,신한지주,44500,44350,44650,44200
2019-11-28,하이닉스,82800,83100,83800,82500
2019-11-28,한화에어로,39269,40135,40288,39218
2019-11-29,대한항공,16048,16535,16567,15984
2019-11-29,신한지주,43550,44750,44800,43400
2019-11-29,하이닉스,80900,82500,82800,80700
2019-11-29,한화에어로,39168,39575,39881,38811
2019-12-02,대한항공,16048,16178,16210,15659
2019-12-02,신한지주,43600,43550,43900,43300
2019-12-02,하이닉스,80500,80900,81800,80500
2019-12-02,한화에어로,38760,39015,39473,38556
2019-12-03,대한항공,15854,15854,15919,15627
2019-12-03,신한지주,43450,43100,43600,42900
2019-12-03,하이닉스,78700,78100,79300,77300
2019-12-03,한화에어로,38658,38149,39066,37792
2019-12-04,대한항공,15724,15627,15821,15432
2019-12-04,신한지주,43350,43100,43600,43100
2019-12-04,하이닉스,77700,78000,78100,76800
2019-12-04,한화에어로,38709,38404,39575,38302
2019-12-05,대한항공,15919,15724,16113,15724
2019-12-05,신한지주,43400,43150,43900,43100
2019-12-05,하이닉스,78800,79800,79900,78000
2019-12-05,한화에어로,39117,38760,39218,38404
2019-12-06,대한항공,16794,16016,16891,15951
2019-12-06,신한지주,43750,43700,43750,43400
2019-12-06,하이닉스,80600,79300,80800,79100
2019-12-06,한화에어로,38607,38964,39320,38404
2019-12-09,대한항공,16956,16826,17053,16697
2019-12-09,신한지주,44100,43950,44300,43650
2019-12-09,하이닉스,80700,81300,81800,80700
2019-12-09,한화에어로,37792,38811,38811,37741
2019-12-10,대한항공,17280,16891,17442,16826
2019-12-10,신한지주,44050,43650,44250,43650
2019-12-10,하이닉스,80700,79800,80900,79400
2019-12-10,한화에어로,37945,37690,38353,37538
2019-12-11,대한항공,17280,17183,17442,17118
2019-12-11,신한지주,43650,43600,44100,43500
2019-12-11,하이닉스,80600,80700,81000,80100
2019-12-11,한화에어로,37792,38098,38098,37538
2019-12-12,대한항공,17442,17442,17572,17378
2019-12-12,신한지주,44200,43600,44500,43600
2019-12-12,하이닉스,83400,82000,83500,82000
2019-12-12,한화에어로,37843,37945,38251,37741
2019-12-13,대한항공,17734,17507,17799,17410
2019-12-13,신한지주,45650,44600,45650,44550
2019-12-13,하이닉스,87900,87200,88200,85800
2019-12-13,한화에어로,37690,38047,38454,37487
2019-12-16,대한항공,17832,17637,17994,17507
2019-12-16,신한지주,44400,45600,46150,44150
2019-12-16,하이닉스,88600,87200,89400,87000
2019-12-16,한화에어로,36774,37894,37894,36366
2019-12-17,대한항공,18058,17734,18188,17734
2019-12-17,신한지주,44350,44400,44400,43700
2019-12-17,하이닉스,92800,91000,93800,90200
2019-12-17,한화에어로,36825,36876,37283,36366
2019-12-18,대한항공,17994,18091,18221,17896
2019-12-18,신한지주,45300,44650,45300,44600
2019-12-18,하이닉스,93000,93400,94500,91800
2019-12-18,한화에어로,35959,36825,36926,35755
2019-12-19,대한항공,17994,18188,18188,17799
2019-12-19,신한지주,45450,45350,45450,44900
2019-12-19,하이닉스,93600,95400,96400,93400
2019-12-19,한화에어로,35704,35959,36061,35551
2019-12-20,대한항공,18026,17994,18221,17669
2019-12-20,신한지주,45350,45750,45800,45050
2019-12-20,하이닉스,95000,94100,95100,93700
2019-12-20,한화에어로,36010,35704,36061,35500
2019-12-23,대한항공,18869,18026,19258,17637
2019-12-23,신한지주,45800,45350,45800,45100
2019-12-23,하이닉스,94600,95800,96200,94100
2019-12-23,한화에어로,35653,36112,36112,35500
2019-12-24,대한항공,18156,18901,19323,17994
2019-12-24,신한지주,45550,45800,46000,45450
2019-12-24,하이닉스,93800,95000,95600,93800
2019-12-24,한화에어로,35398,35500,35806,34991
2019-12-26,대한항공,18091,17896,18285,17896
2019-12-26,신한지주,45750,45850,45950,45400
2019-12-26,하이닉스,94800,94000,95100,93500
2019-12-26,한화에어로,35042,35398,35653,34889
2019-12-27,대한항공,18350,17864,18448,17669
2019-12-27,신한지주,44100,44200,44300,43850
2019-12-27,하이닉스,96000,94800,97000,94200
2019-12-27,한화에어로,35551,34940,35806,34787
2019-12-30,대한항공,18480,18642,18707,18350
2019-12-30,신한지주,43350,43800,43950,43150
2019-12-30,하이닉스,94100,95600,96300,94100
2019-12-30,한화에어로,35704,35500,36112,35042
2020-01-02,대한항공,18058,18480,18512,17994
2020-01-02,신한지주,42600,43100,43450,42400
2020-01-02,하이닉스,94700,96000,96200,94100
2020-01-02,한화에어로,35348,35959,35959,35297
2020-01-03,대한항공,17702,18156,18253,17669
2020-01-03,신한지주,42750,42750,43200,42650
2020-01-03,하이닉스,94500,96500,97900,94300
2020-01-03,한화에어로,35500,35348,35704,35093
2020-01-06,대한항공,17183,17410,17572,16859
2020-01-06,신한지주,42100,42400,42700,41900
2020-01-06,하이닉스,94300,93000,95300,92800
2020-01-06,한화에어로,35806,35653,36672,35500
2020-01-07,대한항공,17410,17183,17605,17118
2020-01-07,신한지주,42750,42500,42750,42100
2020-01-07,하이닉스,94000,94500,95400,94000
2020-01-07,한화에어로,35297,35857,35908,35093
2020-01-08,대한항공,17053,17151,17313,16826
2020-01-08,신한지주,42000,42100,42100,41750
2020-01-08,하이닉스,97400,96400,99500,95200
2020-01-08,한화에어로,34736,35551,37130,34176
2020-01-09,대한항공,17799,17280,17799,17280
2020-01-09,신한지주,42200,41850,42400,41800
2020-01-09,하이닉스,99000,98900,99000,97400
2020-01-09,한화에어로,34940,34227,34991,34227
2020-01-10,대한항공,17702,17734,17896,17540
2020-01-10,신한지주,41350,42100,42250,41200
2020-01-10,하이닉스,98900,99100,99700,97900
2020-01-10,한화에어로,34838,34685,35042,34431
2020-01-13,대한항공,17702,17961,18091,17507
2020-01-13,신한지주,41750,41200,41800,40950
2020-01-13,하이닉스,100500,99000,101000,98000
2020-01-13,한화에어로,34991,34584,35551,34584
2020-01-14,대한항공,17605,17572,17896,17442
2020-01-14,신한지주,41850,41450,42100,41450
2020-01-14,하이닉스,100500,101500,103500,99900
2020-01-14,한화에어로,36162,34991,36264,34991
2020-01-15,대한항공,17572,17540,17702,17378
2020-01-15,신한지주,41500,41700,42050,41350
2020-01-15,하이닉스,98200,99900,99900,98000
2020-01-15,한화에어로,36010,36162,36213,35602
2020-01-16,대한항공,17832,17572,17929,17410
2020-01-16,신한지주,41300,41450,41450,40950
2020-01-16,하이닉스,99200,97400,99400,97400
2020-01-16,한화에어로,35755,36264,36366,35653
2020-01-17,대한항공,17767,17832,17994,17669
2020-01-17,신한지주,41050,41000,41400,40800
2020-01-17,하이닉스,99000,100500,101500,98800
2020-01-17,한화에어로,35449,35908,36315,35449
2020-01-20,대한항공,17410,17734,17994,17378
2020-01-20,신한지주,41300,41150,41900,41000
2020-01-20,하이닉스,99900,100000,101000,99600
2020-01-20,한화에어로,35602,35449,36417,35449
2020-01-21,대한항공,16956,17410,17540,16762
2020-01-21,신한지주,41400,41250,41850,41200
2020-01-21,하이닉스,99300,100500,100500,99000
2020-01-21,한화에어로,36264,35908,36672,35704
2020-01-22,대한항공,17183,17021,17216,16826
2020-01-22,신한지주,41000,41400,41550,40900
2020-01-22,하이닉스,101000,99000,101000,99000
2020-01-22,한화에어로,35959,36621,36876,35653
2020-01-23,대한항공,16470,16989,17053,16210
2020-01-23,신한지주,41200,40700,41250,40650
2020-01-23,하이닉스,98700,101000,101000,98200
2020-01-23,한화에어로,35806,35755,36315,35551
2020-01-28,대한항공,15368,15141,15757,14784
2020-01-28,신한지주,40150,40350,40700,39700
2020-01-28,하이닉스,96300,95500,96900,95000
2020-01-28,한화에어로,33616,34787,35551,33514
2020-01-29,대한항공,15465,15465,15757,15303
2020-01-29,신한지주,39800,39900,40100,39600
2020-01-29,하이닉스,97900,96900,99000,96700
2020-01-29,한화에어로,34329,33718,34584,33718
2020-01-30,대한항공,15432,15465,15594,15303
2020-01-30,신한지주,39900,40050,40100,39600
2020-01-30,하이닉스,94000,97800,97800,93800
2020-01-30,한화에어로,33769,34380,34838,33412
2020-01-31,대한항공,15335,15432,15789,15335
2020-01-31,신한지주,39150,40300,40300,39150
2020-01-31,하이닉스,93500,94500,97500,93500
2020-01-31,한화에어로,33106,33718,34176,32954
2020-02-03,대한항공,15659,15659,16016,15011
2020-02-03,신한지주,39300,39550,39750,39100
2020-02-03,하이닉스,94700,91800,95600,91500
2020-02-03,한화에어로,33005,32495,33769,32292
2020-02-04,대한항공,16697,15724,17280,15432
2020-02-04,신한지주,38900,39650,39750,38750
2020-02-04,하이닉스,97100,94800,97500,94500
2020-02-04,한화에어로,33310,32750,33870,32750
2020-02-05,대한항공,16859,17053,17053,16373
2020-02-05,신한지주,39250,38900,39350,38700
2020-02-05,하이닉스,97700,99300,99300,96900
2020-02-05,한화에어로,33667,33361,34278,33310
2020-02-06,대한항공,17507,16859,17799,16859
2020-02-06,신한지주,39800,39550,39850,38900
2020-02-06,하이닉스,100500,98900,101000,98300
2020-02-06,한화에어로,34889,33972,35093,33972
2020-02-07,대한항공,17442,17605,18026,17248
2020-02-07,신한지주,39150,39350,39700,38800
2020-02-07,하이닉스,99300,100000,100500,98400
2020-02-07,한화에어로,34533,34584,35093,34227
2020-02-10,대한항공,17053,17507,17507,16859
2020-02-10,신한지주,38150,38700,38750,37900
2020-02-10,하이닉스,98800,98000,99200,97400
2020-02-10,한화에어로,34584,34482,34685,34074
2020-02-11,대한항공,16924,17053,17248,16535
2020-02-11,신한지주,38500,38100,38700,38000
2020-02-11,하이닉스,99800,99900,100500,99000
2020-02-11,한화에어로,34329,34736,35195,34227
2020-02-12,대한항공,16924,16826,17216,16697
2020-02-12,신한지주,38450,38300,38600,38050
2020-02-12,하이닉스,100000,100500,101000,99100
2020-02-12,한화에어로,34482,33972,34634,33972
2020-02-13,대한항공,16891,16924,17216,16794
2020-02-13,신한지주,37900,38200,38400,37900
2020-02-13,하이닉스,102000,101000,103500,100500
2020-02-13,한화에어로,34176,34482,34634,33921
2020-02-14,대한항공,16632,16891,16956,16600
2020-02-14,신한지주,37750,37600,38250,37600
2020-02-14,하이닉스,104500,101500,105000,101000
2020-02-14,한화에어로,33921,33921,34380,33514
2020-02-17,대한항공,16405,16567,16632,16275
2020-02-17,신한지주,36900,37700,37900,36700
2020-02-17,하이닉스,105000,104500,106000,103500
2020-02-17,한화에어로,33718,33769,34023,33259
2020-02-18,대한항공,15854,16373,16373,15821
2020-02-18,신한지주,36450,36900,37000,36350
2020-02-18,하이닉스,102000,104000,104500,101500
2020-02-18,한화에어로,33208,33565,33769,33106
2020-02-19,대한항공,15692,16113,16113,15562
2020-02-19,신한지주,36550,36500,36650,36000
2020-02-19,하이닉스,103500,102500,103500,101000
2020-02-19,한화에어로,33361,33616,33870,32801
2020-02-20,대한항공,15335,15854,16016,15335
2020-02-20,신한지주,36200,36500,36650,36000
2020-02-20,하이닉스,104000,104500,106000,102500
2020-02-20,한화에어로,32750,33106,33565,32750
2020-02-21,대한항공,15270,15238,15497,15076
2020-02-21,신한지주,35650,35850,35900,35350
2020-02-21,하이닉스,103000,101500,103500,101000
2020-02-21,한화에어로,32903,32444,33310,31884
2020-02-24,대한항공,14330,14784,14816,14298
2020-02-24,신한지주,34000,34750,35000,33900
2020-02-24,하이닉스,99500,100500,100500,98900
2020-02-24,한화에어로,29745,32292,32393,29388
2020-02-25,대한항공,14557,14265,14687,14071
2020-02-25,신한지주,34200,33350,34450,33350
2020-02-25,하이닉스,98000,97800,99100,96400
2020-02-25,한화에어로,30560,29236,30764,29185
2020-02-26,대한항공,14881,14200,15789,14071
2020-02-26,신한지주,34150,33400,34750,33350
2020-02-26,하이닉스,94600,95500,96100,94400
2020-02-26,한화에어로,29745,30000,30356,29592
2020-02-27,대한항공,14881,14719,15368,14492
2020-02-27,신한지주,33500,33950,34050,33500
2020-02-27,하이닉스,92800,94700,95300,92200
2020-02-27,한화에어로,29643,29796,30509,29592
2020-02-28,대한항공,14460,14752,14752,14265
2020-02-28,신한지주,32300,32500,32750,32200
2020-02-28,하이닉스,87900,91000,92200,87700
2020-02-28,한화에어로,28013,29032,29592,27759
2020-03-02,대한항공,14460,14265,14654,13941
2020-03-02,신한지주,32200,32350,32700,31900
2020-03-02,하이닉스,92100,90000,93100,88300
2020-03-02,한화에어로,28268,27708,28573,27708
2020-03-03,대한항공,14525,14654,15011,14460
2020-03-03,신한지주,32050,32300,32750,32050
2020-03-03,하이닉스,92800,95000,95100,92400
2020-03-03,한화에어로,28268,28624,29083,28064
2020-03-04,대한항공,15562,14460,15789,14330
2020-03-04,신한지주,33150,32100,33350,32050
2020-03-04,하이닉스,94300,91300,95000,91300
2020-03-04,한화에어로,28930,28013,29287,27962
2020-03-05,대한항공,16275,15789,16567,15659
2020-03-05,신한지주,32750,33150,33200,32400
2020-03-05,하이닉스,94900,95200,95900,93800
2020-03-05,한화에어로,29490,29083,29898,28981
2020-03-06,대한항공,15432,15886,15919,15238
2020-03-06,신한지주,31900,32200,32450,31750
2020-03-06,하이닉스,92600,93300,94300,92000
2020-03-06,한화에어로,28726,29185,29439,28472
2020-03-09,대한항공,15173,15368,15789,14589
2020-03-09,신한지주,30050,31400,31400,30000
2020-03-09,하이닉스,86900,89500,89700,86400
2020-03-09,한화에어로,27249,28064,28217,26995
2020-03-10,대한항공,15270,14849,15432,14816
2020-03-10,신한지주,30150,29450,30450,29400
2020-03-10,하이닉스,89100,86900,89400,86600
2020-03-10,한화에어로,26842,26740,27708,26587
2020-03-11,대한항공,14752,15335,15530,14654
2020-03-11,신한지주,30350,30050,31500,30050
2020-03-11,하이닉스,85500,88200,88500,85100
2020-03-11,한화에어로,25976,26842,27096,25874
2020-03-12,대한항공,14071,14687,14687,13941
2020-03-12,신한지주,29100,30400,30400,28700
2020-03-12,하이닉스,82800,83800,84600,79600
2020-03-12,한화에어로,24295,25670,25874,23989
2020-03-13,대한항공,13357,12514,13714,12482
2020-03-13,신한지주,27500,27950,28100,26250
2020-03-13,하이닉스,82500,76900,84700,76000
2020-03-13,한화에어로,22461,21545,23022,20832
2020-03-16,대한항공,13033,13714,14071,12904
2020-03-16,신한지주,26800,28200,28350,26800
2020-03-16,하이닉스,80600,83700,84800,80400
2020-03-16,한화에어로,21392,22665,23327,21392
2020-03-17,대한항공,12839,12125,13617,12125
2020-03-17,신한지주,25200,25000,25900,24900
2020-03-17,하이닉스,80400,77500,83100,77000
2020-03-17,한화에어로,20577,19711,21545,19711
2020-03-18,대한항공,11736,12839,13001,11607
2020-03-18,신한지주,24400,24900,25850,24400
2020-03-18,하이닉스,73100,81600,82500,73000
2020-03-18,한화에어로,18794,20526,20883,18794
2020-03-19,대한항공,8818,11574,11736,8332
2020-03-19,신한지주,22450,24300,24700,22300
2020-03-19,하이닉스,69000,75500,75800,65800
2020-03-19,한화에어로,15993,18845,19304,15738
2020-03-20,대한항공,9888,8818,10602,8300
2020-03-20,신한지주,24200,22900,24400,21850
2020-03-20,하이닉스,74800,71800,76200,70100
2020-03-20,한화에어로,17063,15993,17063,15331
2020-03-23,대한항공,9272,9013,10148,8786
2020-03-23,신한지주,22200,22400,23200,22000
2020-03-23,하이닉스,69400,69700,71600,68000
2020-03-23,한화에어로,15280,15382,15891,15127
2020-03-24,대한항공,9726,9499,9856,9402
2020-03-24,신한지주,23950,22600,24600,22250
2020-03-24,하이닉스,78700,73000,78800,72100
2020-03-24,한화에어로,16961,15586,16961,15382
2020-03-25,대한항공,11250,10699,11736,10699
2020-03-25,신한지주,27350,26300,27500,25200
2020-03-25,하이닉스,84500,82000,84700,79800
2020-03-25,한화에어로,18540,18183,19456,17878
2020-03-26,대한항공,11898,11996,13098,11347
2020-03-26,신한지주,27350,27350,29100,27050
2020-03-26,하이닉스,80700,85000,87900,80400
2020-03-26,한화에어로,19609,19100,20271,18336
2020-03-27,대한항공,12288,12839,13033,11736
2020-03-27,신한지주,28400,29300,29500,27400
2020-03-27,하이닉스,83300,85700,85700,80500
2020-03-27,한화에어로,20169,20883,21188,19151
2020-03-30,대한항공,12125,11672,12255,11380
2020-03-30,신한지주,27500,27100,27900,26400
2020-03-30,하이닉스,83700,81000,84900,80000
2020-03-30,한화에어로,20526,19151,20526,18998
2020-03-31,대한항공,12125,12417,12514,12028
2020-03-31,신한지주,28600,28150,29350,27550
2020-03-31,하이닉스,83300,84000,85500,82000
2020-03-31,한화에어로,20933,20883,21443,20577
2020-04-01,대한항공,12223,11931,14362,11672
2020-04-01,신한지주,26750,28500,28750,26750
2020-04-01,하이닉스,78400,82100,83200,78400
2020-04-01,한화에어로,20322,20526,21188,20068
2020-04-02,대한항공,12320,12125,12741,11607
2020-04-02,신한지주,26750,27250,27300,25850
2020-04-02,하이닉스,80000,78800,80000,76500
2020-04-02,한화에어로,20322,19966,20424,19609
2020-04-03,대한항공,12093,12320,12514,11996
2020-04-03,신한지주,26550,26250,27150,26250
2020-04-03,하이닉스,79600,80000,80800,78500
2020-04-03,한화에어로,19864,20271,20271,19609
2020-04-06,대한항공,12125,12093,12158,11607
2020-04-06,신한지주,27350,26750,27500,26550
2020-04-06,하이닉스,83100,81000,83300,80200
2020-04-06,한화에어로,20526,19966,20577,19762
2020-04-07,대한항공,12417,12612,12709,12223
2020-04-07,신한지주,28500,28350,28500,27700
2020-04-07,하이닉스,85800,86600,86700,83700
2020-04-07,한화에어로,22716,21545,23939,21188
2020-04-08,대한항공,12385,12417,12579,12125
2020-04-08,신한지주,27850,28500,28650,27800
2020-04-08,하이닉스,84500,85800,86500,84500
2020-04-08,한화에어로,23378,22665,24193,22003
2020-04-09,대한항공,12936,12644,13163,12514
2020-04-09,신한지주,28100,28400,28500,27900
2020-04-09,하이닉스,85000,86200,86500,84500
2020-04-09,한화에어로,23786,23939,24499,23429
2020-04-10,대한항공,13195,13130,13422,12968
2020-04-10,신한지주,29050,28500,29500,28350
2020-04-10,하이닉스,84100,84000,84400,83000
2020-04-10,한화에어로,23684,23837,24142,23327
2020-04-13,대한항공,12677,13195,13195,12644
2020-04-13,신한지주,28500,29100,29350,28400
2020-04-13,하이닉스,81400,83200,83400,81100
2020-04-13,한화에어로,22360,23684,23837,22360
2020-04-14,대한항공,12709,12612,12774,12450
2020-04-14,신한지주,29050,28850,29050,28400
2020-04-14,하이닉스,82300,82200,83700,81200
2020-04-14,한화에어로,23378,22563,23378,22512
2020-04-16,대한항공,12709,12709,13066,12352
2020-04-16,신한지주,28050,28050,28450,27900
2020-04-16,하이닉스,81300,80600,82300,80600
2020-04-16,한화에어로,22971,22665,23022,22258
2020-04-17,대한항공,13552,12904,14687,12871
2020-04-17,신한지주,28500,28300,29050,28300
2020-04-17,하이닉스,84100,83600,85900,83200
2020-04-17,한화에어로,23582,23378,23888,23175
2020-04-20,대한항공,12677,13876,14168,12320
2020-04-20,신한지주,28200,28850,28950,28150
2020-04-20,하이닉스,82000,83900,83900,82000
2020-04-20,한화에어로,23837,23786,24550,23480
2020-04-21,대한항공,12417,11801,12774,11509
2020-04-21,신한지주,27700,28000,28150,27200
2020-04-21,하이닉스,81300,80600,82200,80200
2020-04-21,한화에어로,25110,23837,30051,22920
2020-04-22,대한항공,12482,12547,12871,12450
2020-04-22,신한지주,27600,27350,27600,26850
2020-04-22,하이닉스,83900,80600,83900,80000
2020-04-22,한화에어로,24601,24652,25212,23837
2020-04-23,대한항공,12806,12904,13066,12644
2020-04-23,신한지주,27500,27400,27750,27200
2020-04-23,하이닉스,82600,85200,85200,82000
2020-04-23,한화에어로,24703,24601,24957,24448
2020-04-24,대한항공,12839,13033,13130,12677
2020-04-24,신한지주,27150,27200,27450,26900
2020-04-24,하이닉스,81400,82000,82500,80800
2020-04-24,한화에어로,26180,25110,27606,25059
2020-04-27,대한항공,12904,13455,13552,12839
2020-04-27,신한지주,30000,27700,30250,27600
2020-04-27,하이닉스,82600,81700,83200,81200
2020-04-27,한화에어로,26536,25874,26995,25670
2020-04-28,대한항공,12774,12936,12968,12677
2020-04-28,신한지주,30100,30750,31450,29600
2020-04-28,하이닉스,83400,82500,83900,82400
2020-04-28,한화에어로,27911,26638,28981,26129
2020-04-29,대한항공,12839,12904,12936,12806
2020-04-29,신한지주,30550,30200,30900,30000
2020-04-29,하이닉스,83700,83500,84800,82900
2020-04-29,한화에어로,27402,27759,28421,27045
2020-05-04,대한항공,12385,12190,12612,12125
2020-05-04,신한지주,29800,29900,30350,29500
2020-05-04,하이닉스,81000,82900,82900,80800
2020-05-04,한화에어로,24804,25517,26027,24804
2020-05-06,대한항공,12158,12320,12514,11996
2020-05-06,신한지주,29900,29850,30150,29250
2020-05-06,하이닉스,82400,82000,82500,80900
2020-05-06,한화에어로,25059,24957,25314,24906
2020-05-07,대한항공,12417,12158,13033,12125
2020-05-07,신한지주,30050,29500,30550,29400
2020-05-07,하이닉스,82400,82400,83400,81800
2020-05-07,한화에어로,25619,24855,25721,24804
2020-05-08,대한항공,12450,12579,12612,12417
2020-05-08,신한지주,30050,30600,30800,30050
2020-05-08,하이닉스,85000,83000,85500,83000
2020-05-08,한화에어로,25467,25721,25874,25365
2020-05-11,대한항공,12223,12450,12450,12158
2020-05-11,신한지주,29550,30150,30400,29550
2020-05-11,하이닉스,84500,84500,85200,84100
2020-05-11,한화에어로,24906,25467,25670,24906
2020-05-12,대한항공,11866,11996,12125,11834
2020-05-12,신한지주,28900,29250,29500,28800
2020-05-12,하이닉스,85700,84500,86500,83200
2020-05-12,한화에어로,24091,25161,25212,23837
2020-05-13,대한항공,11801,11801,12028,11509
2020-05-13,신한지주,29450,28150,29450,28150
2020-05-13,하이닉스,83600,83500,84100,83000
2020-05-13,한화에어로,24753,24091,24957,24091
2020-05-14,대한항공,12255,11347,12255,11153
2020-05-14,신한지주,28900,29150,29200,28600
2020-05-14,하이닉스,80600,82200,82500,80600
2020-05-14,한화에어로,23684,24652,24652,23531
2020-05-15,대한항공,11801,12125,12125,11704
2020-05-15,신한지주,29350,29400,29650,28950
2020-05-15,하이닉스,81900,81500,82300,80700
2020-05-15,한화에어로,23888,23735,24040,23429
2020-05-18,대한항공,11704,11736,11801,11445
2020-05-18,신한지주,28950,29100,29400,28650
2020-05-18,하이닉스,81100,80400,81800,79200
2020-05-18,한화에어로,23531,24142,24142,23327
2020-05-19,대한항공,12644,13098,13098,12352
2020-05-19,신한지주,30450,30100,30700,30100
2020-05-19,하이닉스,82700,82400,83200,81700
2020-05-19,한화에어로,24193,23989,24397,23837
2020-05-20,대한항공,12709,12320,12871,12223
2020-05-20,신한지주,29850,30000,30300,29850
2020-05-20,하이닉스,84100,81900,84200,81800
2020-05-20,한화에어로,24244,24091,24346,23888
2020-05-21,대한항공,13033,12936,13195,12774
2020-05-21,신한지주,29450,30200,30250,29400
2020-05-21,하이닉스,83400,84900,84900,83200
2020-05-21,한화에어로,24346,24346,24804,24091
2020-05-22,대한항공,12709,13033,13066,12579
2020-05-22,신한지주,29050,29500,29650,28800
2020-05-22,하이닉스,81300,83100,83300,81000
2020-05-22,한화에어로,23633,24448,24448,23378
2020-05-25,대한항공,12547,12806,12806,12385
2020-05-25,신한지주,29200,29200,29200,28750
2020-05-25,하이닉스,81400,81500,81800,80500
2020-05-25,한화에어로,23480,23939,23939,23276
2020-05-26,대한항공,13130,12709,13163,12677
2020-05-26,신한지주,29700,28950,30050,28900
2020-05-26,하이닉스,81900,80600,82100,80600
2020-05-26,한화에어로,23939,23429,24142,23429
2020-05-27,대한항공,13584,13844,13876,13325
2020-05-27,신한지주,29750,30100,30450,29700
2020-05-27,하이닉스,81400,81100,82700,81000
2020-05-27,한화에어로,24957,23939,25059,23939
2020-05-28,대한항공,13876,13941,14265,13584
2020-05-28,신한지주,30250,30550,31250,30100
2020-05-28,하이닉스,83900,84100,85400,82400
2020-05-28,한화에어로,24448,25212,25721,24193
2020-05-29,대한항공,13422,13811,13811,13357
2020-05-29,신한지주,30150,30050,30750,29750
2020-05-29,하이닉스,81500,82600,82700,81300
2020-05-29,한화에어로,24753,24753,24906,24244
2020-06-01,대한항공,13520,13422,13649,13260
2020-06-01,신한지주,30700,30300,30900,30300
2020-06-01,하이닉스,83600,82100,83700,82100
2020-06-01,한화에어로,24957,25263,25314,24652
2020-06-02,대한항공,13682,13617,13876,13520
2020-06-02,신한지주,32000,30750,32200,30550
2020-06-02,하이닉스,83300,82700,83600,82700
2020-06-02,한화에어로,24957,24703,25059,24550
2020-06-03,대한항공,14492,13746,14557,13746
2020-06-03,신한지주,35750,33000,36100,32800
2020-06-03,하이닉스,88700,83400,89200,83400
2020-06-03,한화에어로,25619,25110,26078,24957
2020-06-04,대한항공,14849,15108,15627,14265
2020-06-04,신한지주,34650,36650,37850,34450
2020-06-04,하이닉스,87700,90000,91600,87100
2020-06-04,한화에어로,25772,26740,26740,25416
2020-06-05,대한항공,15973,15934,17524,15934
2020-06-05,신한지주,35000,34450,35300,34000
2020-06-05,하이닉스,90400,88500,90800,87700
2020-06-05,한화에어로,25925,25670,25925,25212
2020-06-08,대한항공,16051,16710,16748,16012
2020-06-08,신한지주,34750,36000,36100,34650
2020-06-08,하이닉스,91000,93000,93000,90600
2020-06-08,한화에어로,25772,26231,26281,25670
2020-06-09,대한항공,16361,16438,16516,16089
2020-06-09,신한지주,34550,34500,35250,33900
2020-06-09,하이닉스,89800,91000,92000,89100
2020-06-09,한화에어로,25976,26332,27147,25670
2020-06-10,대한항공,16051,16206,16206,15702
2020-06-10,신한지주,33200,34400,34450,33200
2020-06-10,하이닉스,90800,89800,91100,89400
2020-06-10,한화에어로,25517,26078,26129,25263
2020-06-11,대한항공,15857,16051,16051,15547
2020-06-11,신한지주,32500,32600,32850,32000
2020-06-11,하이닉스,88500,89300,90300,87500
2020-06-11,한화에어로,25619,25568,25619,24957
2020-06-12,대한항공,15353,14849,15469,14810
2020-06-12,신한지주,31150,30600,31400,30600
2020-06-12,하이닉스,85200,84500,85800,84500
2020-06-12,한화에어로,24957,24550,25161,24346
2020-06-15,대한항공,14732,15469,15469,14616
2020-06-15,신한지주,29500,30350,31600,29500
2020-06-15,하이닉스,82000,84100,86500,82000
2020-06-15,한화에어로,26638,25517,28726,25467
2020-06-16,대한항공,15314,14888,15353,14888
2020-06-16,신한지주,32000,30050,32150,30050
2020-06-16,하이닉스,85400,83400,85700,83300
2020-06-16,한화에어로,26740,26180,27096,25517
2020-06-17,대한항공,14926,15120,15275,14849
2020-06-17,신한지주,31000,31200,31350,30400
2020-06-17,하이닉스,86800,84800,87400,83500
2020-06-17,한화에어로,30407,29236,31680,27249
2020-06-18,대한항공,14965,14926,15198,14732
2020-06-18,신한지주,30750,30250,31150,30200
2020-06-18,하이닉스,86200,86100,86800,85400
2020-06-18,한화에어로,29745,29643,31273,28930
2020-06-19,대한항공,15081,15081,15081,14732
2020-06-19,신한지주,30800,31300,31300,30300
2020-06-19,하이닉스,85400,86500,87000,84500
2020-06-19,한화에어로,27147,29796,30203,27045
2020-06-22,대한항공,14732,14926,14926,14732
2020-06-22,신한지주,30050,30300,30700,30050
2020-06-22,하이닉스,84900,84400,85900,84300
2020-06-22,한화에어로,26842,26638,27809,26078
2020-06-23,대한항공,14345,14810,14810,14345
2020-06-23,신한지주,29800,30350,30450,29350
2020-06-23,하이닉스,84100,85600,86200,83900
2020-06-23,한화에어로,26587,26842,27606,26434
2020-06-24,대한항공,13996,14151,14228,13724
2020-06-24,신한지주,30200,30000,30350,29850
2020-06-24,하이닉스,86000,84200,87400,84000
2020-06-24,한화에어로,25110,25568,25976,24957
2020-06-25,대한항공,13647,13686,13802,13608
2020-06-25,신한지주,29300,29700,29700,29300
2020-06-25,하이닉스,84300,84300,85600,84000
2020-06-25,한화에어로,24550,25110,25110,24550
2020-06-26,대한항공,13841,13724,13880,13686
2020-06-26,신한지주,29700,29900,29950,29500
2020-06-26,하이닉스,84600,86000,86100,84500
2020-06-26,한화에어로,25619,24753,25925,24703
2020-06-29,대한항공,13531,13376,13724,13376
2020-06-29,신한지주,29000,29050,29200,28750
2020-06-29,하이닉스,83600,84000,85300,83500
2020-06-29,한화에어로,25059,25925,25925,24855
2020-06-30,대한항공,13453,13880,13957,13376
2020-06-30,신한지주,28750,29250,29450,28750
2020-06-30,하이닉스,85100,86200,87300,85000
2020-06-30,한화에어로,25059,25925,25925,25059
2020-07-01,대한항공,13686,13724,13841,13569
2020-07-01,신한지주,29700,29100,30000,29050
2020-07-01,하이닉스,85300,86800,87300,84900
2020-07-01,한화에어로,25161,25161,25619,24957
2020-07-02,대한항공,13763,13724,13918,13724
2020-07-02,신한지주,29900,29600,30100,29500
2020-07-02,하이닉스,84400,84800,85200,84000
2020-07-02,한화에어로,25110,25161,25467,25008
2020-07-03,대한항공,13802,13957,13996,13686
2020-07-03,신한지주,30050,30100,30450,29700
2020-07-03,하이닉스,85400,85000,85600,84500
2020-07-03,한화에어로,24906,25110,25161,24652
2020-07-06,대한항공,13763,13763,13763,13492
2020-07-06,신한지주,30300,29900,30300,29400
2020-07-06,하이닉스,86000,86000,87000,85800
2020-07-06,한화에어로,25110,24957,25212,24804
2020-07-07,대한항공,13337,13880,13880,13337
2020-07-07,신한지주,30150,30600,30600,29950
2020-07-07,하이닉스,84800,87300,87300,84600
2020-07-07,한화에어로,24804,25263,25365,24804
2020-07-08,대한항공,13027,13104,13259,12949
2020-07-08,신한지주,30000,30200,30250,29900
2020-07-08,하이닉스,83700,83800,84900,83600
2020-07-08,한화에어로,24753,24753,24957,24448
2020-07-09,대한항공,13298,13027,13298,12949
2020-07-09,신한지주,29800,30000,30200,29750
2020-07-09,하이닉스,83000,84200,84600,83000
2020-07-09,한화에어로,24499,24957,24957,24499
2020-07-10,대한항공,12910,13376,13414,12833
2020-07-10,신한지주,29000,29550,29700,28900
2020-07-10,하이닉스,82800,83300,83500,82400
2020-07-10,한화에어로,23837,24550,24550,23786
2020-07-13,대한항공,13065,13182,13182,12949
2020-07-13,신한지주,29600,29450,29800,29000
2020-07-13,하이닉스,83000,83100,83500,82500
2020-07-13,한화에어로,24244,24040,24499,23939
2020-07-14,대한항공,13182,13143,13337,13065
2020-07-14,신한지주,29400,29450,29600,29050
2020-07-14,하이닉스,82900,82600,82900,82000
2020-07-14,한화에어로,24397,24040,24397,23939
2020-07-15,대한항공,13569,13608,13647,13298
2020-07-15,신한지주,29800,29700,30100,29500
2020-07-15,하이닉스,83000,83100,83900,82900
2020-07-15,한화에어로,24804,24499,24906,24448
2020-07-16,대한항공,14112,14112,14267,13802
2020-07-16,신한지주,30050,30050,30350,29850
2020-07-16,하이닉스,82700,83000,83100,82300
2020-07-16,한화에어로,24550,24652,25059,24448
2020-07-17,대한항공,14035,14073,14112,13763
2020-07-17,신한지주,29750,30050,30100,29600
2020-07-17,하이닉스,82900,82700,83500,82600
2020-07-17,한화에어로,24295,24295,24601,24295
2020-07-20,대한항공,13996,14035,14073,13647
2020-07-20,신한지주,30450,29750,30500,29500
2020-07-20,하이닉스,82200,82800,83000,82100
2020-07-20,한화에어로,24448,24652,24703,24346
2020-07-21,대한항공,15081,14151,15120,14112
2020-07-21,신한지주,30400,30350,30750,29900
2020-07-21,하이닉스,84100,83400,84700,83000
2020-07-21,한화에어로,24652,24397,24855,24397
2020-07-22,대한항공,14810,15043,15043,14539
2020-07-22,신한지주,30450,30800,31500,30400
2020-07-22,하이닉스,83200,84100,84200,82900
2020-07-22,한화에어로,25059,24499,25263,24499
2020-07-23,대한항공,14422,14810,14888,14267
2020-07-23,신한지주,30500,30750,30900,30100
2020-07-23,하이닉스,82400,84000,84000,82300
2020-07-23,한화에어로,24753,25059,25161,24550
2020-07-24,대한항공,14267,14461,14461,14035
2020-07-24,신한지주,30500,30200,30650,30050
2020-07-24,하이닉스,83700,82300,83700,82200
2020-07-24,한화에어로,24346,24448,24652,24346
2020-07-27,대한항공,13647,13065,13802,13065
2020-07-27,신한지주,30500,30200,30850,30200
2020-07-27,하이닉스,82800,83100,84000,82800
2020-07-27,한화에어로,25467,26332,27147,25212
2020-07-28,대한항공,13880,13686,15043,13414
2020-07-28,신한지주,30750,30550,30950,30450
2020-07-28,하이닉스,83100,83900,83900,82700
2020-07-28,한화에어로,26078,25467,26485,24957
2020-07-29,대한항공,13569,13531,13996,13298
2020-07-29,신한지주,31050,30550,31200,30400
2020-07-29,하이닉스,83200,82900,83800,82600
2020-07-29,한화에어로,26383,27759,29032,26383
2020-07-30,대한항공,13492,13569,13686,13414
2020-07-30,신한지주,30950,31300,31650,30800
2020-07-30,하이닉스,85300,83300,86400,83000
2020-07-30,한화에어로,25416,26383,26434,25314
2020-07-31,대한항공,13492,13492,13569,13259
2020-07-31,신한지주,30100,30800,31100,30050
2020-07-31,하이닉스,82800,85700,86000,82800
2020-07-31,한화에어로,24753,25365,25467,24753
2020-08-03,대한항공,13298,13453,13453,13182
2020-08-03,신한지주,29900,30100,30150,29800
2020-08-03,하이닉스,81800,82400,82600,81500
2020-08-03,한화에어로,24957,24652,25263,24601
2020-08-04,대한항공,13453,13259,13492,13220
2020-08-04,신한지주,30200,29800,30400,29800
2020-08-04,하이닉스,81600,81800,82500,81400
2020-08-04,한화에어로,25670,24957,25772,24957
2020-08-05,대한항공,13376,13492,13569,13259
2020-08-05,신한지주,30000,30200,30300,29900
2020-08-05,하이닉스,80700,81200,81300,80500
2020-08-05,한화에어로,26281,25721,26383,25365
2020-08-06,대한항공,14035,13492,14112,13453
2020-08-06,신한지주,30700,30000,31200,30000
2020-08-06,하이닉스,81100,80700,81900,80700
2020-08-06,한화에어로,25874,26281,26638,25874
2020-08-07,대한항공,14810,15896,16244,14616
2020-08-07,신한지주,30200,30800,30800,30050
2020-08-07,하이닉스,80600,81200,81300,80000
2020-08-07,한화에어로,26027,25823,26027,25416
2020-08-10,대한항공,14539,14732,14810,14228
2020-08-10,신한지주,30850,30400,30900,30200
2020-08-10,하이닉스,81400,80100,81900,79800
2020-08-10,한화에어로,27351,26027,27657,25619
2020-08-11,대한항공,14655,15004,15159,14616
2020-08-11,신한지주,32850,31300,32850,31200
2020-08-11,하이닉스,81300,81700,82000,81000
2020-08-11,한화에어로,27911,27759,28115,27096
2020-08-12,대한항공,15159,14926,15585,14771
2020-08-12,신한지주,33800,33350,34050,32300
2020-08-12,하이닉스,81000,81100,81300,80200
2020-08-12,한화에어로,27453,28268,28268,26740
2020-08-13,대한항공,15275,15392,15585,15275
2020-08-13,신한지주,33800,33600,33950,33100
2020-08-13,하이닉스,80700,81900,82000,80300
2020-08-13,한화에어로,27606,27708,27860,26893
2020-08-14,대한항공,15120,15392,15392,14732
2020-08-14,신한지주,32700,33700,33750,32600
2020-08-14,하이닉스,80200,80200,81100,80100
2020-08-14,한화에어로,27606,27606,28319,27351
2020-08-18,대한항공,14151,14616,14694,14035
2020-08-18,신한지주,31600,32600,32650,31000
2020-08-18,하이닉스,78100,80000,80200,78000
2020-08-18,한화에어로,26231,27708,27962,26180
2020-08-19,대한항공,14267,13957,14422,13957
2020-08-19,신한지주,31400,31800,32000,31300
2020-08-19,하이닉스,75000,77300,78000,75000
2020-08-19,한화에어로,26180,26434,26638,25823
2020-08-20,대한항공,13608,14112,14151,13608
2020-08-20,신한지주,30250,31050,31400,30200
2020-08-20,하이닉스,71800,74400,74400,71300
2020-08-20,한화에어로,25263,26332,26587,25110
2020-08-21,대한항공,13880,13608,13996,13608
2020-08-21,신한지주,30750,30350,31100,30350
2020-08-21,하이닉스,74500,72800,77000,72500
2020-08-21,한화에어로,26180,26129,26740,25619
2020-08-24,대한항공,13763,13686,13918,13414
2020-08-24,신한지주,30700,30750,30900,30100
2020-08-24,하이닉스,75500,74600,77200,73700
2020-08-24,한화에어로,26078,25976,26434,25365
2020-08-25,대한항공,14112,14267,14461,14035
2020-08-25,신한지주,31400,31150,31500,30800
2020-08-25,하이닉스,77000,76300,77700,75400
2020-08-25,한화에어로,26791,26231,26944,26180
2020-08-26,대한항공,13957,14228,14267,13802
2020-08-26,신한지주,30700,31200,31300,30500
2020-08-26,하이닉스,78800,78000,79100,77100
2020-08-26,한화에어로,26791,27096,27300,26536
2020-08-27,대한항공,13763,13880,13918,13647
2020-08-27,신한지주,30000,30600,30650,30000
2020-08-27,하이닉스,79100,80200,80200,78800
2020-08-27,한화에어로,25976,26842,26893,25976
2020-08-28,대한항공,13802,13918,14035,13724
2020-08-28,신한지주,30300,30400,30900,30200
2020-08-28,하이닉스,77800,79500,79600,77700
2020-08-28,한화에어로,26078,25772,26434,25772
2020-08-31,대한항공,13686,13841,14035,13686
2020-08-31,신한지주,29650,30350,30700,29550
2020-08-31,하이닉스,75100,78200,78800,75100
2020-08-31,한화에어로,26281,26129,26587,26078
2020-09-01,대한항공,13918,13802,14073,13763
2020-09-01,신한지주,30050,29600,30200,29550
2020-09-01,하이닉스,75200,75200,76500,75200
2020-09-01,한화에어로,27198,26078,27453,26078
2020-09-02,대한항공,14228,13957,14267,13880
2020-09-02,신한지주,30200,30000,30200,29850
2020-09-02,하이닉스,75500,75900,76400,74900
2020-09-02,한화에어로,27300,27504,27555,26995
2020-09-03,대한항공,14345,14500,14577,14267
2020-09-03,신한지주,30000,30400,30400,29950
2020-09-03,하이닉스,78700,77700,79700,77200
2020-09-03,한화에어로,29796,28166,30152,27606
2020-09-04,대한항공,14422,14035,14655,13996
2020-09-04,신한지주,29650,29600,29700,29400
2020-09-04,하이닉스,78700,76400,79400,76100
2020-09-04,한화에어로,29694,29032,31578,28879
2020-09-07,대한항공,14500,14461,14616,14267
2020-09-07,신한지주,29100,29550,29600,29000
2020-09-07,하이닉스,78400,78600,79500,77600
2020-09-07,한화에어로,29337,30051,30764,29185
2020-09-08,대한항공,14539,14500,14577,14345
2020-09-08,신한지주,29050,29100,29350,29000
2020-09-08,하이닉스,79400,78700,80000,78200
2020-09-08,한화에어로,29745,29949,30305,29592
2020-09-09,대한항공,14267,14461,14500,14267
2020-09-09,신한지주,28400,28500,28650,28300
2020-09-09,하이닉스,77300,77900,78400,77200
2020-09-09,한화에어로,28675,29541,30000,28675
2020-09-10,대한항공,14384,14306,14384,14228
2020-09-10,신한지주,28500,28550,28750,28450
2020-09-10,하이닉스,76600,78000,78200,76600
2020-09-10,한화에어로,28879,28828,29083,28268
2020-09-11,대한항공,14190,14228,14306,14035
2020-09-11,신한지주,28450,28100,28600,28100
2020-09-11,하이닉스,78400,76700,78500,76300
2020-09-11,한화에어로,28115,28726,28726,27860
2020-09-14,대한항공,14461,14345,14539,14228
2020-09-14,신한지주,28750,28500,29050,28400
2020-09-14,하이닉스,80000,79100,80100,78900
2020-09-14,한화에어로,28675,27911,28675,27759
2020-09-15,대한항공,14849,14616,14926,14500
2020-09-15,신한지주,28750,28750,28950,28600
2020-09-15,하이닉스,81900,81300,82100,80200
2020-09-15,한화에어로,28115,28726,28726,27860
2020-09-16,대한항공,14888,14926,15043,14732
2020-09-16,신한지주,28700,28550,28800,28500
2020-09-16,하이닉스,81500,81700,82400,80500
2020-09-16,한화에어로,27606,28930,29134,27504
2020-09-17,대한항공,14655,14888,15236,14655
2020-09-17,신한지주,28550,28700,28800,28450
2020-09-17,하이닉스,82200,81900,82900,81200
2020-09-17,한화에어로,27198,27555,27555,26740
2020-09-18,대한항공,14577,14655,14694,14461
2020-09-18,신한지주,28350,28350,28450,28150
2020-09-18,하이닉스,83700,82900,83900,82200
2020-09-18,한화에어로,27504,27198,27504,26944
2020-09-21,대한항공,14616,14577,14849,14577
2020-09-21,신한지주,28150,28100,28500,28100
2020-09-21,하이닉스,84500,83700,85000,83600
2020-09-21,한화에어로,26791,27198,27402,26740
2020-09-22,대한항공,14267,14422,14500,14267
2020-09-22,신한지주,27600,27800,27950,27500
2020-09-22,하이닉스,81300,84400,84800,80200
2020-09-22,한화에어로,25823,26485,26587,25721
2020-09-23,대한항공,14384,14422,14616,14267
2020-09-23,신한지주,27600,27600,27800,27300
2020-09-23,하이닉스,83600,82300,84800,80500
2020-09-23,한화에어로,26078,25976,26231,25314
2020-09-24,대한항공,13957,14267,14306,13957
2020-09-24,신한지주,27200,27350,27400,27100
2020-09-24,하이닉스,84300,82800,85400,82300
2020-09-24,한화에어로,26027,25467,26791,25416
2020-09-25,대한항공,14228,14035,14422,14035
2020-09-25,신한지주,27350,27300,27450,27200
2020-09-25,하이닉스,82900,85800,85900,82200
2020-09-25,한화에어로,25467,26434,26434,25212
2020-09-28,대한항공,14577,14384,14655,14345
2020-09-28,신한지주,27500,27500,27650,27350
2020-09-28,하이닉스,82500,83400,83700,81300
2020-09-28,한화에어로,25517,25670,25772,25416
2020-09-29,대한항공,14616,14849,14849,14577
2020-09-29,신한지주,27600,27700,27850,27550
2020-09-29,하이닉스,84000,83100,84900,82200
2020-09-29,한화에어로,25874,25772,25976,25517
2020-10-05,대한항공,14965,14694,15043,14616
2020-10-05,신한지주,28550,27350,28600,27300
2020-10-05,하이닉스,83200,83000,84100,82300
2020-10-05,한화에어로,26893,26129,26995,25925
2020-10-06,대한항공,15353,14965,15508,14965
2020-10-06,신한지주,28350,28550,28800,28200
2020-10-06,하이닉스,83000,84000,84200,82600
2020-10-06,한화에어로,26842,26791,27147,26587
2020-10-07,대한항공,15314,15159,15353,14965
2020-10-07,신한지주,28500,28250,28600,28000
2020-10-07,하이닉스,83400,82900,83700,82500
2020-10-07,한화에어로,27351,26995,27504,26536
2020-10-08,대한항공,15314,15585,15624,15236
2020-10-08,신한지주,28350,28650,28700,28350
2020-10-08,하이닉스,82900,84300,84500,82900
2020-10-08,한화에어로,26995,27504,27504,26995
2020-10-12,대한항공,16012,15430,16206,15430
2020-10-12,신한지주,28450,28200,28550,28100
2020-10-12,하이닉스,85500,83900,85500,83500
2020-10-12,한화에어로,27402,26995,27453,26740
2020-10-13,대한항공,15857,16167,16167,15430
2020-10-13,신한지주,28350,28550,28650,28150
2020-10-13,하이닉스,88200,85500,89000,84600
2020-10-13,한화에어로,27300,27504,27504,26995
2020-10-14,대한항공,15896,15663,16012,15585
2020-10-14,신한지주,27950,28200,28250,27900
2020-10-14,하이닉스,86500,88000,88900,86100
2020-10-14,한화에어로,26740,27402,27453,26740
2020-10-15,대한항공,16051,15896,16206,15857
2020-10-15,신한지주,28050,27850,28200,27800
2020-10-15,하이닉스,87100,86100,87300,85900
2020-10-15,한화에어로,26231,26689,26893,26129
2020-10-16,대한항공,15779,16051,16051,15702
2020-10-16,신한지주,27950,28100,28250,27950
2020-10-16,하이닉스,85300,87000,87900,84900
2020-10-16,한화에어로,26332,26383,26434,25976
2020-10-19,대한항공,15934,15779,16089,15469
2020-10-19,신한지주,29000,28100,29000,28050
2020-10-19,하이닉스,86700,86100,87900,85800
2020-10-19,한화에어로,26485,26587,27096,26434
2020-10-20,대한항공,15857,15702,15896,15547
2020-10-20,신한지주,29000,28950,29200,28600
2020-10-20,하이닉스,85200,85300,90900,83700
2020-10-20,한화에어로,26231,26434,26689,25976
2020-10-21,대한항공,16283,16051,16516,15857
2020-10-21,신한지주,29200,28700,29350,28700
2020-10-21,하이닉스,83800,85300,86200,82800
2020-10-21,한화에어로,26740,26231,26842,26231
2020-10-22,대한항공,16283,16322,16438,16051
2020-10-22,신한지주,30200,29100,30250,28850
2020-10-22,하이닉스,83300,84200,84300,82500
2020-10-22,한화에어로,26434,26740,26893,26383
2020-10-23,대한항공,16400,16555,16710,16322
2020-10-23,신한지주,31350,30500,31600,30350
2020-10-23,하이닉스,83900,82800,84700,82300
2020-10-23,한화에어로,27606,26689,27657,26587
2020-10-26,대한항공,16593,16438,16671,16128
2020-10-26,신한지주,30950,31550,31700,30850
2020-10-26,하이닉스,83200,84300,84700,83000
2020-10-26,한화에어로,27096,27606,28013,26893
2020-10-27,대한항공,16089,16361,16438,15934
2020-10-27,신한지주,30200,30500,30600,29800
2020-10-27,하이닉스,82600,82300,83400,81800
2020-10-27,한화에어로,26434,26689,26791,26281
2020-10-28,대한항공,16128,15973,16206,15702
2020-10-28,신한지주,31500,30000,31600,29900
2020-10-28,하이닉스,82900,82100,83600,82000
2020-10-28,한화에어로,26638,26180,26638,26078
2020-10-29,대한항공,15740,15702,15973,15508
2020-10-29,신한지주,31450,30850,31600,30750
2020-10-29,하이닉스,81700,81900,82400,81000
2020-10-29,한화에어로,26078,26078,26231,25772
2020-10-30,대한항공,15469,15857,15896,15430
2020-10-30,신한지주,30350,31400,32000,30350
2020-10-30,하이닉스,79900,81600,82100,79900
2020-10-30,한화에어로,25568,25976,26027,25467
2020-11-02,대한항공,15585,15469,15740,15392
2020-11-02,신한지주,31750,30600,31950,30500
2020-11-02,하이닉스,79600,80200,80600,79200
2020-11-02,한화에어로,25874,25568,25925,25467
2020-11-03,대한항공,16012,15624,16051,15624
2020-11-03,신한지주,32000,32200,32600,31700
2020-11-03,하이닉스,81400,79600,81400,79600
2020-11-03,한화에어로,26231,25823,26281,25823
2020-11-04,대한항공,15702,16206,16206,15585
2020-11-04,신한지주,31150,32600,32650,30800
2020-11-04,하이닉스,83200,82100,84400,81200
2020-11-04,한화에어로,26027,26383,26638,25823
2020-11-05,대한항공,15896,15740,15934,15702
2020-11-05,신한지주,31500,31350,31800,30800
2020-11-05,하이닉스,86100,84100,86200,83300
2020-11-05,한화에어로,26587,26231,26587,26027
2020-11-06,대한항공,16128,16244,16400,16012
2020-11-06,신한지주,31600,31650,31750,31400
2020-11-06,하이닉스,86300,86500,87700,86000
2020-11-06,한화에어로,26281,26536,26638,26231
2020-11-09,대한항공,16904,16283,17059,16206
2020-11-09,신한지주,31750,31900,31950,31350
2020-11-09,하이닉스,86000,86500,87300,85600
2020-11-09,한화에어로,26842,26587,26995,26485
2020-11-10,대한항공,18803,19424,20897,18609
2020-11-10,신한지주,32950,33000,33250,32350
2020-11-10,하이닉스,86500,86900,87200,85900
2020-11-10,한화에어로,28013,27453,28217,27045
2020-11-11,대한항공,19928,19307,20121,18997
2020-11-11,신한지주,33650,33050,34000,33000
2020-11-11,하이닉스,87000,86100,87200,85900
2020-11-11,한화에어로,29032,28166,29032,27606
2020-11-12,대한항공,19075,19540,19811,18726
2020-11-12,신한지주,32900,33700,33850,32800
2020-11-12,하이닉스,88100,87600,88400,87000
2020-11-12,한화에어로,27911,29134,29134,27809
2020-11-13,대한항공,18571,19385,20315,18571
2020-11-13,신한지주,32250,32450,32700,32100
2020-11-13,하이닉스,89700,88100,90000,87500
2020-11-13,한화에어로,27555,27911,28319,27351
2020-11-16,대한항공,20897,18765,23378,18765
2020-11-16,신한지주,33200,32650,33650,32450
2020-11-16,하이닉스,98000,92100,98100,91100
2020-11-16,한화에어로,28115,27911,28421,27657
2020-11-17,대한항공,19036,21207,22486,18803
2020-11-17,신한지주,33350,33550,33900,33050
2020-11-17,하이닉스,98100,97400,99600,96500
2020-11-17,한화에어로,27962,28268,28421,27555
2020-11-18,대한항공,18532,18609,19462,17912
2020-11-18,신한지주,33500,33250,33500,33100
2020-11-18,하이닉스,98000,99800,100500,96600
2020-11-18,한화에어로,27555,27962,28166,27402
2020-11-19,대한항공,17989,18299,18454,17601
2020-11-19,신한지주,33250,33300,33350,32750
2020-11-19,하이닉스,98200,96200,98300,96000
2020-11-19,한화에어로,27198,27504,27657,27045
2020-11-20,대한항공,18416,17834,18920,17679
2020-11-20,신한지주,33500,33150,33500,33000
2020-11-20,하이닉스,96800,99000,99000,96800
2020-11-20,한화에어로,27351,27096,27453,26995
2020-11-23,대한항공,18765,18299,18920,18028
2020-11-23,신한지주,33950,33500,34100,33300
2020-11-23,하이닉스,100000,97300,101000,96600
2020-11-23,한화에어로,27911,27351,28166,27198
2020-11-24,대한항공,19501,19152,19695,19075
2020-11-24,신한지주,33900,34250,34250,33700
2020-11-24,하이닉스,98600,101000,102000,98300
2020-11-24,한화에어로,27809,28013,28166,27453
2020-11-25,대한항공,19773,19966,20277,19075
2020-11-25,신한지주,34650,34500,35000,34100
2020-11-25,하이닉스,97200,100500,100500,96300
2020-11-25,한화에어로,27606,28115,28268,27351
2020-11-26,대한항공,19617,19617,19695,19230
2020-11-26,신한지주,34350,34300,34700,34100
2020-11-26,하이닉스,99400,96800,99500,96300
2020-11-26,한화에어로,27759,27453,27759,27198
2020-11-27,대한항공,19656,19734,19966,19579
2020-11-27,신한지주,34050,34100,34450,33800
2020-11-27,하이닉스,98800,99600,99900,98200
2020-11-27,한화에어로,27402,27504,27708,27351
2020-11-30,대한항공,19773,19734,20315,19462
2020-11-30,신한지주,32200,34050,34300,32200
2020-11-30,하이닉스,97500,99700,99800,97300
2020-11-30,한화에어로,26893,27504,27555,26842
2020-12-01,대한항공,20432,20121,22021,19695
2020-12-01,신한지주,33150,32650,33350,32600
2020-12-01,하이닉스,100500,98600,101500,97800
2020-12-01,한화에어로,26842,27249,27249,26842
2020-12-02,대한항공,20044,21013,21013,19811
2020-12-02,신한지주,34200,33650,34200,33500
2020-12-02,하이닉스,109000,103000,109500,103000
2020-12-02,한화에어로,27045,26944,27096,26740
2020-12-03,대한항공,20199,20160,20470,19773
2020-12-03,신한지주,34050,34250,34350,33750
2020-12-03,하이닉스,111500,110500,114500,109000
2020-12-03,한화에어로,27351,27045,27504,26740
2020-12-04,대한항공,20277,20199,20664,20199
2020-12-04,신한지주,34600,34200,34900,34000
2020-12-04,하이닉스,115000,116000,119500,112500
2020-12-04,한화에어로,27402,27555,27606,27198
2020-12-07,대한항공,20005,20238,20238,19540
2020-12-07,신한지주,34050,34600,34600,33650
2020-12-07,하이닉스,118000,118500,120000,116000
2020-12-07,한화에어로,26689,27453,27504,26587
2020-12-08,대한항공,20703,20005,21013,19811
2020-12-08,신한지주,33800,34000,34000,33500
2020-12-08,하이닉스,115000,118000,118000,114000
2020-12-08,한화에어로,26434,26638,26791,26332
2020-12-09,대한항공,21517,21091,21633,20548
2020-12-09,신한지주,34050,33750,34300,33550
2020-12-09,하이닉스,120500,116000,121000,115000
2020-12-09,한화에어로,26944,26587,26944,26281
2020-12-10,대한항공,21944,21633,21982,21246
2020-12-10,신한지주,34250,34050,34250,33600
2020-12-10,하이닉스,116500,117000,118500,115500
2020-12-10,한화에어로,27555,26842,27606,26536
2020-12-11,대한항공,22021,22099,22719,21789
2020-12-11,신한지주,34550,34600,34700,34400
2020-12-11,하이닉스,115500,118000,118000,115000
2020-12-11,한화에어로,27657,27555,28319,27555
2020-12-14,대한항공,21246,21789,21827,21091
2020-12-14,신한지주,34100,34300,34750,34100
2020-12-14,하이닉스,117000,116000,119000,115500
2020-12-14,한화에어로,27657,27657,27708,27402
2020-12-15,대한항공,21246,21168,21517,20819
2020-12-15,신한지주,33550,34000,34050,33150
2020-12-15,하이닉스,117500,118500,118500,115000
2020-12-15,한화에어로,28573,27962,28675,27860
2020-12-16,대한항공,21285,21440,21595,21246
2020-12-16,신한지주,33700,33750,33900,33450
2020-12-16,하이닉스,117500,119000,119500,117000
2020-12-16,한화에어로,29643,28726,29643,28523
2020-12-17,대한항공,20936,21207,21246,20625
2020-12-17,신한지주,33250,33500,33550,32800
2020-12-17,하이닉스,119500,118500,119500,117000
2020-12-17,한화에어로,29134,29643,29694,28624
2020-12-18,대한항공,20936,20819,21129,20548
2020-12-18,신한지주,33350,33350,33500,33200
2020-12-18,하이닉스,118500,118500,119000,117500
2020-12-18,한화에어로,29592,29032,29949,29032
2020-12-21,대한항공,20703,20936,20936,20393
2020-12-21,신한지주,33500,33500,33550,33050
2020-12-21,하이닉스,116000,118000,118000,114500
2020-12-21,한화에어로,29236,29694,29745,28777
2020-12-22,대한항공,20160,20432,20470,20160
2020-12-22,신한지주,33150,33500,33600,33150
2020-12-22,하이닉스,112500,115000,115500,112500
2020-12-22,한화에어로,28166,28828,28981,28013
2020-12-23,대한항공,20393,20044,20509,19966
2020-12-23,신한지주,32850,33000,33150,32600
2020-12-23,하이닉스,116000,113000,116000,112500
2020-12-23,한화에어로,28217,28370,28573,27402
2020-12-24,대한항공,20858,20548,21207,20509
2020-12-24,신한지주,33300,33100,33400,32950
2020-12-24,하이닉스,118000,116000,118500,115500
2020-12-24,한화에어로,28523,28268,28930,28115
2020-12-28,대한항공,20432,20548,20625,20160
2020-12-28,신한지주,33500,33450,33650,33300
2020-12-28,하이닉스,115500,119000,119500,115000
2020-12-28,한화에어로,28930,28573,29287,28421
2020-12-29,대한항공,20858,20819,21168,20509
2020-12-29,신한지주,32000,32400,32400,31850
2020-12-29,하이닉스,116000,118000,118500,114000
2020-12-29,한화에어로,28726,28981,29287,28523
2020-12-30,대한항공,21091,20897,21091,20664
2020-12-30,신한지주,32050,32000,32200,31500
2020-12-30,하이닉스,118500,116000,118500,114500
2020-12-30,한화에어로,29032,28726,29236,28472
2021-01-04,대한항공,21440,21285,22021,21013
2021-01-04,신한지주,31550,32050,32050,31500
2021-01-04,하이닉스,126000,124500,128000,120500
2021-01-04,한화에어로,30356,29439,30458,29032
2021-01-05,대한항공,21982,21401,22099,21013
2021-01-05,신한지주,32100,31500,32250,31200
2021-01-05,하이닉스,130500,124500,132500,124000
2021-01-05,한화에어로,31273,30356,31375,29694
2021-01-06,대한항공,21905,21750,22293,21556
2021-01-06,신한지주,32400,32200,32800,31950
2021-01-06,하이닉스,131000,132500,137000,130000
2021-01-06,한화에어로,30916,31731,31935,30713
2021-01-07,대한항공,21866,22021,22176,21711
2021-01-07,신한지주,33750,33500,33900,33300
2021-01-07,하이닉스,134500,132500,137500,131500
2021-01-07,한화에어로,31375,31273,31426,30916
2021-01-08,대한항공,21633,21866,21866,21323
2021-01-08,신한지주,33650,34200,34250,33250
2021-01-08,하이닉스,138000,136000,138000,132500
2021-01-08,한화에어로,33361,31629,34329,31222
2021-01-11,대한항공,22564,21633,24309,21285
2021-01-11,신한지주,32900,33700,34100,32350
2021-01-11,하이닉스,133000,138000,140000,131000
2021-01-11,한화에어로,32393,33565,34380,31273
2021-01-12,대한항공,22835,22680,23223,22137
2021-01-12,신한지주,33100,33050,33750,32650
2021-01-12,하이닉스,129000,132000,133500,125500
2021-01-12,한화에어로,34176,32088,34533,31222
2021-01-13,대한항공,23611,23184,24037,22797
2021-01-13,신한지주,34200,33700,34500,33450
2021-01-13,하이닉스,133000,129000,133500,128500
2021-01-13,한화에어로,33667,34940,34940,33361
2021-01-14,대한항공,25394,23960,25588,23649
2021-01-14,신한지주,34050,34300,34350,33950
2021-01-14,하이닉스,130500,132500,133000,129000
2021-01-14,한화에어로,33106,33718,34023,32546
2021-01-15,대한항공,24929,26053,27449,24541
2021-01-15,신한지주,33350,34400,34500,33350
2021-01-15,하이닉스,127500,133000,135000,127000
2021-01-15,한화에어로,36621,33463,36926,33259
2021-01-18,대한항공,23611,24502,24658,23378
2021-01-18,신한지주,32600,33400,33450,32450
2021-01-18,하이닉스,130000,126000,131000,125000
2021-01-18,한화에어로,39422,36876,40441,35908
2021-01-19,대한항공,24580,23611,24696,23572
2021-01-19,신한지주,33050,32900,33200,32500
2021-01-19,하이닉스,130500,131000,132000,128500
2021-01-19,한화에어로,39881,40492,40746,38200
2021-01-20,대한항공,24851,24890,25045,24154
2021-01-20,신한지주,33100,33250,33450,32800
2021-01-20,하이닉스,130500,134000,135000,130000
2021-01-20,한화에어로,41867,40186,42784,39168
2021-01-21,대한항공,25627,24619,25821,24347
2021-01-21,신한지주,33350,32950,33450,32850
2021-01-21,하이닉스,131500,131500,133000,130000
2021-01-21,한화에어로,42886,42580,44261,41052
2021-01-22,대한항공,27100,25976,27294,25045
2021-01-22,신한지주,32850,33100,33250,32850
2021-01-22,하이닉스,128500,131500,132000,128500
2021-01-22,한화에어로,40645,43191,43191,40543
2021-01-25,대한항공,30350,28200,31800,28100
2021-01-25,신한지주,32950,33000,33150,32650
2021-01-25,하이닉스,135000,130000,135000,129500
2021-01-25,한화에어로,43853,40645,44566,40390
2021-01-26,대한항공,30500,30550,31700,30100
2021-01-26,신한지주,32350,32950,32950,32350
2021-01-26,하이닉스,129000,134000,134000,128500
2021-01-26,한화에어로,45432,44210,47521,42988
2021-01-27,대한항공,30400,30700,31000,29600
2021-01-27,신한지주,32350,32550,32750,32350
2021-01-27,하이닉스,128500,129500,132000,127500
2021-01-27,한화에어로,43395,46247,47521,43038
2021-01-28,대한항공,29650,29500,30200,29400
2021-01-28,신한지주,32200,31950,32300,31800
2021-01-28,하이닉스,123000,124000,125500,121500
2021-01-28,한화에어로,41307,42122,43140,41205
2021-01-29,대한항공,28700,29850,30050,28050
2021-01-29,신한지주,30650,32450,32550,30650
2021-01-29,하이닉스,122500,128500,128500,121500
2021-01-29,한화에어로,41409,41765,43497,39677
2021-02-01,대한항공,29450,28350,29500,27400
2021-02-01,신한지주,31450,30500,31800,30450
2021-02-01,하이닉스,125000,121000,126000,118000
2021-02-01,한화에어로,41663,41001,42020,39728
2021-02-02,대한항공,29650,29700,29900,29100
2021-02-02,신한지주,31950,31500,32000,31300
2021-02-02,하이닉스,130000,128500,132500,127000
2021-02-02,한화에어로,42478,43293,45025,41765
2021-02-03,대한항공,30100,29950,30300,29650
2021-02-03,신한지주,31900,32300,32300,31450
2021-02-03,하이닉스,130000,131000,131500,128500
2021-02-03,한화에어로,43089,42580,43140,41867
2021-02-04,대한항공,30500,30250,30750,30000
2021-02-04,신한지주,31350,32000,32050,31100
2021-02-04,하이닉스,125000,127500,128500,124000
2021-02-04,한화에어로,45076,43446,46553,42274
2021-02-05,대한항공,30000,30500,30550,29550
2021-02-05,신한지주,31800,31500,32200,31250
2021-02-05,하이닉스,127500,126500,128000,124500
2021-02-05,한화에어로,44363,45025,45534,43446
2021-02-08,대한항공,31400,30250,31950,30050
2021-02-08,신한지주,32900,32300,33300,32100
2021-02-08,하이닉스,125000,127500,128000,125000
2021-02-08,한화에어로,43191,44312,44821,43089
2021-02-09,대한항공,30450,31500,31600,30350
2021-02-09,신한지주,32600,33100,33400,32400
2021-02-09,하이닉스,125500,127500,130000,125000
2021-02-09,한화에어로,41612,43497,43955,41460
2021-02-10,대한항공,30500,30550,30650,29950
2021-02-10,신한지주,32950,32900,33000,32550
2021-02-10,하이닉스,126000,125500,127000,124500
2021-02-10,한화에어로,44108,42071,44719,41714
2021-02-15,대한항공,30000,30550,30600,29900
2021-02-15,신한지주,32800,33250,33300,32700
2021-02-15,하이닉스,132000,130000,132500,130000
2021-02-15,한화에어로,45229,45229,45993,44108
2021-02-16,대한항공,29100,29950,30000,29000
2021-02-16,신한지주,32850,32650,33000,32500
2021-02-16,하이닉스,132500,132500,134000,130500
2021-02-16,한화에어로,43701,45432,45483,43446
2021-02-17,대한항공,28550,29050,29100,28200
2021-02-17,신한지주,32900,33050,33500,32800
2021-02-17,하이닉스,130000,131000,131000,128000
2021-02-17,한화에어로,42376,43497,43497,42173
2021-02-18,대한항공,28700,28550,29050,28100
2021-02-18,신한지주,32250,33000,33050,32250
2021-02-18,하이닉스,126000,128500,130000,125500
2021-02-18,한화에어로,43242,42478,44923,42478
2021-02-19,대한항공,28500,28500,28650,28050
2021-02-19,신한지주,32650,32300,32750,31950
2021-02-19,하이닉스,133000,129000,133000,128500
2021-02-19,한화에어로,42631,43802,44668,41510
2021-02-22,대한항공,28200,28650,28800,28150
2021-02-22,신한지주,32500,32850,33000,32450
2021-02-22,하이닉스,136500,136000,139500,135000
2021-02-22,한화에어로,42325,42988,44108,41867
2021-02-23,대한항공,28550,28350,28850,28250
2021-02-23,신한지주,32800,32750,33050,32500
2021-02-23,하이닉스,138500,133500,140000,131500
2021-02-23,한화에어로,41154,41816,42274,41103
2021-02-24,대한항공,28450,28850,29300,28400
2021-02-24,신한지주,33150,33100,33850,32900
2021-02-24,하이닉스,136000,137500,143500,134000
2021-02-24,한화에어로,38811,41154,41510,38658
2021-02-25,대한항공,28850,29000,29100,28550
2021-02-25,신한지주,34100,33600,34100,33450
2021-02-25,하이닉스,148500,141000,149500,140000
2021-02-25,한화에어로,39626,39677,39982,39015
2021-02-26,대한항공,28150,28200,28400,28000
2021-02-26,신한지주,32950,33650,34050,32800
2021-02-26,하이닉스,141500,143500,145000,138000
2021-02-26,한화에어로,37589,38200,38302,36774
2021-03-02,대한항공,27550,28450,28450,27500
2021-03-02,신한지주,33250,33400,33700,33050
2021-03-02,하이닉스,144500,149000,150500,141000
2021-03-02,한화에어로,38302,39473,40033,37741
2021-03-03,대한항공,28000,27550,28150,27000
2021-03-03,신한지주,33650,33300,33700,32950
2021-03-03,하이닉스,147000,142500,147000,139500
2021-03-03,한화에어로,39066,38200,39575,37792
2021-03-04,대한항공,28050,28000,28250,27550
2021-03-04,신한지주,34050,33650,34300,33450
2021-03-04,하이닉스,142000,143000,145500,139500
2021-03-04,한화에어로,38454,38607,39320,38098
2021-03-05,대한항공,27700,27700,27800,27300
2021-03-05,신한지주,34000,34100,34900,33950
2021-03-05,하이닉스,140000,138000,141500,136500
2021-03-05,한화에어로,37690,37894,37996,37028
2021-03-08,대한항공,27050,27750,27800,27000
2021-03-08,신한지주,35250,34650,35300,34400
2021-03-08,하이닉스,135500,143000,143000,135500
2021-03-08,한화에어로,38098,38505,39677,37996
2021-03-09,대한항공,27100,27250,27750,26700
2021-03-09,신한지주,35900,35900,36450,35350
2021-03-09,하이닉스,136500,134000,137500,130500
2021-03-09,한화에어로,37589,38302,38709,36672
2021-03-10,대한항공,27150,27250,27400,27000
2021-03-10,신한지주,35600,35650,35700,34850
2021-03-10,하이닉스,133000,140500,140500,132500
2021-03-10,한화에어로,37741,38505,38862,37385
2021-03-11,대한항공,27450,27200,27800,27000
2021-03-11,신한지주,35400,35650,36350,35400
2021-03-11,하이닉스,137000,134500,139000,134000
2021-03-11,한화에어로,42020,38047,42937,37945
2021-03-12,대한항공,27700,27750,27750,27350
2021-03-12,신한지주,34950,35200,35250,34600
2021-03-12,하이닉스,140000,140500,142500,139500
2021-03-12,한화에어로,42020,42071,42529,41256
2021-03-15,대한항공,28050,28000,28500,27800
2021-03-15,신한지주,35150,35300,35550,34850
2021-03-15,하이닉스,136500,141500,142000,136000
2021-03-15,한화에어로,42071,41969,42580,41460
2021-03-16,대한항공,28350,28700,28850,28350
2021-03-16,신한지주,35200,35000,35400,34950
2021-03-16,하이닉스,140500,138500,140500,138000
2021-03-16,한화에어로,41460,42478,42580,41358
2021-03-17,대한항공,29050,28600,29400,28400
2021-03-17,신한지주,35500,35300,35550,35000
2021-03-17,하이닉스,140000,141000,141000,138500
2021-03-17,한화에어로,42020,41561,42122,40441
2021-03-18,대한항공,29050,29350,29400,29050
2021-03-18,신한지주,35500,35200,36000,34750
2021-03-18,하이닉스,142000,142500,145000,141000
2021-03-18,한화에어로,42631,42478,43140,41867
2021-03-19,대한항공,29000,28750,29000,28150
2021-03-19,신한지주,35450,36100,36200,35100
2021-03-19,하이닉스,138000,138000,139500,137000
2021-03-19,한화에어로,42427,41765,42886,41205
2021-03-22,대한항공,28200,28050,28600,28000
2021-03-22,신한지주,35600,35500,35900,35250
2021-03-22,하이닉스,138000,138500,140000,137000
2021-03-22,한화에어로,41561,42631,42784,41460
2021-03-23,대한항공,27300,28250,28400,27300
2021-03-23,신한지주,35900,35700,36200,35600
2021-03-23,하이닉스,135000,139000,139500,134000
2021-03-23,한화에어로,39982,41969,42274,39626
2021-03-24,대한항공,26750,25850,27150,25750
2021-03-24,신한지주,35100,35750,35900,35000
2021-03-24,하이닉스,133500,133000,134500,131500
2021-03-24,한화에어로,39982,39982,40339,39320
2021-03-25,대한항공,26800,26550,27300,26300
2021-03-25,신한지주,35850,35150,36200,35000
2021-03-25,하이닉스,133000,133000,134500,130500
2021-03-25,한화에어로,39830,40084,40441,39524
2021-03-26,대한항공,28050,27300,28200,27150
2021-03-26,신한지주,36550,36250,36700,36200
2021-03-26,하이닉스,135000,134000,135000,132000
2021-03-26,한화에어로,40746,39881,42020,39881
2021-03-29,대한항공,27250,28400,28450,27250
2021-03-29,신한지주,36900,36650,36900,36150
2021-03-29,하이닉스,132000,135500,135500,131500
2021-03-29,한화에어로,41612,41256,42580,40848
2021-03-30,대한항공,27350,27350,27550,27250
2021-03-30,신한지주,37100,36950,37500,36700
2021-03-30,하이닉스,134500,133000,135500,132000
2021-03-30,한화에어로,40441,42478,42733,39677
2021-03-31,대한항공,27200,27400,27500,27100
2021-03-31,신한지주,37450,37200,37650,36650
2021-03-31,하이닉스,132500,134500,135000,132000
2021-03-31,한화에어로,41663,40441,42427,39982
2021-04-01,대한항공,27200,27200,27600,27200
2021-04-01,신한지주,36800,37500,37600,36700
2021-04-01,하이닉스,140500,138000,140500,136500
2021-04-01,한화에어로,41001,41663,42020,40746
2021-04-02,대한항공,27250,27300,27450,27150
2021-04-02,신한지주,36350,36600,36950,36100
2021-04-02,하이닉스,141000,142000,143000,140000
2021-04-02,한화에어로,40645,41154,41358,40594
2021-04-05,대한항공,27050,27250,27250,26600
2021-04-05,신한지주,37000,36200,37100,36150
2021-04-05,하이닉스,143000,142000,144500,141000
2021-04-05,한화에어로,41714,40746,42071,40645
2021-04-06,대한항공,27100,27100,27550,27000
2021-04-06,신한지주,37150,37000,37150,36600
2021-04-06,하이닉스,143000,147000,147000,141500
2021-04-06,한화에어로,41052,41816,42071,40645
2021-04-07,대한항공,27200,27150,27500,26900
2021-04-07,신한지주,37700,37250,37800,37150
2021-04-07,하이닉스,143500,146000,146000,142500
2021-04-07,한화에어로,40645,41052,41460,40594
2021-04-08,대한항공,27200,27250,27300,26950
2021-04-08,신한지주,37400,37800,37800,37350
2021-04-08,하이닉스,144000,143500,146000,142500
2021-04-08,한화에어로,40441,41001,41052,40441
2021-04-09,대한항공,27000,27150,27200,26950
2021-04-09,신한지주,37150,37950,37950,37100
2021-04-09,하이닉스,140000,144000,145000,139500
2021-04-09,한화에어로,40797,40746,41103,40645
2021-04-12,대한항공,26800,27000,27000,26700
2021-04-12,신한지주,37400,37150,37600,37000
2021-04-12,하이닉스,137500,140500,140500,136000
2021-04-12,한화에어로,40645,41001,41154,40441
2021-04-13,대한항공,26650,26650,26700,26350
2021-04-13,신한지주,37250,37500,37600,36950
2021-04-13,하이닉스,139500,136000,140000,135500
2021-04-13,한화에어로,41154,40746,41154,40543
2021-04-14,대한항공,26300,26600,26600,26250
2021-04-14,신한지주,37100,37000,37200,36850
2021-04-14,하이닉스,137000,139000,139000,136500
2021-04-14,한화에어로,42071,42071,43446,41510
2021-04-15,대한항공,26450,26300,26900,26050
2021-04-15,신한지주,37450,37200,37800,37000
2021-04-15,하이닉스,137500,136000,139000,136000
2021-04-15,한화에어로,41460,42071,42122,41358
2021-04-16,대한항공,26500,26550,26650,26450
2021-04-16,신한지주,36900,37500,37500,36800
2021-04-16,하이닉스,137500,138500,139000,137500
2021-04-16,한화에어로,41205,41612,41765,40899
2021-04-19,대한항공,26350,26550,26550,26200
2021-04-19,신한지주,36800,36900,37150,36750
2021-04-19,하이닉스,138000,138000,139000,137000
2021-04-19,한화에어로,41103,41052,41307,40696
2021-04-20,대한항공,26850,26300,26950,26200
2021-04-20,신한지주,37500,36750,37500,36700
2021-04-20,하이닉스,138500,136500,138500,136500
2021-04-20,한화에어로,41460,41205,41510,41052
2021-04-21,대한항공,26400,26550,26600,26350
2021-04-21,신한지주,36750,36950,37150,36500
2021-04-21,하이닉스,132500,138000,138000,132000
2021-04-21,한화에어로,40186,41460,41561,40033
2021-04-22,대한항공,26350,26500,26550,26300
2021-04-22,신한지주,37200,36800,37350,36750
2021-04-22,하이닉스,133000,134500,135500,133000
2021-04-22,한화에어로,40797,40441,40848,40237
2021-04-23,대한항공,26200,26250,26300,26050
2021-04-23,신한지주,37450,37050,38100,36850
2021-04-23,하이닉스,132500,130500,132500,128500
2021-04-23,한화에어로,40645,40797,40899,40237
2021-04-26,대한항공,26800,26300,27100,26200
2021-04-26,신한지주,38250,38150,38550,37850
2021-04-26,하이닉스,131500,132500,132500,130500
2021-04-26,한화에어로,40441,40696,40899,40390
2021-04-27,대한항공,26500,26950,27000,26400
2021-04-27,신한지주,39000,38500,39000,38250
2021-04-27,하이닉스,135000,133000,136000,132500
2021-04-27,한화에어로,39575,40441,40441,39371
2021-04-28,대한항공,26650,26500,26900,26250
2021-04-28,신한지주,39550,39250,39850,39200
2021-04-28,하이닉스,130000,134500,135000,130000
2021-04-28,한화에어로,38709,39575,40390,38709
2021-04-29,대한항공,26350,26650,26850,26300
2021-04-29,신한지주,39500,39800,39900,39150
2021-04-29,하이닉스,130000,132000,133000,129000
2021-04-29,한화에어로,38658,38913,39422,38251
2021-04-30,대한항공,26900,26400,27400,26200
2021-04-30,신한지주,40000,39500,40450,39300
2021-04-30,하이닉스,128000,130000,130500,126500
2021-04-30,한화에어로,39320,38709,39677,38607
2021-05-03,대한항공,26400,26900,26900,26000
2021-05-03,신한지주,39050,40150,40200,38650
2021-05-03,하이닉스,131500,127500,132500,127000
2021-05-03,한화에어로,38149,39473,39524,37894
2021-05-04,대한항공,26350,26500,26600,26250
2021-05-04,신한지주,39250,39050,39500,38550
2021-05-04,하이닉스,132000,130500,132000,129000
2021-05-04,한화에어로,37945,38098,38098,36876
2021-05-06,대한항공,27600,26350,27600,26300
2021-05-06,신한지주,41000,39900,41050,39750
2021-05-06,하이닉스,129000,130000,130500,128000
2021-05-06,한화에어로,39881,37741,40237,37487
2021-05-07,대한항공,27900,27700,28300,27550
2021-05-07,신한지주,41500,41500,41900,41200
2021-05-07,하이닉스,129500,128000,131000,127000
2021-05-07,한화에어로,41001,40339,41358,39830
2021-05-10,대한항공,29750,28150,29850,28000
2021-05-10,신한지주,42750,41600,42900,41200
2021-05-10,하이닉스,130000,131000,131000,128500
2021-05-10,한화에어로,41256,41510,41765,40899
2021-05-11,대한항공,30000,29500,30150,29300
2021-05-11,신한지주,42600,42750,43200,41850
2021-05-11,하이닉스,123000,127000,127500,122000
2021-05-11,한화에어로,41154,41103,41714,40441
2021-05-12,대한항공,29400,29800,29900,28700
2021-05-12,신한지주,40850,42200,42300,40500
2021-05-12,하이닉스,119500,123000,123500,119000
2021-05-12,한화에어로,41510,41765,42529,40390
2021-05-13,대한항공,29500,28800,30300,28600
2021-05-13,신한지주,41500,40550,41800,40350
2021-05-13,하이닉스,117500,116000,118500,115500
2021-05-13,한화에어로,43038,40696,43802,40441
2021-05-14,대한항공,29300,30100,30250,29050
2021-05-14,신한지주,41200,41700,41750,40700
2021-05-14,하이닉스,118500,118500,120000,118000
2021-05-14,한화에어로,44057,43497,44566,42478
2021-05-17,대한항공,30500,29950,30800,29450
2021-05-17,신한지주,41050,41050,41150,40600
2021-05-17,하이닉스,117500,120000,120000,117000
2021-05-17,한화에어로,43191,44515,44872,42988
2021-05-18,대한항공,30000,30600,30800,29550
2021-05-18,신한지주,41300,41450,41800,41150
2021-05-18,하이닉스,121000,117500,122000,117500
2021-05-18,한화에어로,44872,43599,45534,43293
2021-05-20,대한항공,29800,29650,30500,29500
2021-05-20,신한지주,41000,41100,41700,40600
2021-05-20,하이닉스,122500,121000,124000,119500
2021-05-20,한화에어로,43344,44515,44515,42886
2021-05-21,대한항공,29550,29900,30150,29450
2021-05-21,신한지주,40300,40650,41000,40100
2021-05-21,하이닉스,122500,124500,125500,121000
2021-05-21,한화에어로,43497,43802,44414,42784
2021-05-24,대한항공,29650,29500,29800,29200
2021-05-24,신한지주,41000,40500,41250,40100
2021-05-24,하이닉스,119500,122000,122500,119000
2021-05-24,한화에어로,44312,45840,46145,43701
2021-05-25,대한항공,31250,30000,31450,29850
2021-05-25,신한지주,41900,40900,41900,40900
2021-05-25,하이닉스,123000,121500,123000,120500
2021-05-25,한화에어로,49863,44719,50220,44312
2021-05-26,대한항공,31500,31350,31750,30800
2021-05-26,신한지주,41750,41750,41900,41450
2021-05-26,하이닉스,123000,124000,124500,122000
2021-05-26,한화에어로,49965,50118,50678,48590
2021-05-27,대한항공,31850,31500,32700,31150
2021-05-27,신한지주,41500,42000,42350,41300
2021-05-27,하이닉스,125500,124500,126000,123000
2021-05-27,한화에어로,48132,49965,50322,48081
2021-05-28,대한항공,31750,31550,32000,31200
2021-05-28,신한지주,42250,41900,42500,41600
2021-05-28,하이닉스,125000,126500,126500,124000
2021-05-28,한화에어로,48234,48437,49354,47979
2021-05-31,대한항공,31950,31800,32500,31550
2021-05-31,신한지주,42450,42350,42750,41850
2021-05-31,하이닉스,127000,126000,127000,124000
2021-05-31,한화에어로,47673,48285,49049,47062
2021-06-01,대한항공,31700,31950,32200,31500
2021-06-01,신한지주,43000,42450,43000,42350
2021-06-01,하이닉스,128500,127000,129000,126000
2021-06-01,한화에어로,49558,47419,49762,47011
2021-06-02,대한항공,33650,31950,34300,31900
2021-06-02,신한지주,42850,43000,43250,42700
2021-06-02,하이닉스,126000,128500,129000,125500
2021-06-02,한화에어로,48488,49558,49558,48183
2021-06-03,대한항공,33500,33750,34050,32850
2021-06-03,신한지주,42600,42900,43100,42500
2021-06-03,하이닉스,129000,127000,130000,126500
2021-06-03,한화에어로,47775,48539,48641,47215
2021-06-04,대한항공,33150,33200,33700,32650
2021-06-04,신한지주,42450,42350,43000,42300
2021-06-04,하이닉스,128500,127500,129000,126500
2021-06-04,한화에어로,47419,47521,48030,46757
2021-06-07,대한항공,32300,33150,33200,31700
2021-06-07,신한지주,42900,42550,42900,42200
2021-06-07,하이닉스,128500,129500,130000,128000
2021-06-07,한화에어로,48488,47877,48998,47419
2021-06-08,대한항공,32700,32550,33250,32000
2021-06-08,신한지주,42750,42750,42900,42400
2021-06-08,하이닉스,127500,127000,127500,125000
2021-06-08,한화에어로,50373,48896,52257,48692
2021-06-09,대한항공,34000,33100,34600,33050
2021-06-09,신한지주,42150,42650,42750,42150
2021-06-09,하이닉스,122500,125500,126000,122500
2021-06-09,한화에어로,51035,50577,51748,49507
2021-06-10,대한항공,33900,34400,35100,33700
2021-06-10,신한지주,42450,42150,42450,41950
2021-06-10,하이닉스,123000,122500,124000,120500
2021-06-10,한화에어로,49711,51442,51646,49660
2021-06-11,대한항공,34500,34050,34700,33850
2021-06-11,신한지주,42300,42150,42450,41900
2021-06-11,하이닉스,128000,124500,128500,124000
2021-06-11,한화에어로,49914,49507,50322,49049
2021-06-14,대한항공,34150,34650,34700,33900
2021-06-14,신한지주,41150,42000,42300,41000
2021-06-14,하이닉스,127000,127000,127500,125500
2021-06-14,한화에어로,49099,50016,50577,48896
2021-06-15,대한항공,33650,34150,34150,33300
2021-06-15,신한지주,41200,40900,41450,40700
2021-06-15,하이닉스,128500,128500,129500,128000
2021-06-15,한화에어로,48947,49150,49762,48641
2021-06-16,대한항공,33700,33500,33950,33300
2021-06-16,신한지주,42000,41200,42100,41150
2021-06-16,하이닉스,129500,128000,129500,127000
2021-06-16,한화에어로,48845,48794,49660,48590
2021-06-17,대한항공,33650,33500,33900,33400
2021-06-17,신한지주,41650,42450,42700,41650
2021-06-17,하이닉스,126500,127000,128000,126000
2021-06-17,한화에어로,47215,48692,48845,46858
2021-06-18,대한항공,33150,33600,33650,33100
2021-06-18,신한지주,41100,41300,41500,41050
2021-06-18,하이닉스,124500,127500,127500,124500
2021-06-18,한화에어로,49507,47419,49813,47164
2021-06-21,대한항공,32000,32500,32650,31700
2021-06-21,신한지주,39800,40300,40450,39700
2021-06-21,하이닉스,122000,121000,123000,120500
2021-06-21,한화에어로,47826,48998,49405,47470
2021-06-22,대한항공,31950,32500,32600,31900
2021-06-22,신한지주,40750,40350,40800,40300
2021-06-22,하이닉스,122000,122500,123500,122000
2021-06-22,한화에어로,48335,48386,49150,48030
2021-06-23,대한항공,31850,31900,32300,30900
2021-06-23,신한지주,40300,40750,40800,40050
2021-06-23,하이닉스,124000,122500,124500,122000
2021-06-23,한화에어로,47368,48437,48590,47011
2021-06-24,대한항공,31650,31300,31850,31100
2021-06-24,신한지주,40750,40050,40950,40000
2021-06-24,하이닉스,126000,124000,126500,123500
2021-06-24,한화에어로,47673,47622,48234,47419
2021-06-25,대한항공,31950,31750,32350,31750
2021-06-25,신한지주,41650,41350,41650,41150
2021-06-25,하이닉스,128500,128000,129000,127500
2021-06-25,한화에어로,47317,47775,47877,47164
2021-06-28,대한항공,31450,31400,31600,31050
2021-06-28,신한지주,41800,41750,42100,41400
2021-06-28,하이닉스,126000,129000,129500,126000
2021-06-28,한화에어로,47419,47928,49609,47368
2021-06-29,대한항공,31500,31500,31750,31200
2021-06-29,신한지주,40900,41500,41550,40900
2021-06-29,하이닉스,125000,127500,128000,125000
2021-06-29,한화에어로,48234,47470,48692,47215
2021-06-30,대한항공,31500,31550,31750,31500
2021-06-30,신한지주,40600,40500,40800,40400
2021-06-30,하이닉스,127500,126500,129500,126000
2021-06-30,한화에어로,47877,48335,48386,47419
2021-07-01,대한항공,31250,31800,32150,31200
2021-07-01,신한지주,40100,40650,40700,40000
2021-07-01,하이닉스,124500,127500,128000,124000
2021-07-01,한화에어로,48030,47775,48743,47317
2021-07-02,대한항공,31350,31300,31600,31300
2021-07-02,신한지주,40250,40200,40550,40050
2021-07-02,하이닉스,122500,122500,123500,121500
2021-07-02,한화에어로,49354,48794,50678,48794
2021-07-05,대한항공,31850,31600,32250,31250
2021-07-05,신한지주,39800,40250,40250,39750
2021-07-05,하이닉스,123000,123500,124500,122500
2021-07-05,한화에어로,54498,49813,55517,49507
2021-07-06,대한항공,32250,32050,32650,32000
2021-07-06,신한지주,39900,40000,40100,39800
2021-07-06,하이닉스,125000,124000,126000,123500
2021-07-06,한화에어로,55313,54498,56332,53887
2021-07-07,대한항공,31500,31800,31800,31300
2021-07-07,신한지주,39200,39350,39750,38900
2021-07-07,하이닉스,123500,125000,125500,122500
2021-07-07,한화에어로,55517,55008,56230,54397
2021-07-08,대한항공,31000,31300,31900,31000
2021-07-08,신한지주,38950,39000,39500,38800
2021-07-08,하이닉스,121500,123500,123500,121000
2021-07-08,한화에어로,51748,55517,56128,51748
2021-07-09,대한항공,30300,30350,30500,29800
2021-07-09,신한지주,38200,38450,38700,37900
2021-07-09,하이닉스,119500,120500,120500,118000
2021-07-09,한화에어로,52257,51952,53378,51341
2021-07-12,대한항공,30500,30350,30950,30100
2021-07-12,신한지주,39150,38900,39500,38800
2021-07-12,하이닉스,120000,121000,122000,119500
2021-07-12,한화에어로,52155,53174,53683,51952
2021-07-13,대한항공,30950,30750,31200,30600
2021-07-13,신한지주,39450,39400,39800,39350
2021-07-13,하이닉스,123000,121000,123500,121000
2021-07-13,한화에어로,52461,51442,52461,50882
2021-07-14,대한항공,30550,30700,30700,30400
2021-07-14,신한지주,38600,38850,39000,38550
2021-07-14,하이닉스,123500,122500,124000,121500
2021-07-14,한화에어로,51341,51952,52155,51035
2021-07-15,대한항공,30800,30700,30850,30400
2021-07-15,신한지주,38700,38500,38800,38250
2021-07-15,하이닉스,123500,123500,124000,122500
2021-07-15,한화에어로,51646,51646,52767,51442
2021-07-16,대한항공,30900,30900,31000,30450
2021-07-16,신한지주,38750,38550,38750,38250
2021-07-16,하이닉스,121500,122000,122500,120500
2021-07-16,한화에어로,52461,51952,53480,51646
2021-07-19,대한항공,30350,30700,30800,30200
2021-07-19,신한지주,38200,38250,38450,38100
2021-07-19,하이닉스,119000,119000,120000,118500
2021-07-19,한화에어로,52563,53480,54091,51952
2021-07-20,대한항공,30000,29700,30200,29600
2021-07-20,신한지주,37550,37350,37750,37350
2021-07-20,하이닉스,118500,117500,119500,117500
2021-07-20,한화에어로,52563,51544,53174,51442
2021-07-21,대한항공,30150,30600,30950,30050
2021-07-21,신한지주,37550,37800,37950,37500
2021-07-21,하이닉스,117000,119500,120000,116500
2021-07-21,한화에어로,51850,53378,53378,51646
2021-07-22,대한항공,30400,30450,30600,30250
2021-07-22,신한지주,38450,38050,38750,38000
2021-07-22,하이닉스,119500,118000,120000,118000
2021-07-22,한화에어로,53174,52054,53785,51646
2021-07-23,대한항공,30300,30350,30500,30000
2021-07-23,신한지주,38350,38500,38600,38050
2021-07-23,하이닉스,118500,118500,119000,117500
2021-07-23,한화에어로,52767,53276,53989,52563
2021-07-26,대한항공,29950,30150,30200,29900
2021-07-26,신한지주,37950,38750,38750,37900
2021-07-26,하이닉스,117000,119500,120000,117000
2021-07-26,한화에어로,51850,53072,53072,51850
2021-07-27,대한항공,30400,30050,30900,30050
2021-07-27,신한지주,38400,38150,38600,38000
2021-07-27,하이닉스,116000,118000,119000,116000
2021-07-27,한화에어로,51850,51952,53174,51544
2021-07-28,대한항공,30150,30250,30400,29950
2021-07-28,신한지주,39700,38400,39700,38150
2021-07-28,하이닉스,114000,115000,115500,112500
2021-07-28,한화에어로,51035,51748,52155,50424
2021-07-29,대한항공,30150,30250,30450,30050
2021-07-29,신한지주,40050,39800,40200,39600
2021-07-29,하이닉스,114000,115000,115500,113000
2021-07-29,한화에어로,52563,51748,53683,51646
2021-07-30,대한항공,29900,30100,30150,29900
2021-07-30,신한지주,39150,40250,40250,38800
2021-07-30,하이닉스,112500,114000,114000,112500
2021-07-30,한화에어로,52767,52665,52767,51850
2021-08-02,대한항공,29600,29900,29950,29400
2021-08-02,신한지주,38600,39200,39300,38200
2021-08-02,하이닉스,116000,113500,117000,113000
2021-08-02,한화에어로,55008,52970,55925,52563
2021-08-03,대한항공,29700,29600,29750,29400
2021-08-03,신한지주,38750,38250,38750,38200
2021-08-03,하이닉스,120000,118000,120500,117000
2021-08-03,한화에어로,55008,55110,55619,53683
2021-08-04,대한항공,31200,29750,31300,29750
2021-08-04,신한지주,39050,38900,39350,38750
2021-08-04,하이닉스,121000,122000,123000,120500
2021-08-04,한화에어로,56128,54804,57656,54498
2021-08-05,대한항공,30650,31100,31100,30550
2021-08-05,신한지주,38700,38800,39200,38600
2021-08-05,하이닉스,120000,121000,121500,118000
2021-08-05,한화에어로,54498,56230,56841,53887
2021-08-06,대한항공,30600,31050,31150,30400
2021-08-06,신한지주,38750,38850,39400,38500
2021-08-06,하이닉스,118000,119000,119500,117500
2021-08-06,한화에어로,53276,54702,54906,52767
2021-08-09,대한항공,30200,30450,30700,30150
2021-08-09,신한지주,39100,38900,39300,38800
2021-08-09,하이닉스,116000,117500,118000,116000
2021-08-09,한화에어로,52563,53174,53276,52359
2021-08-10,대한항공,30000,30150,30350,29900
2021-08-10,신한지주,38900,39250,39450,38550
2021-08-10,하이닉스,112500,115000,115500,112000
2021-08-10,한화에어로,52970,52767,53072,52054
2021-08-11,대한항공,30100,30150,30300,29850
2021-08-11,신한지주,39200,39050,39400,38750
2021-08-11,하이닉스,105500,109000,110000,105000
2021-08-11,한화에어로,51442,52767,54091,51137
2021-08-12,대한항공,29900,30050,30450,29900
2021-08-12,신한지주,39350,39500,39750,39300
2021-08-12,하이닉스,100500,102000,104000,99800
2021-08-12,한화에어로,52665,51544,53683,51035
2021-08-13,대한항공,29800,30000,30150,29450
2021-08-13,신한지주,38900,39700,39700,38450
2021-08-13,하이닉스,101500,99600,101500,98900
2021-08-13,한화에어로,52359,53072,53072,51442
2021-08-17,대한항공,28700,29900,29950,28700
2021-08-17,신한지주,38850,38800,39050,38500
2021-08-17,하이닉스,101500,101000,103500,100500
2021-08-17,한화에어로,50933,52665,52869,50831
2021-08-18,대한항공,29200,28700,29400,28500
2021-08-18,신한지주,39000,38900,39000,38550
2021-08-18,하이닉스,104000,103000,105500,101500
2021-08-18,한화에어로,51341,50780,52054,50678
2021-08-19,대한항공,28400,28900,29100,28400
2021-08-19,신한지주,37550,38800,38850,37200
2021-08-19,하이닉스,102500,103000,105500,101500
2021-08-19,한화에어로,48743,50933,51035,48692
2021-08-20,대한항공,27600,28400,28650,27300
2021-08-20,신한지주,37100,37400,37650,36800
2021-08-20,하이닉스,102500,104000,104500,102000
2021-08-20,한화에어로,48234,48743,49558,47877
2021-08-23,대한항공,28700,27600,29000,27550
2021-08-23,신한지주,37450,37550,37950,37200
2021-08-23,하이닉스,103000,104500,105000,103000
2021-08-23,한화에어로,48692,48285,49558,48081
2021-08-24,대한항공,29800,29450,29950,29000
2021-08-24,신한지주,38650,37850,38650,37750
2021-08-24,하이닉스,105000,104500,105500,104000
2021-08-24,한화에어로,49201,48896,49711,48794
2021-08-25,대한항공,30300,30100,30650,29900
2021-08-25,신한지주,38950,38350,38950,38200
2021-08-25,하이닉스,103500,106000,106000,102500
2021-08-25,한화에어로,49354,49303,49914,48998
2021-08-26,대한항공,30350,30250,30500,30000
2021-08-26,신한지주,39350,39150,39600,38600
2021-08-26,하이닉스,104000,106000,106500,103500
2021-08-26,한화에어로,48845,49354,49660,48437
2021-08-27,대한항공,30250,29950,30600,29700
2021-08-27,신한지주,39250,39300,39300,38850
2021-08-27,하이닉스,103500,103500,104500,101000
2021-08-27,한화에어로,49201,48794,49507,48386
2021-08-30,대한항공,31100,30700,31300,30600
2021-08-30,신한지주,38300,39300,39350,38050
2021-08-30,하이닉스,103500,105000,105500,103500
2021-08-30,한화에어로,51137,49914,51646,49558
2021-08-31,대한항공,31300,30800,31300,30500
2021-08-31,신한지주,38850,38100,38850,37550
2021-08-31,하이닉스,106500,103500,106500,102000
2021-08-31,한화에어로,51850,51544,52155,50729
2021-09-01,대한항공,31100,31100,31650,30850
2021-09-01,신한지주,39250,39100,39350,38750
2021-09-01,하이닉스,108000,106000,108000,104500
2021-09-01,한화에어로,51341,51646,52257,51137
2021-09-02,대한항공,30800,31100,31250,30650
2021-09-02,신한지주,38800,38700,39500,38650
2021-09-02,하이닉스,106500,108000,108500,106000
2021-09-02,한화에어로,52665,51544,53480,51239
2021-09-03,대한항공,31200,30900,31500,30800
2021-09-03,신한지주,38700,38700,38950,38550
2021-09-03,하이닉스,107000,106500,107500,106000
2021-09-03,한화에어로,51850,52665,52869,51442
2021-09-06,대한항공,31200,31300,31350,31000
2021-09-06,신한지주,38500,38650,38750,38150
2021-09-06,하이닉스,106000,106500,107000,105000
2021-09-06,한화에어로,52155,51952,52257,51442
2021-09-07,대한항공,30850,31200,31250,30600
2021-09-07,신한지주,38250,38250,38500,38000
2021-09-07,하이닉스,104500,105500,106000,104000
2021-09-07,한화에어로,51748,51952,52665,51442
2021-09-08,대한항공,30700,30600,31250,30600
2021-09-08,신한지주,38600,38000,38600,38000
2021-09-08,하이닉스,106000,104000,107500,103500
2021-09-08,한화에어로,51748,51544,52155,51239
2021-09-09,대한항공,30200,30750,30800,30000
2021-09-09,신한지주,38750,38500,38750,38050
2021-09-09,하이닉스,103000,105000,106000,103000
2021-09-09,한화에어로,50678,51442,52257,50627
2021-09-10,대한항공,31300,30600,31600,30550
2021-09-10,신한지주,38250,38500,38550,37950
2021-09-10,하이닉스,105000,103500,105500,103000
2021-09-10,한화에어로,50729,50882,51442,49914
2021-09-13,대한항공,31200,31050,31600,30650
2021-09-13,신한지주,38450,38100,38600,38000
2021-09-13,하이닉스,106500,105000,107000,104000
2021-09-13,한화에어로,50169,51035,51544,50016
2021-09-14,대한항공,32450,31600,32650,31550
2021-09-14,신한지주,39150,38650,39300,38650
2021-09-14,하이닉스,107500,107500,108500,106500
2021-09-14,한화에어로,51442,50424,51544,50322
2021-09-15,대한항공,32550,32200,32550,31800
2021-09-15,신한지주,38850,38700,39150,38650
2021-09-15,하이닉스,107500,107500,107500,105500
2021-09-15,한화에어로,51544,51035,51544,50577
2021-09-16,대한항공,32100,32850,32900,31950
2021-09-16,신한지주,38750,38850,39000,38350
2021-09-16,하이닉스,104000,107000,107500,104000
2021-09-16,한화에어로,51137,51646,51952,50882
2021-09-17,대한항공,32950,32800,33300,32200
2021-09-17,신한지주,38700,38400,38700,38300
2021-09-17,하이닉스,107000,104500,107500,104000
2021-09-17,한화에어로,52054,51137,52461,50678
2021-09-23,대한항공,34200,33250,34350,32700
2021-09-23,신한지주,38950,38250,38950,38100
2021-09-23,하이닉스,105500,105500,107000,105000
2021-09-23,한화에어로,52869,51544,52970,51137
2021-09-24,대한항공,34250,34450,34500,33850
2021-09-24,신한지주,39650,39150,39900,39050
2021-09-24,하이닉스,104000,106000,106500,104000
2021-09-24,한화에어로,52563,53174,53683,52054
2021-09-27,대한항공,34250,34200,34950,33850
2021-09-27,신한지주,39550,39000,39700,39000
2021-09-27,하이닉스,104500,104000,105500,103500
2021-09-27,한화에어로,52359,52563,52869,51646
2021-09-28,대한항공,33700,34250,34250,33300
2021-09-28,신한지주,40150,39750,40500,39650
2021-09-28,하이닉스,103500,105000,105500,103000
2021-09-28,한화에어로,51544,52665,53276,51239
2021-09-29,대한항공,33500,32850,33650,32800
2021-09-29,신한지주,39850,40000,40300,39450
2021-09-29,하이닉스,100000,101000,102000,99700
2021-09-29,한화에어로,49303,50526,51035,48743
2021-09-30,대한항공,33700,33400,34100,33200
2021-09-30,신한지주,40400,39950,40500,39650
2021-09-30,하이닉스,103000,99900,103500,99600
2021-09-30,한화에어로,51137,48998,51341,48998
2021-10-01,대한항공,33650,33350,33900,33000
2021-10-01,신한지주,39700,40150,40400,39700
2021-10-01,하이닉스,100000,102000,102500,100000
2021-10-01,한화에어로,52970,50831,54295,50831
2021-10-05,대한항공,33500,34250,34550,33350
2021-10-05,신한지주,39400,39200,39950,38800
2021-10-05,하이닉스,97900,98900,99500,97200
2021-10-05,한화에어로,53174,52563,53480,51850
2021-10-06,대한항공,31500,33800,33800,31050
2021-10-06,신한지주,39200,39650,39950,39150
2021-10-06,하이닉스,96500,98400,98700,95800
2021-10-06,한화에어로,49049,53683,53887,48896
2021-10-07,대한항공,31850,31800,31950,31150
2021-10-07,신한지주,39800,39500,40000,39500
2021-10-07,하이닉스,95700,96300,96800,95000
2021-10-07,한화에어로,50627,50118,51035,49099
2021-10-08,대한항공,31300,31900,31900,31000
2021-10-08,신한지주,39100,39500,39650,39050
2021-10-08,하이닉스,94000,96200,96300,93500
2021-10-08,한화에어로,49711,50678,50933,49354
2021-10-12,대한항공,31350,31300,31850,31100
2021-10-12,신한지주,38450,38600,38850,38000
2021-10-12,하이닉스,91500,92400,92900,90800
2021-10-12,한화에어로,51544,49711,52257,49711
2021-10-13,대한항공,31150,31150,31500,30900
2021-10-13,신한지주,38800,38400,39100,38150
2021-10-13,하이닉스,92000,90900,93500,90500
2021-10-13,한화에어로,51646,51850,52665,51137
2021-10-14,대한항공,30800,31050,31050,30150
2021-10-14,신한지주,38900,38850,39100,38550
2021-10-14,하이닉스,93800,92400,94500,92100
2021-10-14,한화에어로,51239,51952,52359,50780
2021-10-15,대한항공,31150,31150,31500,31000
2021-10-15,신한지주,39000,38900,39200,38750
2021-10-15,하이닉스,98400,96000,98500,95700
2021-10-15,한화에어로,51035,51646,51952,50424
2021-10-18,대한항공,30950,31200,31250,30800
2021-10-18,신한지주,39350,39150,39500,38800
2021-10-18,하이닉스,97100,98300,98300,96700
2021-10-18,한화에어로,52359,51748,52359,50933
2021-10-19,대한항공,30750,31100,31300,30600
2021-10-19,신한지주,39300,39350,39600,39100
2021-10-19,하이닉스,97700,98600,98600,97100
2021-10-19,한화에어로,51850,52970,53072,51442
2021-10-20,대한항공,30550,30900,31000,30300
2021-10-20,신한지주,39800,39300,40000,39300
2021-10-20,하이닉스,97900,98200,98600,97200
2021-10-20,한화에어로,48998,52155,52155,48947
2021-10-21,대한항공,30400,30600,30700,30300
2021-10-21,신한지주,40350,39800,40350,39650
2021-10-21,하이닉스,96300,97300,98300,96100
2021-10-21,한화에어로,50220,49558,51035,49303
2021-10-22,대한항공,30450,30450,30700,30250
2021-10-22,신한지주,40050,40000,40350,39800
2021-10-22,하이닉스,98500,95500,99200,95500
2021-10-22,한화에어로,47979,50118,50118,47673
2021-10-25,대한항공,31400,30700,31700,30450
2021-10-25,신한지주,40500,40100,40800,39900
2021-10-25,하이닉스,100000,99500,101500,98300
2021-10-25,한화에어로,47521,47673,48234,47266
2021-10-26,대한항공,31350,31800,31850,31250
2021-10-26,신한지주,40700,40800,40900,40350
2021-10-26,하이닉스,102000,101500,103500,101000
2021-10-26,한화에어로,47266,47521,47826,46960
2021-10-27,대한항공,30800,31050,31100,30700
2021-10-27,신한지주,39550,40700,40750,39500
2021-10-27,하이닉스,101500,103000,104000,101500
2021-10-27,한화에어로,45738,47317,47571,45534
2021-10-28,대한항공,30800,30800,31200,30600
2021-10-28,신한지주,38600,39500,39600,38600
2021-10-28,하이닉스,106500,102000,107500,101500
2021-10-28,한화에어로,46196,45738,47419,45483
2021-10-29,대한항공,30450,30950,31050,30450
2021-10-29,신한지주,38250,38950,39100,38100
2021-10-29,하이닉스,103000,107000,108500,103000
2021-10-29,한화에어로,45840,46247,46502,45127
2021-11-01,대한항공,30450,30550,30800,30450
2021-11-01,신한지주,38300,38450,38600,38100
2021-11-01,하이닉스,106500,103500,107000,102500
2021-11-01,한화에어로,44668,45636,46043,44668
2021-11-02,대한항공,30800,30750,31150,30600
2021-11-02,신한지주,38200,38350,38700,38200
2021-11-02,하이닉스,107500,107000,108500,106500
2021-11-02,한화에어로,44872,44719,45381,44668
2021-11-03,대한항공,30200,30800,30850,30150
2021-11-03,신한지주,37850,38500,38500,37600
2021-11-03,하이닉스,105500,108500,109000,104500
2021-11-03,한화에어로,43853,44923,45025,43548
2021-11-04,대한항공,30300,30500,30700,30250
2021-11-04,신한지주,37950,38300,38600,37900
2021-11-04,하이닉스,106000,107000,108000,105500
2021-11-04,한화에어로,43089,44210,44363,42835
2021-11-05,대한항공,30100,30450,30450,29900
2021-11-05,신한지주,37600,37900,38100,37150
2021-11-05,하이닉스,107000,108000,108500,105500
2021-11-05,한화에어로,42937,43191,43446,42376
2021-11-08,대한항공,31150,30950,31250,30700
2021-11-08,신한지주,37550,37400,37700,37050
2021-11-08,하이닉스,107500,107000,108000,104000
2021-11-08,한화에어로,43242,42682,43446,42173
2021-11-09,대한항공,30850,31150,31150,30600
2021-11-09,신한지주,37450,37550,38150,37350
2021-11-09,하이닉스,109000,108000,110000,107500
2021-11-09,한화에어로,43344,43191,43802,43191
2021-11-10,대한항공,30450,30650,30700,30200
2021-11-10,신한지주,37450,37250,37900,37250
2021-11-10,하이닉스,108500,108500,109500,107500
2021-11-10,한화에어로,41663,42937,43140,41663
2021-11-11,대한항공,30550,30100,31050,30000
2021-11-11,신한지주,37250,37550,37600,37100
2021-11-11,하이닉스,107500,107500,108000,105500
2021-11-11,한화에어로,41205,41052,41663,40899
2021-11-12,대한항공,30550,30650,30800,30500
2021-11-12,신한지주,37550,37250,37750,37250
2021-11-12,하이닉스,106500,109000,109500,105500
2021-11-12,한화에어로,41816,41103,42173,41103
2021-11-15,대한항공,30400,31050,31200,30300
2021-11-15,신한지주,37800,37600,37800,37450
2021-11-15,하이닉스,111000,108500,111500,108000
2021-11-15,한화에어로,42733,42020,42937,41714
2021-11-16,대한항공,30450,30550,31000,30450
2021-11-16,신한지주,38350,37750,38350,37450
2021-11-16,하이닉스,112000,111000,113000,109000
2021-11-16,한화에어로,42784,42427,43752,42376
2021-11-17,대한항공,29850,30450,30450,29850
2021-11-17,신한지주,37450,38050,38200,37400
2021-11-17,하이닉스,110500,113000,113000,110000
2021-11-17,한화에어로,43599,42937,44057,42224
2021-11-18,대한항공,29400,29850,29900,29300
2021-11-18,신한지주,37150,37350,37400,37000
2021-11-18,하이닉스,110000,110000,111000,109000
2021-11-18,한화에어로,44261,44210,46094,44108
2021-11-19,대한항공,29650,29250,29650,29200
2021-11-19,신한지주,37350,37150,37450,37050
2021-11-19,하이닉스,111500,110000,112500,110000
2021-11-19,한화에어로,44617,44261,45076,44057
2021-11-22,대한항공,29350,29450,29450,29050
2021-11-22,신한지주,37350,37050,37550,37000
2021-11-22,하이닉스,119500,116500,121000,116000
2021-11-22,한화에어로,43701,44617,44668,43395
2021-11-23,대한항공,29050,29150,29550,29050
2021-11-23,신한지주,37300,37550,38050,37300
2021-11-23,하이닉스,119000,119500,121000,117500
2021-11-23,한화에어로,45025,43599,45229,43191
2021-11-24,대한항공,28650,29100,29200,28600
2021-11-24,신한지주,37750,37550,38350,37500
2021-11-24,하이닉스,119500,120500,122500,118000
2021-11-24,한화에어로,44719,45483,45483,44006
2021-11-25,대한항공,28150,28650,28650,28050
2021-11-25,신한지주,37350,38050,38050,37350
2021-11-25,하이닉스,117500,120500,121000,117000
2021-11-25,한화에어로,45229,44872,45687,44668
2021-11-26,대한항공,27200,28000,28050,27100
2021-11-26,신한지주,36700,37150,37300,36550
2021-11-26,하이닉스,115500,116500,118500,113000
2021-11-26,한화에어로,43853,45229,45432,43599
2021-11-29,대한항공,26550,25500,27100,25450
2021-11-29,신한지주,36300,35900,36700,35750
2021-11-29,하이닉스,116000,113000,118500,113000
2021-11-29,한화에어로,43089,42274,43853,42173
2021-11-30,대한항공,26500,26700,27500,26200
2021-11-30,신한지주,34650,36000,36250,34650
2021-11-30,하이닉스,114000,118000,119000,112500
2021-11-30,한화에어로,41409,43140,44006,40950
2021-12-01,대한항공,27400,26550,27400,26500
2021-12-01,신한지주,35250,34950,35500,34900
2021-12-01,하이닉스,116500,114500,117500,112000
2021-12-01,한화에어로,42631,41256,42886,41052
2021-12-02,대한항공,27800,26800,28000,26600
2021-12-02,신한지주,36000,34800,36000,34550
2021-12-02,하이닉스,120000,115500,120500,115000
2021-12-02,한화에어로,44057,42020,44261,41714
2021-12-03,대한항공,28500,28800,29000,28150
2021-12-03,신한지주,37050,36300,37050,35850
2021-12-03,하이닉스,118000,119000,119500,115500
2021-12-03,한화에어로,44057,44057,44566,43650
2021-12-06,대한항공,29150,28450,29150,28150
2021-12-06,신한지주,37050,37000,37300,36500
2021-12-06,하이닉스,118500,116000,119000,115500
2021-12-06,한화에어로,44923,43904,45279,43242
2021-12-07,대한항공,29450,29700,29900,29150
2021-12-07,신한지주,37400,37100,37400,36900
2021-12-07,하이닉스,121500,119000,122500,118000
2021-12-07,한화에어로,45636,45178,45738,44719
2021-12-08,대한항공,29100,29850,29850,29000
2021-12-08,신한지주,37550,37500,37900,37300
2021-12-08,하이닉스,120000,124000,125000,119500
2021-12-08,한화에어로,45178,45942,46604,45025
2021-12-09,대한항공,29650,29350,29750,29150
2021-12-09,신한지주,37650,37400,37700,37350
2021-12-09,하이닉스,123500,120500,123500,119000
2021-12-09,한화에어로,48132,45432,48386,45381
2021-12-10,대한항공,29400,29350,29600,29250
2021-12-10,신한지주,37300,37550,37650,37150
2021-12-10,하이닉스,120500,120500,121500,119500
2021-12-10,한화에어로,47775,48183,50169,47368
2021-12-13,대한항공,29300,29500,29600,28950
2021-12-13,신한지주,37100,37300,37700,37000
2021-12-13,하이닉스,121500,121000,124000,121000
2021-12-13,한화에어로,48285,48234,49813,47826
2021-12-14,대한항공,29000,28900,29150,28500
2021-12-14,신한지주,37200,36700,37200,36300
2021-12-14,하이닉스,121000,120500,123000,120000
2021-12-14,한화에어로,47215,48896,48947,47164
2021-12-15,대한항공,29100,28900,29300,28850
2021-12-15,신한지주,37100,36900,37300,36700
2021-12-15,하이닉스,123500,120000,123500,120000
2021-12-15,한화에어로,46909,47164,47724,46349
2021-12-16,대한항공,29000,29200,29200,28750
2021-12-16,신한지주,37550,37100,37550,37050
2021-12-16,하이닉스,124000,125000,125500,122500
2021-12-16,한화에어로,46604,47215,47877,46298
2021-12-17,대한항공,29200,28800,29350,28700
2021-12-17,신한지주,38400,37700,38400,37450
2021-12-17,하이닉스,122000,120500,123000,120500
2021-12-17,한화에어로,48030,46247,48030,46247
2021-12-20,대한항공,28700,29050,29050,28650
2021-12-20,신한지주,37900,38050,38150,37800
2021-12-20,하이닉스,120500,121500,123500,120500
2021-12-20,한화에어로,46858,47826,47826,46858
2021-12-21,대한항공,28900,29100,29100,28600
2021-12-21,신한지주,37850,38150,38300,37850
2021-12-21,하이닉스,124500,124000,124500,122500
2021-12-21,한화에어로,46757,47011,47368,46298
2021-12-22,대한항공,29200,29300,29600,29100
2021-12-22,신한지주,38100,38000,38200,37850
2021-12-22,하이닉스,127000,127500,128500,126000
2021-12-22,한화에어로,46655,47011,47164,46400
2021-12-23,대한항공,29200,29500,29500,29100
2021-12-23,신한지주,38000,38150,38150,37850
2021-12-23,하이닉스,127500,129000,129000,126500
2021-12-23,한화에어로,46960,46757,47215,46349
2021-12-24,대한항공,29200,29450,29450,29150
2021-12-24,신한지주,37900,37950,38100,37850
2021-12-24,하이닉스,128000,129000,130000,128000
2021-12-24,한화에어로,47622,47011,47877,47011
2021-12-27,대한항공,28800,28950,29200,28750
2021-12-27,신한지주,37900,38000,38050,37750
2021-12-27,하이닉스,126000,128500,129000,126000
2021-12-27,한화에어로,47826,47470,48488,47470
2021-12-28,대한항공,29000,28850,29050,28750
2021-12-28,신한지주,38150,38000,38150,37700
2021-12-28,하이닉스,127500,126500,128000,124500
2021-12-28,한화에어로,47877,48081,48132,47266
2021-12-29,대한항공,29950,29450,30000,29300
2021-12-29,신한지주,37200,36750,37250,36600
2021-12-29,하이닉스,127000,127500,128500,125500
2021-12-29,한화에어로,49150,47877,49609,47266
2021-12-30,대한항공,29350,29950,30000,29300
2021-12-30,신한지주,36800,36950,37250,36800
2021-12-30,하이닉스,131000,131000,133500,130000
2021-12-30,한화에어로,48896,49252,49456,48234
2022-01-03,대한항공,29500,29500,29650,29100
2022-01-03,신한지주,37250,36700,37450,36700
2022-01-03,하이닉스,128500,132000,132500,128000
2022-01-03,한화에어로,50526,49201,50780,48794
2022-01-04,대한항공,29100,29650,29650,28950
2022-01-04,신한지주,37600,37300,37600,37200
2022-01-04,하이닉스,128500,129500,130000,127500
2022-01-04,한화에어로,51341,50882,51850,50424
2022-01-05,대한항공,28900,29100,29200,28700
2022-01-05,신한지주,37500,37800,37950,37300
2022-01-05,하이닉스,125500,129000,129000,121500
2022-01-05,한화에어로,51850,51239,52155,50831
2022-01-06,대한항공,28450,28700,28900,28450
2022-01-06,신한지주,37300,37650,37850,37150
2022-01-06,하이닉스,125000,123500,127000,123000
2022-01-06,한화에어로,50322,50882,52155,50322
2022-01-07,대한항공,28600,28450,28750,28250
2022-01-07,신한지주,37650,37300,37650,36900
2022-01-07,하이닉스,127000,127000,129000,126500
2022-01-07,한화에어로,51035,50424,51748,50118
2022-01-10,대한항공,28100,28600,28700,27900
2022-01-10,신한지주,38550,37800,38600,37700
2022-01-10,하이닉스,124500,126500,127000,123000
2022-01-10,한화에어로,52054,51442,52665,51035
2022-01-11,대한항공,28100,27950,28500,27900
2022-01-11,신한지주,39000,38600,39200,38500
2022-01-11,하이닉스,128000,125500,128500,124500
2022-01-11,한화에어로,51137,52461,52665,50780
2022-01-12,대한항공,28500,28250,28700,28250
2022-01-12,신한지주,39750,38950,39750,38950
2022-01-12,하이닉스,128500,129500,130000,126500
2022-01-12,한화에어로,51341,51239,52155,51239
2022-01-13,대한항공,28800,28500,29300,28450
2022-01-13,신한지주,39450,39800,39850,39200
2022-01-13,하이닉스,129500,128500,130000,128000
2022-01-13,한화에어로,53480,51748,54193,51544
2022-01-14,대한항공,28900,29050,29200,28700
2022-01-14,신한지주,39300,39250,39600,38900
2022-01-14,하이닉스,128500,128500,129000,126000
2022-01-14,한화에어로,53887,53378,54193,52767
2022-01-17,대한항공,28250,28550,28850,28050
2022-01-17,신한지주,38850,39400,39450,38400
2022-01-17,하이닉스,127000,127500,128000,124500
2022-01-17,한화에어로,53480,55008,55110,53072
2022-01-18,대한항공,28050,28350,28450,27850
2022-01-18,신한지주,38900,38950,39300,38550
2022-01-18,하이닉스,126500,126500,127500,125000
2022-01-18,한화에어로,52970,53683,54600,52359
2022-01-19,대한항공,27550,27750,28150,27550
2022-01-19,신한지주,39500,38900,39850,38750
2022-01-19,하이닉스,127000,123500,128500,123500
2022-01-19,한화에어로,52461,51952,53887,51748
2022-01-20,대한항공,27900,27500,27950,27400
2022-01-20,신한지주,38800,39500,39500,38750
2022-01-20,하이닉스,125000,126000,126500,123500
2022-01-20,한화에어로,54804,53174,55517,52970
2022-01-21,대한항공,27700,27700,27850,27350
2022-01-21,신한지주,39250,38450,39250,38200
2022-01-21,하이닉스,119000,121500,122500,118000
2022-01-21,한화에어로,54498,54091,55008,52970
2022-01-24,대한항공,26900,27300,27700,26850
2022-01-24,신한지주,38350,39050,39400,37950
2022-01-24,하이닉스,119000,116500,120500,116500
2022-01-24,한화에어로,49252,53276,53785,49049
2022-01-25,대한항공,26250,27000,27050,26100
2022-01-25,신한지주,37700,37850,38350,37100
2022-01-25,하이닉스,118000,118000,120000,116500
2022-01-25,한화에어로,49405,49252,50271,48692
2022-01-26,대한항공,27200,26250,27500,26250
2022-01-26,신한지주,38300,37750,38350,37700
2022-01-26,하이닉스,117500,119000,119500,117500
2022-01-26,한화에어로,49507,49150,50475,49150
2022-01-27,대한항공,26650,27200,27300,26600
2022-01-27,신한지주,38100,38500,38500,37350
2022-01-27,하이닉스,113500,119500,119500,111000
2022-01-27,한화에어로,47724,49965,50118,47266
2022-01-28,대한항공,28300,27100,28400,26800
2022-01-28,신한지주,38150,38350,38400,37750
2022-01-28,하이닉스,120500,115000,121500,114500
2022-01-28,한화에어로,48692,47724,49354,47113
2022-02-03,대한항공,28650,28600,29150,28450
2022-02-03,신한지주,38600,38000,38750,37950
2022-02-03,하이닉스,124000,124500,127000,124000
2022-02-03,한화에어로,48437,51850,52054,48386
2022-02-04,대한항공,29600,28450,29900,28300
2022-02-04,신한지주,39450,38600,39450,38500
2022-02-04,하이닉스,124500,125500,127000,124000
2022-02-04,한화에어로,49049,48386,49252,47928
2022-02-07,대한항공,29800,29550,30050,29150
2022-02-07,신한지주,39700,39550,39700,39200
2022-02-07,하이닉스,123000,123000,123500,119500
2022-02-07,한화에어로,51341,49914,52665,49660
2022-02-08,대한항공,29850,30150,30500,29400
2022-02-08,신한지주,39650,39850,40200,39400
2022-02-08,하이닉스,125000,124500,126000,123500
2022-02-08,한화에어로,51035,51442,51952,50424
2022-02-09,대한항공,30250,30300,30450,29950
2022-02-09,신한지주,40600,40000,40750,39800
2022-02-09,하이닉스,126000,127000,128000,124500
2022-02-09,한화에어로,50067,51442,51646,49914
2022-02-10,대한항공,30250,30350,30500,29900
2022-02-10,신한지주,40500,40850,41150,40100
2022-02-10,하이닉스,129500,129000,131000,127000
2022-02-10,한화에어로,49711,50271,50424,48794
2022-02-11,대한항공,30150,30000,30550,29800
2022-02-11,신한지주,41100,40200,41100,39850
2022-02-11,하이닉스,132000,130500,132500,130000
2022-02-11,한화에어로,48590,49405,49711,48539
2022-02-14,대한항공,29900,29550,30150,29500
2022-02-14,신한지주,40400,40750,40800,40050
2022-02-14,하이닉스,132500,130000,132500,129500
2022-02-14,한화에어로,47266,48590,49405,46553
2022-02-15,대한항공,28950,29900,30000,28800
2022-02-15,신한지주,40450,40500,40850,40100
2022-02-15,하이닉스,127000,131500,132000,127000
2022-02-15,한화에어로,46247,47062,47724,45942
2022-02-16,대한항공,30000,29900,30100,29450
2022-02-16,신한지주,41100,40800,41100,40450
2022-02-16,하이닉스,130500,131000,132500,130000
2022-02-16,한화에어로,46807,46757,47266,46400
2022-02-17,대한항공,30050,30100,30800,29400
2022-02-17,신한지주,41250,41300,41550,40850
2022-02-17,하이닉스,133000,130500,134000,130000
2022-02-17,한화에어로,48183,47062,48641,46807
2022-02-18,대한항공,29900,29600,30200,29400
2022-02-18,신한지주,41250,40800,41400,40650
2022-02-18,하이닉스,131500,131500,133000,129500
2022-02-18,한화에어로,48132,47673,48386,47317
2022-02-21,대한항공,30050,29550,30050,29350
2022-02-21,신한지주,41250,40000,41250,40000
2022-02-21,하이닉스,130000,129000,130500,127000
2022-02-21,한화에어로,48030,48030,48386,46909
2022-02-22,대한항공,29750,29550,30050,29500
2022-02-22,신한지주,40650,40500,40800,40100
2022-02-22,하이닉스,128500,127000,129500,126000
2022-02-22,한화에어로,46145,47724,47775,45891
2022-02-23,대한항공,29600,30000,30100,29350
2022-02-23,신한지주,40700,40800,41050,40500
2022-02-23,하이닉스,128500,130000,130500,127000
2022-02-23,한화에어로,47164,46655,47521,46451
2022-02-24,대한항공,28700,29250,29500,28350
2022-02-24,신한지주,39800,40700,40700,39500
2022-02-24,하이닉스,122500,125500,126000,122000
2022-02-24,한화에어로,46451,46960,47419,46145
2022-02-25,대한항공,28900,29100,29150,28500
2022-02-25,신한지주,38950,39400,39550,38550
2022-02-25,하이닉스,123000,125500,126000,122500
2022-02-25,한화에어로,49813,47113,50118,46858
2022-02-28,대한항공,29300,28850,29350,28700
2022-02-28,신한지주,39050,38850,39050,38300
2022-02-28,하이닉스,123500,123000,123500,121000
2022-02-28,한화에어로,52970,51035,55110,50475
2022-03-02,대한항공,28650,29000,29050,28550
2022-03-02,신한지주,38200,38400,38650,38050
2022-03-02,하이닉스,125000,124500,126500,123000
2022-03-02,한화에어로,55517,54295,56434,53989
2022-03-03,대한항공,28800,28700,29000,28650
2022-03-03,신한지주,38550,38350,38700,38300
2022-03-03,하이닉스,129000,128000,129500,127000
2022-03-03,한화에어로,54906,54600,55721,53276
2022-03-04,대한항공,28550,28900,28950,28500
2022-03-04,신한지주,38200,38250,38400,37750
2022-03-04,하이닉스,124500,127500,128000,124000
2022-03-04,한화에어로,57351,54600,57860,54193
2022-03-07,대한항공,27550,28150,28150,27450
2022-03-07,신한지주,37200,37700,37800,36900
2022-03-07,하이닉스,119500,119000,121000,119000
2022-03-07,한화에어로,56128,58777,59592,55823
2022-03-08,대한항공,27100,26750,27350,26600
2022-03-08,신한지주,36400,36400,36850,36300
2022-03-08,하이닉스,118000,117000,119500,116500
2022-03-08,한화에어로,54295,56841,57045,53887
2022-03-10,대한항공,27900,28000,28400,27850
2022-03-10,신한지주,37100,37200,37250,36700
2022-03-10,하이닉스,120000,121000,121500,118500
2022-03-10,한화에어로,54906,54600,55211,51748
2022-03-11,대한항공,28600,27950,28600,27800
2022-03-11,신한지주,37350,36950,37400,36700
2022-03-11,하이닉스,117000,118500,119000,115500
2022-03-11,한화에어로,55823,54600,56332,54498
2022-03-14,대한항공,28700,28650,28700,28050
2022-03-14,신한지주,37650,37050,37750,36850
2022-03-14,하이닉스,116000,115500,117000,114500
2022-03-14,한화에어로,55721,56332,57249,55415
2022-03-15,대한항공,29250,28650,29800,28450
2022-03-15,신한지주,37900,37650,38200,37550
2022-03-15,하이닉스,112500,114500,115500,112000
2022-03-15,한화에어로,53072,55415,55517,52665
2022-03-16,대한항공,30350,29950,30750,29850
2022-03-16,신한지주,37900,37900,38100,37500
2022-03-16,하이닉스,116500,115000,117000,114000
2022-03-16,한화에어로,53174,53276,53480,51952
2022-03-17,대한항공,30350,30700,30750,30100
2022-03-17,신한지주,38300,38500,38900,38300
2022-03-17,하이닉스,124000,121000,124500,121000
2022-03-17,한화에어로,51544,52257,52970,50475
2022-03-18,대한항공,30450,30150,30500,29900
2022-03-18,신한지주,38200,38150,38200,37700
2022-03-18,하이닉스,124000,124000,125000,121000
2022-03-18,한화에어로,52359,51544,52461,50729
2022-03-21,대한항공,29950,30650,30750,29700
2022-03-21,신한지주,38200,38300,38350,38000
2022-03-21,하이닉스,122000,124000,124500,121000
2022-03-21,한화에어로,52767,52665,53785,52257
2022-03-22,대한항공,29950,29500,30100,29450
2022-03-22,신한지주,38700,38250,38850,38250
2022-03-22,하이닉스,123500,121000,124000,121000
2022-03-22,한화에어로,54702,52869,56332,52665
2022-03-23,대한항공,29850,30250,30300,29800
2022-03-23,신한지주,39700,39000,39850,38900
2022-03-23,하이닉스,123500,124000,124500,122000
2022-03-23,한화에어로,54600,54804,55313,53887
2022-03-24,대한항공,30000,29700,30050,29550
2022-03-24,신한지주,39800,39150,40400,39100
2022-03-24,하이닉스,120500,121000,122000,119500
2022-03-24,한화에어로,55415,54702,55925,53989
2022-03-25,대한항공,29750,30050,30100,29750
2022-03-25,신한지주,40100,40100,40400,39850
2022-03-25,하이닉스,118000,122000,123000,118000
2022-03-25,한화에어로,56536,56026,57249,55721
2022-03-28,대한항공,29750,29650,30050,29550
2022-03-28,신한지주,41100,39700,41150,39700
2022-03-28,하이닉스,118000,117500,119500,116500
2022-03-28,한화에어로,56536,56943,57452,56128
2022-03-29,대한항공,29900,30000,30250,29600
2022-03-29,신한지주,41300,41150,41750,41100
2022-03-29,하이닉스,120000,119500,120500,118500
2022-03-29,한화에어로,52970,56638,56638,52461
2022-03-30,대한항공,30150,30100,30400,30050
2022-03-30,신한지주,41200,41050,41550,40600
2022-03-30,하이닉스,121000,123000,123000,120500
2022-03-30,한화에어로,54397,52461,54600,52155
2022-03-31,대한항공,30200,30050,30300,29950
2022-03-31,신한지주,41500,41200,41650,41050
2022-03-31,하이닉스,118000,119500,120000,117500
2022-03-31,한화에어로,53174,55110,55517,52970
2022-04-01,대한항공,31200,30450,31200,30250
2022-04-01,신한지주,41450,40700,41500,40650
2022-04-01,하이닉스,116000,117000,117500,116000
2022-04-01,한화에어로,53174,53378,54091,52563
2022-04-04,대한항공,31950,31900,32400,31650
2022-04-04,신한지주,41500,41400,41550,41150
2022-04-04,하이닉스,117000,115000,117500,114500
2022-04-04,한화에어로,53683,53276,53989,52563
2022-04-05,대한항공,32000,32000,32200,31550
2022-04-05,신한지주,40400,41350,41400,40100
2022-04-05,하이닉스,116500,117500,118000,116000
2022-04-05,한화에어로,52257,53785,53785,51850
2022-04-06,대한항공,32200,31850,32550,31800
2022-04-06,신한지주,40800,39900,41050,39900
2022-04-06,하이닉스,113000,114500,115500,113000
2022-04-06,한화에어로,52869,51850,53174,51748
2022-04-07,대한항공,31800,32200,32350,31550
2022-04-07,신한지주,40300,40000,40900,40000
2022-04-07,하이닉스,113500,111500,114500,110500
2022-04-07,한화에어로,51341,52257,52767,51035
2022-04-08,대한항공,31650,31850,31900,30950
2022-04-08,신한지주,40250,40200,40500,40000
2022-04-08,하이닉스,112000,113000,114000,110500
2022-04-08,한화에어로,51646,51952,52461,51137
2022-04-11,대한항공,31100,31700,31750,30900
2022-04-11,신한지주,41150,40300,41150,40250
2022-04-11,하이닉스,111500,111000,113000,110500
2022-04-11,한화에어로,51952,51748,52563,51646
2022-04-12,대한항공,31150,30900,31450,30850
2022-04-12,신한지주,40950,41100,41500,40850
2022-04-12,하이닉스,111000,110500,113000,110500
2022-04-12,한화에어로,51748,51442,52359,51239
2022-04-13,대한항공,31300,31200,31350,30750
2022-04-13,신한지주,40450,40850,40850,40250
2022-04-13,하이닉스,113000,112000,113000,111000
2022-04-13,한화에어로,53480,51850,53683,51850
2022-04-14,대한항공,31550,31950,32150,31300
2022-04-14,신한지주,40750,40350,41100,40250
2022-04-14,하이닉스,110000,113000,113000,110000
2022-04-14,한화에어로,52970,53582,53887,52869
2022-04-15,대한항공,31450,31250,31950,31150
2022-04-15,신한지주,40300,40350,40800,40150
2022-04-15,하이닉스,108000,108000,108500,107000
2022-04-15,한화에어로,54193,52767,54804,52155
2022-04-18,대한항공,31300,31700,32100,31300
2022-04-18,신한지주,40150,40050,40400,39900
2022-04-18,하이닉스,109000,107000,109500,106500
2022-04-18,한화에어로,55211,54295,55415,54193
2022-04-19,대한항공,31350,31300,31500,31000
2022-04-19,신한지주,40650,40350,40800,40250
2022-04-19,하이닉스,112500,110000,112500,109500
2022-04-19,한화에어로,55008,55211,55313,54193
2022-04-20,대한항공,31450,31700,31800,31400
2022-04-20,신한지주,40950,40300,41400,40250
2022-04-20,하이닉스,112500,112500,113000,111000
2022-04-20,한화에어로,53785,54600,54600,53276
2022-04-21,대한항공,31800,31600,31800,31150
2022-04-21,신한지주,41350,41300,41500,40950
2022-04-21,하이닉스,113000,112500,115000,112500
2022-04-21,한화에어로,53989,53785,54397,53480
2022-04-22,대한항공,31300,31600,31850,31200
2022-04-22,신한지주,42150,40850,42150,40800
2022-04-22,하이닉스,110500,110500,112000,110500
2022-04-22,한화에어로,53378,53276,53683,53072
2022-04-25,대한항공,29950,30700,30700,29900
2022-04-25,신한지주,42050,41850,42950,41550
2022-04-25,하이닉스,108000,109000,109500,108000
2022-04-25,한화에어로,52665,52155,53683,52054
2022-04-26,대한항공,30300,30050,30450,29900
2022-04-26,신한지주,41700,42300,42300,41600
2022-04-26,하이닉스,111000,109500,111000,108000
2022-04-26,한화에어로,53480,53174,53989,52563
2022-04-27,대한항공,29800,29400,29950,29300
2022-04-27,신한지주,41200,41100,41350,40600
2022-04-27,하이닉스,108500,108000,109500,107500
2022-04-27,한화에어로,53378,52359,53683,52155
2022-04-28,대한항공,29950,29900,30050,29600
2022-04-28,신한지주,42450,41000,42450,40600
2022-04-28,하이닉스,109500,109500,110000,108000
2022-04-28,한화에어로,53989,53683,53989,52665
2022-04-29,대한항공,30150,30050,30150,29800
2022-04-29,신한지주,42150,41700,42400,41650
2022-04-29,하이닉스,112500,110000,112500,109500
2022-04-29,한화에어로,54295,53989,54397,53276
2022-05-02,대한항공,29950,29900,30100,29700
2022-05-02,신한지주,41700,41650,41900,41200
2022-05-02,하이닉스,110500,110000,111500,110000
2022-05-02,한화에어로,55517,53887,56943,53887
2022-05-03,대한항공,30000,30000,30150,29900
2022-05-03,신한지주,41650,41250,42100,41250
2022-05-03,하이닉스,110000,111000,112000,109500
2022-05-03,한화에어로,57045,55925,57452,55211
2022-05-04,대한항공,29850,30100,30150,29650
2022-05-04,신한지주,42500,42000,42500,41650
2022-05-04,하이닉스,109500,110500,111000,108500
2022-05-04,한화에어로,58064,57351,58675,56536
2022-05-06,대한항공,30500,29950,30600,29900
2022-05-06,신한지주,42250,42450,42600,41650
2022-05-06,하이닉스,107500,108000,108500,106500
2022-05-06,한화에어로,58064,57351,58573,57045
2022-05-09,대한항공,29600,30500,30550,29600
2022-05-09,신한지주,42400,42050,42700,42050
2022-05-09,하이닉스,107500,107000,109000,106500
2022-05-09,한화에어로,57147,58064,58573,56739
2022-05-10,대한항공,29350,29000,29550,28550
2022-05-10,신한지주,41100,42300,42300,41000
2022-05-10,하이닉스,110000,107000,111000,107000
2022-05-10,한화에어로,56434,56026,56943,54804
2022-05-11,대한항공,29400,29450,29550,29200
2022-05-11,신한지주,40450,40850,40850,40200
2022-05-11,하이닉스,110500,110500,112500,108000
2022-05-11,한화에어로,53582,56434,56434,53582
2022-05-12,대한항공,28450,29100,29200,28450
2022-05-12,신한지주,41000,40050,41500,40050
2022-05-12,하이닉스,109000,109500,111500,108500
2022-05-12,한화에어로,53174,53378,54397,53072
2022-05-13,대한항공,29150,28450,29150,28450
2022-05-13,신한지주,42300,41400,42400,40850
2022-05-13,하이닉스,112500,109000,112500,109000
2022-05-13,한화에어로,53887,53378,53989,52767
2022-05-16,대한항공,28900,29300,29450,28900
2022-05-16,신한지주,42350,42050,42450,41950
2022-05-16,하이닉스,110500,113500,114000,110000
2022-05-16,한화에어로,53276,54600,54702,53174
2022-05-17,대한항공,28900,29000,29100,28800
2022-05-17,신한지주,42400,42350,42650,42050
2022-05-17,하이닉스,112500,111000,113000,110500
2022-05-17,한화에어로,53276,53276,53989,52665
2022-05-18,대한항공,29450,29300,29500,29150
2022-05-18,신한지주,42050,42400,42600,42050
2022-05-18,하이닉스,113500,114000,115000,113000
2022-05-18,한화에어로,52563,53683,53683,52461
2022-05-19,대한항공,28750,28750,29000,28700
2022-05-19,신한지주,40700,41100,41400,40650
2022-05-19,하이닉스,111000,110500,112500,110000
2022-05-19,한화에어로,51748,51341,52054,51239
2022-05-20,대한항공,28800,28900,29000,28750
2022-05-20,신한지주,41700,40700,42000,40700
2022-05-20,하이닉스,112500,111500,113000,111000
2022-05-20,한화에어로,52155,51952,52665,51646
2022-05-23,대한항공,28750,28950,28950,28600
2022-05-23,신한지주,41600,42000,42000,41200
2022-05-23,하이닉스,113000,113000,113500,111000
2022-05-23,한화에어로,53072,53276,53887,52461
2022-05-24,대한항공,28650,28850,29150,28550
2022-05-24,신한지주,42000,41850,42650,41850
2022-05-24,하이닉스,108500,111500,112000,108500
2022-05-24,한화에어로,51952,52970,53480,51748
2022-05-25,대한항공,28500,28550,28700,28400
2022-05-25,신한지주,42350,42650,42650,42000
2022-05-25,하이닉스,108000,109500,110000,107000
2022-05-25,한화에어로,52563,52359,53174,51952
2022-05-26,대한항공,28600,28550,28800,28450
2022-05-26,신한지주,42350,42100,42650,41850
2022-05-26,하이닉스,103000,107500,108500,101500
2022-05-26,한화에어로,54193,53174,54600,52767
2022-05-27,대한항공,29450,28850,29500,28700
2022-05-27,신한지주,42900,42600,42950,42200
2022-05-27,하이닉스,106000,105500,107000,105000
2022-05-27,한화에어로,53276,54600,54702,53174
2022-05-30,대한항공,29400,29600,29850,29300
2022-05-30,신한지주,43200,43000,43450,42900
2022-05-30,하이닉스,107000,108000,108000,106000
2022-05-30,한화에어로,54804,53785,55313,53683
2022-05-31,대한항공,29050,29500,29500,29050
2022-05-31,신한지주,43050,43200,43450,42550
2022-05-31,하이닉스,108000,106500,108000,105500
2022-05-31,한화에어로,54906,54804,54906,54295
2022-06-02,대한항공,28950,29050,29100,28750
2022-06-02,신한지주,42350,43450,43450,42050
2022-06-02,하이닉스,107000,106000,107500,106000
2022-06-02,한화에어로,56943,55211,57249,54906
2022-06-03,대한항공,29300,29250,29450,28950
2022-06-03,신한지주,42450,42100,42950,42100
2022-06-03,하이닉스,107000,108000,108500,107000
2022-06-03,한화에어로,57147,57147,57351,55925
2022-06-07,대한항공,28850,29500,29500,28800
2022-06-07,신한지주,41700,42200,42250,41550
2022-06-07,하이닉스,104000,105500,106000,103500
2022-06-07,한화에어로,58064,57351,58879,57249
2022-06-08,대한항공,28650,28850,28950,28500
2022-06-08,신한지주,41800,41700,42200,41550
2022-06-08,하이닉스,106000,104500,107500,104500
2022-06-08,한화에어로,58267,58777,58777,56638
2022-06-09,대한항공,28500,28600,28600,28150
2022-06-09,신한지주,42500,41750,42500,41600
2022-06-09,하이닉스,105500,105500,107000,104500
2022-06-09,한화에어로,60305,58064,60508,57554
2022-06-10,대한항공,27900,28250,28250,27800
2022-06-10,신한지주,42200,41900,42300,41300
2022-06-10,하이닉스,103500,104000,104500,102500
2022-06-10,한화에어로,60203,59897,61935,59592
2022-06-13,대한항공,27000,27250,27400,26900
2022-06-13,신한지주,40550,41200,41650,40500
2022-06-13,하이닉스,99000,100000,101000,99000
2022-06-13,한화에어로,58777,59388,60610,58675
2022-06-14,대한항공,27750,26200,27900,26200
2022-06-14,신한지주,40950,40950,40950,39750
2022-06-14,하이닉스,99100,96900,99600,96800
2022-06-14,한화에어로,57962,57962,58471,56332
2022-06-15,대한항공,26900,27600,27700,26700
2022-06-15,신한지주,40750,40600,41250,40250
2022-06-15,하이닉스,97900,98500,98900,96700
2022-06-15,한화에어로,54498,58471,58777,54091
2022-06-16,대한항공,26700,27400,27500,26650
2022-06-16,신한지주,40550,41500,41600,40500
2022-06-16,하이닉스,97400,99900,101500,97100
2022-06-16,한화에어로,53378,53378,54804,52359
2022-06-17,대한항공,26800,25950,26900,25800
2022-06-17,신한지주,40050,40200,40650,39600
2022-06-17,하이닉스,96400,95100,96400,95000
2022-06-17,한화에어로,52155,51952,52970,51544
2022-06-20,대한항공,25500,27100,27150,25450
2022-06-20,신한지주,39750,39800,40400,39350
2022-06-20,하이닉스,94500,96700,96800,93100
2022-06-20,한화에어로,52257,54091,54193,51137
2022-06-21,대한항공,26050,25400,26150,25400
2022-06-21,신한지주,39600,40250,40250,39300
2022-06-21,하이닉스,95200,94700,95900,93900
2022-06-21,한화에어로,52665,52563,53072,50271
2022-06-22,대한항공,24900,26150,26200,24850
2022-06-22,신한지주,39050,39650,39650,37800
2022-06-22,하이닉스,92200,95700,95700,91700
2022-06-22,한화에어로,47673,53174,53276,47673
2022-06-23,대한항공,24650,24950,25350,24500
2022-06-23,신한지주,37750,38350,39250,37650
2022-06-23,하이닉스,90200,92100,93000,89700
2022-06-23,한화에어로,45738,47470,48539,45636
2022-06-24,대한항공,25000,24650,25250,24500
2022-06-24,신한지주,38700,37150,38750,37100
2022-06-24,하이닉스,91600,90500,92000,90500
2022-06-24,한화에어로,47826,45636,48488,45636
2022-06-27,대한항공,25250,25300,25450,24850
2022-06-27,신한지주,38500,38300,38850,37750
2022-06-27,하이닉스,95000,92700,96100,92600
2022-06-27,한화에어로,48692,48437,49252,47826
2022-06-28,대한항공,25400,25250,25550,25100
2022-06-28,신한지주,39000,38400,39000,37950
2022-06-28,하이닉스,95300,94500,95300,93700
2022-06-28,한화에어로,50271,48692,50475,48692
2022-06-29,대한항공,25400,24950,25600,24950
2022-06-29,신한지주,37850,38450,38600,37700
2022-06-29,하이닉스,94000,93300,94900,92900
2022-06-29,한화에어로,50424,49558,51952,49150
2022-06-30,대한항공,25200,25300,25600,25100
2022-06-30,신한지주,37050,37450,37900,36950
2022-06-30,하이닉스,91000,91500,93100,91000
2022-06-30,한화에어로,49609,50475,51239,49609
2022-07-01,대한항공,25400,25450,25750,25100
2022-07-01,신한지주,37900,37450,38250,37100
2022-07-01,하이닉스,87500,91000,92500,87100
2022-07-01,한화에어로,51341,50475,52563,50373
2022-07-04,대한항공,25100,25300,25550,24700
2022-07-04,신한지주,37250,37550,37900,36700
2022-07-04,하이닉스,89100,87500,89600,86300
2022-07-04,한화에어로,47826,51544,51646,47011
2022-07-05,대한항공,25450,25200,25700,25050
2022-07-05,신한지주,37300,37700,37800,36850
2022-07-05,하이닉스,92500,90400,93400,90400
2022-07-05,한화에어로,46858,47826,47826,44617
2022-07-06,대한항공,25700,25800,26250,25550
2022-07-06,신한지주,35450,36500,37000,35350
2022-07-06,하이닉스,92100,92800,93600,90900
2022-07-06,한화에어로,44872,46298,47368,44821
2022-07-07,대한항공,25650,26100,26150,25300
2022-07-07,신한지주,35050,35100,35700,34550
2022-07-07,하이닉스,93900,91300,95200,91300
2022-07-07,한화에어로,45432,45178,45585,44057
2022-07-08,대한항공,25150,25800,25800,25150
2022-07-08,신한지주,36250,35050,36400,34800
2022-07-08,하이닉스,94800,95900,96500,94500
2022-07-08,한화에어로,45432,46094,46247,45076
2022-07-11,대한항공,24150,25050,25100,24100
2022-07-11,신한지주,35850,35900,36400,35650
2022-07-11,하이닉스,93700,95000,95700,93500
2022-07-11,한화에어로,44923,45585,45636,44617
2022-07-12,대한항공,23650,23800,24050,23300
2022-07-12,신한지주,35600,35500,35800,35200
2022-07-12,하이닉스,93300,94000,94000,91700
2022-07-12,한화에어로,43140,44668,44770,42835
2022-07-13,대한항공,24750,24150,24850,24150
2022-07-13,신한지주,34600,36050,36050,34600
2022-07-13,하이닉스,94000,94600,96400,93800
2022-07-13,한화에어로,42427,42784,43191,41612
2022-07-14,대한항공,24850,24550,25050,24300
2022-07-14,신한지주,34000,34550,34700,33900
2022-07-14,하이닉스,94000,92800,95500,92300
2022-07-14,한화에어로,44108,41816,44566,41714
2022-07-15,대한항공,24350,24850,24950,24300
2022-07-15,신한지주,33400,33400,33800,32500
2022-07-15,하이닉스,98700,95900,99000,95500
2022-07-15,한화에어로,44057,44617,44668,42835
2022-07-18,대한항공,25200,24400,25350,24400
2022-07-18,신한지주,34650,34050,35000,33850
2022-07-18,하이닉스,101000,101000,103500,100000
2022-07-18,한화에어로,45127,44210,45534,44210
2022-07-19,대한항공,25200,24850,25300,24700
2022-07-19,신한지주,34600,34550,35200,34350
2022-07-19,하이닉스,100000,100000,100500,98700
2022-07-19,한화에어로,46604,46196,47622,45687
2022-07-20,대한항공,25500,25650,25700,25400
2022-07-20,신한지주,35550,35200,36000,35050
2022-07-20,하이닉스,102000,103000,104500,101000
2022-07-20,한화에어로,46655,47775,47775,45381
2022-07-21,대한항공,25350,25300,25500,25150
2022-07-21,신한지주,35850,35100,36000,34800
2022-07-21,하이닉스,102500,102000,103000,100500
2022-07-21,한화에어로,46502,46706,47062,46196
2022-07-22,대한항공,24950,25350,25500,24950
2022-07-22,신한지주,35650,35150,35800,35100
2022-07-22,하이닉스,100000,102500,102500,100000
2022-07-22,한화에어로,50831,46960,51137,46960
2022-07-25,대한항공,25100,25000,25200,24850
2022-07-25,신한지주,36000,35750,36600,35600
2022-07-25,하이닉스,100000,99100,101500,98900
2022-07-25,한화에어로,52665,51035,53480,50424
2022-07-26,대한항공,25050,25100,25250,24900
2022-07-26,신한지주,35750,35800,36000,35600
2022-07-26,하이닉스,100500,100500,101000,99100
2022-07-26,한화에어로,52461,52665,54397,52155
2022-07-27,대한항공,25200,25000,25200,24800
2022-07-27,신한지주,35650,35300,35900,35250
2022-07-27,하이닉스,100000,101000,101500,98600
2022-07-27,한화에어로,53174,53072,53785,51035
2022-07-28,대한항공,24950,25300,25450,24950
2022-07-28,신한지주,35700,35550,36150,35400
2022-07-28,하이닉스,99400,101000,101500,98900
2022-07-28,한화에어로,54702,53276,56026,52970
2022-07-29,대한항공,25300,25150,25350,25050
2022-07-29,신한지주,35700,36100,36150,35650
2022-07-29,하이닉스,97900,99900,100000,97400
2022-07-29,한화에어로,65602,55110,67741,54804
2022-08-01,대한항공,25100,25350,25350,25050
2022-08-01,신한지주,35050,35700,35750,34850
2022-08-01,하이닉스,97100,97200,98100,96500
2022-08-01,한화에어로,65704,64991,66824,64787
2022-08-02,대한항공,25000,25250,25300,24850
2022-08-02,신한지주,35150,35300,35400,34900
2022-08-02,하이닉스,96500,97200,97200,96200
2022-08-02,한화에어로,64787,65806,69880,64787
2022-08-03,대한항공,25100,25000,25200,24650
2022-08-03,신한지주,35250,35000,35250,34950
2022-08-03,하이닉스,97500,96900,97500,96100
2022-08-03,한화에어로,63972,64787,67028,63361
2022-08-04,대한항공,26400,25300,26650,25300
2022-08-04,신한지주,35450,35250,35450,35100
2022-08-04,하이닉스,97500,98000,98100,97100
2022-08-04,한화에어로,62953,64889,65296,62444
2022-08-05,대한항공,25750,26700,26750,25600
2022-08-05,신한지주,35850,35600,36300,35450
2022-08-05,하이닉스,98500,98100,98700,97400
2022-08-05,한화에어로,64991,63259,65907,61629
2022-08-08,대한항공,25650,25800,26300,25650
2022-08-08,신한지주,35950,35600,35950,35400
2022-08-08,하이닉스,96300,97700,97700,95800
2022-08-08,한화에어로,70899,66009,71917,65194
2022-08-09,대한항공,25900,25850,26000,25650
2022-08-09,신한지주,36150,36050,36350,35900
2022-08-09,하이닉스,95100,96000,96100,94500
2022-08-09,한화에어로,71306,70491,75177,69473
2022-08-10,대한항공,25550,25850,25950,25450
2022-08-10,신한지주,35800,35850,36150,35300
2022-08-10,하이닉스,91800,91800,93000,91800
2022-08-10,한화에어로,72019,70389,73853,70288
2022-08-11,대한항공,25950,25900,25950,25750
2022-08-11,신한지주,36300,36150,36350,35900
2022-08-11,하이닉스,93300,93500,94400,92600
2022-08-11,한화에어로,72019,72732,72936,70491
2022-08-12,대한항공,26200,26050,26200,25850
2022-08-12,신한지주,36100,36400,36850,36000
2022-08-12,하이닉스,93300,92800,94400,92600
2022-08-12,한화에어로,71612,71612,73649,71204
2022-08-16,대한항공,26600,26450,27050,26250
2022-08-16,신한지주,35750,36450,36500,35650
2022-08-16,하이닉스,96700,94500,97600,94400
2022-08-16,한화에어로,72019,72019,75381,71408
2022-08-17,대한항공,27000,26950,27050,26700
2022-08-17,신한지주,36050,35900,36300,35850
2022-08-17,하이닉스,97100,96800,97600,95900
2022-08-17,한화에어로,70491,72019,72427,69371
2022-08-18,대한항공,26500,26700,26800,26400
2022-08-18,신한지주,35500,35800,36050,35500
2022-08-18,하이닉스,95700,95900,96400,95300
2022-08-18,한화에어로,72732,71001,73853,69982
2022-08-19,대한항공,26200,26500,26600,26150
2022-08-19,신한지주,35700,35550,35800,35350
2022-08-19,하이닉스,96400,97000,97500,95900
2022-08-19,한화에어로,71917,73038,74057,71917
2022-08-22,대한항공,25850,25850,25900,25600
2022-08-22,신한지주,35450,35500,35550,34800
2022-08-22,하이닉스,95200,95200,95600,94000
2022-08-22,한화에어로,71612,71408,73649,71204
2022-08-23,대한항공,25300,25500,25700,25250
2022-08-23,신한지주,35300,35150,35450,35100
2022-08-23,하이닉스,93600,94100,95400,93600
2022-08-23,한화에어로,73751,72325,76603,71917
2022-08-24,대한항공,25900,25400,26000,25200
2022-08-24,신한지주,36100,35500,36250,35350
2022-08-24,하이닉스,93200,93900,94200,93000
2022-08-24,한화에어로,77215,74770,78946,73751
2022-08-25,대한항공,26200,26250,26450,25900
2022-08-25,신한지주,36450,36200,36650,36100
2022-08-25,하이닉스,94100,93600,94100,92100
2022-08-25,한화에어로,75687,77215,77215,74362
2022-08-26,대한항공,26350,26350,26550,26150
2022-08-26,신한지주,36350,36450,36600,36150
2022-08-26,하이닉스,95100,95400,96800,94700
2022-08-26,한화에어로,79863,77316,80067,75483
2022-08-29,대한항공,25550,25500,25850,25500
2022-08-29,신한지주,35500,35800,35900,35300
2022-08-29,하이닉스,92500,92700,93300,92000
2022-08-29,한화에어로,81085,78844,81697,78743
2022-08-30,대한항공,26100,25600,26150,25550
2022-08-30,신한지주,35850,35700,36050,35400
2022-08-30,하이닉스,93200,92700,93400,92400
2022-08-30,한화에어로,78335,81697,82410,77622
2022-08-31,대한항공,26850,25950,26850,25850
2022-08-31,신한지주,36600,35400,36600,35200
2022-08-31,하이닉스,95200,92600,95500,92100
2022-08-31,한화에어로,82919,78437,83530,76603
2022-09-01,대한항공,26150,26700,27050,26150
2022-09-01,신한지주,34900,35900,36400,34900
2022-09-01,하이닉스,92400,93900,93900,92300
2022-09-01,한화에어로,81289,83734,85975,81085
2022-09-02,대한항공,26150,26400,26550,25950
2022-09-02,신한지주,34600,34950,35050,34400
2022-09-02,하이닉스,91700,92700,93300,91600
2022-09-02,한화에어로,82104,82002,83428,79252
2022-09-05,대한항공,25550,26050,26100,25450
2022-09-05,신한지주,34750,34800,35250,34550
2022-09-05,하이닉스,91100,91800,92400,90400
2022-09-05,한화에어로,85669,82715,86688,81289
2022-09-06,대한항공,25600,25550,25750,25400
2022-09-06,신한지주,34650,34800,34950,34400
2022-09-06,하이닉스,91800,91900,92900,91100
2022-09-06,한화에어로,86994,86281,88012,85262
2022-09-07,대한항공,25300,25400,25450,24800
2022-09-07,신한지주,34250,34350,34450,33800
2022-09-07,하이닉스,90400,91100,91100,89900
2022-09-07,한화에어로,83938,86382,88420,82206
2022-09-08,대한항공,25300,25750,25850,25200
2022-09-08,신한지주,35050,34700,35050,34250
2022-09-08,하이닉스,90400,90500,91000,90000
2022-09-08,한화에어로,83123,84345,84753,80372
2022-09-13,대한항공,26400,25700,26450,25650
2022-09-13,신한지주,36000,35300,36100,35300
2022-09-13,하이닉스,94800,91700,95200,91700
2022-09-13,한화에어로,79048,83428,83530,75177
2022-09-14,대한항공,26000,25650,26000,25500
2022-09-14,신한지주,35400,35050,35800,35050
2022-09-14,하이닉스,93000,91700,93400,91300
2022-09-14,한화에어로,79965,76909,80882,75890
2022-09-15,대한항공,25650,26000,26100,25600
2022-09-15,신한지주,35800,35400,36200,35200
2022-09-15,하이닉스,92000,92900,93000,91500
2022-09-15,한화에어로,80169,80372,83428,78641
2022-09-16,대한항공,25900,25550,25950,25400
2022-09-16,신한지주,35900,35550,35950,35400
2022-09-16,하이닉스,91200,90900,91400,90000
2022-09-16,한화에어로,75788,79150,80474,75585
2022-09-19,대한항공,25050,25800,25850,25000
2022-09-19,신한지주,36100,35950,36150,35750
2022-09-19,하이닉스,90000,90800,91500,90000
2022-09-19,한화에어로,75177,76196,77724,73955
2022-09-20,대한항공,25850,25350,26150,25300
2022-09-20,신한지주,36550,36150,36700,36100
2022-09-20,하이닉스,88000,89000,90600,87500
2022-09-20,한화에어로,75992,75483,77215,74872
2022-09-21,대한항공,25900,25750,26500,25750
2022-09-21,신한지주,36150,36200,36700,36050
2022-09-21,하이닉스,88000,87500,88500,86300
2022-09-21,한화에어로,75177,75687,76094,73038
2022-09-22,대한항공,25550,25500,25850,25150
2022-09-22,신한지주,36050,36000,36100,35500
2022-09-22,하이닉스,86000,86300,86900,85900
2022-09-22,한화에어로,77826,76705,78641,73547
2022-09-23,대한항공,24100,25550,25550,24050
2022-09-23,신한지주,36950,36300,36950,35900
2022-09-23,하이닉스,83500,85500,86600,83300
2022-09-23,한화에어로,75483,78233,79048,74973
2022-09-26,대한항공,22650,23500,23700,22450
2022-09-26,신한지주,35350,36750,36800,35250
2022-09-26,하이닉스,82500,81500,83200,81500
2022-09-26,한화에어로,67334,74668,75585,66824
2022-09-27,대한항공,23150,22600,23150,22100
2022-09-27,신한지주,34500,35650,35850,34100
2022-09-27,하이닉스,82000,82200,82700,80700
2022-09-27,한화에어로,66213,67537,68454,64481
2022-09-28,대한항공,22300,22850,23100,21900
2022-09-28,신한지주,34250,34200,34450,33100
2022-09-28,하이닉스,81200,81900,83500,80500
2022-09-28,한화에어로,63768,66315,68963,63361
2022-09-29,대한항공,22100,22550,22850,22000
2022-09-29,신한지주,34300,34250,35100,34200
2022-09-29,하이닉스,80800,82500,82900,80500
2022-09-29,한화에어로,62953,64685,66519,62953
2022-09-30,대한항공,22100,21800,22350,21750
2022-09-30,신한지주,33500,34600,34700,33500
2022-09-30,하이닉스,83100,80900,83900,80400
2022-09-30,한화에어로,62648,62138,64685,60610
2022-10-04,대한항공,21700,22250,22300,21550
2022-10-04,신한지주,34500,33800,34850,33700
2022-10-04,하이닉스,86200,85200,87200,85200
2022-10-04,한화에어로,63972,63870,66213,61527
2022-10-05,대한항공,21900,22350,22350,21400
2022-10-05,신한지주,34900,34900,35350,34500
2022-10-05,하이닉스,89800,90000,90400,88100
2022-10-05,한화에어로,63157,65398,65500,61629
2022-10-06,대한항공,21950,21900,22200,21750
2022-10-06,신한지주,34700,34900,35100,34600
2022-10-06,하이닉스,89900,90900,92000,89800
2022-10-06,한화에어로,62851,63157,63564,61935
2022-10-07,대한항공,22450,21800,22500,21750
2022-10-07,신한지주,35450,34450,35650,34400
2022-10-07,하이닉스,91200,89600,91800,87800
2022-10-07,한화에어로,60508,62138,62546,58777
2022-10-11,대한항공,21400,22100,22150,21000
2022-10-11,신한지주,34650,35100,35350,34350
2022-10-11,하이닉스,90200,89700,91200,88000
2022-10-11,한화에어로,58777,61323,61731,58267
2022-10-12,대한항공,22100,21450,22100,21200
2022-10-12,신한지주,34950,34450,35100,34350
2022-10-12,하이닉스,94000,91000,94000,90900
2022-10-12,한화에어로,58573,58369,59490,56434
2022-10-13,대한항공,20700,22000,22000,20550
2022-10-13,신한지주,34900,34800,35500,34750
2022-10-13,하이닉스,94900,93400,94900,92800
2022-10-13,한화에어로,53582,57554,57860,53582
2022-10-14,대한항공,21050,21150,21250,20700
2022-10-14,신한지주,35700,35450,36250,35400
2022-10-14,하이닉스,95500,96000,96600,94300
2022-10-14,한화에어로,57758,55110,58980,54804
2022-10-17,대한항공,21350,20800,21500,20400
2022-10-17,신한지주,36200,35900,36450,35800
2022-10-17,하이닉스,95200,94600,95300,94000
2022-10-17,한화에어로,58267,58166,59592,54804
2022-10-18,대한항공,22550,21650,22650,21650
2022-10-18,신한지주,36750,36800,36950,36300
2022-10-18,하이닉스,95800,95900,96200,94600
2022-10-18,한화에어로,60508,59592,61629,58980
2022-10-19,대한항공,23200,22750,23400,22650
2022-10-19,신한지주,37050,37050,37650,36950
2022-10-19,하이닉스,92900,94700,94900,92700
2022-10-19,한화에어로,60508,61629,62444,59795
2022-10-20,대한항공,22750,22900,23450,22600
2022-10-20,신한지주,36550,36900,36950,36300
2022-10-20,하이닉스,90200,91000,91800,89000
2022-10-20,한화에어로,61222,62036,62851,60610
2022-10-21,대한항공,21700,22950,22950,21550
2022-10-21,신한지주,36350,36250,36600,35700
2022-10-21,하이닉스,90500,89800,91400,89700
2022-10-21,한화에어로,60101,61222,61527,59592
2022-10-24,대한항공,22000,22100,22450,21800
2022-10-24,신한지주,35700,36300,36700,35400
2022-10-24,하이닉스,91800,92200,93100,91200
2022-10-24,한화에어로,62648,61222,64074,61222
2022-10-25,대한항공,21750,22250,22250,21500
2022-10-25,신한지주,35900,35900,36300,35500
2022-10-25,하이닉스,93500,91900,94800,91000
2022-10-25,한화에어로,62138,63361,63768,61629
2022-10-26,대한항공,21950,21750,22100,21750
2022-10-26,신한지주,35250,35800,36200,35000
2022-10-26,하이닉스,93900,93300,95500,93200
2022-10-26,한화에어로,62851,62444,63768,62138
2022-10-27,대한항공,22900,22250,22900,22200
2022-10-27,신한지주,35950,35600,36000,35450
2022-10-27,하이닉스,90000,95100,95100,89800
2022-10-27,한화에어로,63870,62953,63870,62750
2022-10-28,대한항공,23150,22900,23500,22750
2022-10-28,신한지주,36600,36000,36650,35700
2022-10-28,하이닉스,83400,87100,87800,83000
2022-10-28,한화에어로,64991,63972,66417,63463
2022-10-31,대한항공,23100,23550,23550,22400
2022-10-31,신한지주,36300,36850,37050,36100
2022-10-31,하이닉스,82700,84300,85400,82400
2022-10-31,한화에어로,67537,66009,68250,61527
2022-11-01,대한항공,23450,23000,23550,22800
2022-11-01,신한지주,36450,36700,37100,36300
2022-11-01,하이닉스,83900,82700,83900,81400
2022-11-01,한화에어로,69473,67741,69880,66722
2022-11-02,대한항공,22850,23250,23350,22750
2022-11-02,신한지주,36000,36050,36250,35800
2022-11-02,하이닉스,84500,84200,85500,83600
2022-11-02,한화에어로,71917,69473,73547,68963
2022-11-03,대한항공,22800,22050,23100,22050
2022-11-03,신한지주,35550,35400,35800,34750
2022-11-03,하이닉스,82700,82600,83500,81900
2022-11-03,한화에어로,73242,71714,73955,70899
2022-11-04,대한항공,23950,23600,24000,23350
2022-11-04,신한지주,35750,35550,36000,35350
2022-11-04,하이닉스,84500,82700,84600,81700
2022-11-04,한화에어로,76400,73242,77113,73242
2022-11-07,대한항공,24100,24000,24300,23750
2022-11-07,신한지주,36600,36300,36600,35800
2022-11-07,하이닉스,86500,85400,86800,85000
2022-11-07,한화에어로,72325,79456,80678,71714
2022-11-08,대한항공,24650,24400,24800,24100
2022-11-08,신한지주,36550,36950,37000,36050
2022-11-08,하이닉스,87700,87600,89000,87400
2022-11-08,한화에어로,75177,72732,75483,71816
2022-11-09,대한항공,24700,24850,24900,24500
2022-11-09,신한지주,37400,36900,37600,36600
2022-11-09,하이닉스,89200,88100,89200,86600
2022-11-09,한화에어로,74464,75890,76196,73751
2022-11-10,대한항공,24550,24500,24950,24450
2022-11-10,신한지주,37550,37000,37550,36950
2022-11-10,하이닉스,89100,89000,90800,88300
2022-11-10,한화에어로,74464,73344,75483,73344
2022-11-11,대한항공,26500,25400,26600,25400
2022-11-11,신한지주,37200,38050,38200,37100
2022-11-11,하이닉스,93500,95200,95300,92500
2022-11-11,한화에어로,74464,75381,76400,73445
2022-11-14,대한항공,25800,26500,26650,25700
2022-11-14,신한지주,37250,37100,37500,37000
2022-11-14,하이닉스,90900,93900,93900,90900
2022-11-14,한화에어로,72223,74159,74159,71306
2022-11-15,대한항공,26150,25750,26200,25500
2022-11-15,신한지주,36800,37450,37450,36550
2022-11-15,하이닉스,91600,91300,92100,90400
2022-11-15,한화에어로,72019,72732,72732,70491
2022-11-16,대한항공,25750,26200,26250,25600
2022-11-16,신한지주,36650,36700,37000,36200
2022-11-16,하이닉스,91500,92000,92400,90300
2022-11-16,한화에어로,71306,73547,74057,70593
2022-11-17,대한항공,25300,25500,26000,25300
2022-11-17,신한지주,35850,36800,36800,35850
2022-11-17,하이닉스,87700,82400,88500,82000
2022-11-17,한화에어로,69575,71408,72019,69269
2022-11-18,대한항공,25200,25350,25700,25100
2022-11-18,신한지주,36300,35900,36650,35550
2022-11-18,하이닉스,88400,88700,91500,88100
2022-11-18,한화에어로,72732,69676,73751,67945
2022-11-21,대한항공,25150,25400,25550,24950
2022-11-21,신한지주,36500,36350,36650,36100
2022-11-21,하이닉스,86300,87600,87700,86100
2022-11-21,한화에어로,73445,73038,75381,72121
2022-11-22,대한항공,24300,25100,25100,24250
2022-11-22,신한지주,36450,36200,36550,36150
2022-11-22,하이닉스,85200,85500,86600,84900
2022-11-22,한화에어로,74159,73547,74668,73140
2022-11-23,대한항공,25100,24500,25150,24250
2022-11-23,신한지주,36400,36450,36600,36050
2022-11-23,하이닉스,85200,86100,86700,84900
2022-11-23,한화에어로,72325,74260,74362,71510
2022-11-24,대한항공,25050,25500,25500,24800
2022-11-24,신한지주,37050,36400,37050,36350
2022-11-24,하이닉스,86900,86900,87200,85700
2022-11-24,한화에어로,73445,72631,73547,72019
2022-11-25,대한항공,25050,25150,25300,24900
2022-11-25,신한지주,36550,37200,37300,36500
2022-11-25,하이닉스,85100,87200,87300,85100
2022-11-25,한화에어로,72834,73649,73751,72325
2022-11-28,대한항공,24550,25000,25000,24550
2022-11-28,신한지주,36300,36450,36550,36050
2022-11-28,하이닉스,83100,84100,84200,82900
2022-11-28,한화에어로,72834,73955,75585,72631
2022-11-29,대한항공,25200,24600,25750,24600
2022-11-29,신한지주,37350,36450,37500,36200
2022-11-29,하이닉스,83700,82700,83800,82100
2022-11-29,한화에어로,74770,72631,75992,72121
2022-11-30,대한항공,25450,25150,25450,24900
2022-11-30,신한지주,38100,37350,38100,37100
2022-11-30,하이닉스,85000,83200,85400,83100
2022-11-30,한화에어로,73955,75381,75381,73140
2022-12-01,대한항공,25500,25900,25900,25350
2022-12-01,신한지주,38350,38300,38500,38000
2022-12-01,하이닉스,84700,87300,87300,84600
2022-12-01,한화에어로,73547,74566,74770,72834
2022-12-02,대한항공,25000,25500,25500,25000
2022-12-02,신한지주,38100,37950,38350,37750
2022-12-02,하이닉스,81900,83900,83900,81800
2022-12-02,한화에어로,73344,73853,74770,72121
2022-12-05,대한항공,25650,25150,26000,24900
2022-12-05,신한지주,38200,37900,38350,37600
2022-12-05,하이닉스,81000,81900,82300,80700
2022-12-05,한화에어로,69880,73445,73955,69167
2022-12-06,대한항공,25150,25450,25750,25050
2022-12-06,신한지주,37900,38100,38500,37850
2022-12-06,하이닉스,81000,79900,81100,79800
2022-12-06,한화에어로,69371,68862,70389,68760
2022-12-07,대한항공,26050,25000,26300,24950
2022-12-07,신한지주,37250,37900,37900,37200
2022-12-07,하이닉스,78900,79900,80700,78700
2022-12-07,한화에어로,68352,68862,69473,67537
2022-12-08,대한항공,26000,26050,26050,25400
2022-12-08,신한지주,37400,37450,37750,37000
2022-12-08,하이닉스,78800,78200,79800,78200
2022-12-08,한화에어로,67741,67843,68250,66213
2022-12-09,대한항공,26050,26100,26300,25800
2022-12-09,신한지주,38000,37700,38650,37600
2022-12-09,하이닉스,81500,79400,81500,79300
2022-12-09,한화에어로,67537,67741,68250,66519
2022-12-12,대한항공,25600,25900,26050,25350
2022-12-12,신한지주,38500,38000,38750,37850
2022-12-12,하이닉스,81100,80100,81300,79500
2022-12-12,한화에어로,69371,67537,69880,67028
2022-12-13,대한항공,25550,25800,25900,25200
2022-12-13,신한지주,38350,38450,38650,37950
2022-12-13,하이닉스,82300,81300,82700,80500
2022-12-13,한화에어로,70899,69676,71306,69676
2022-12-14,대한항공,25250,25500,25650,25150
2022-12-14,신한지주,38050,38600,38600,37850
2022-12-14,하이닉스,81800,82100,82600,81100
2022-12-14,한화에어로,71306,71001,71612,70186
2022-12-15,대한항공,24850,25300,25500,24800
2022-12-15,신한지주,37700,37850,38000,37400
2022-12-15,하이닉스,80200,80600,81100,79900
2022-12-15,한화에어로,72631,71408,73955,71306
2022-12-16,대한항공,24700,24500,24750,24200
2022-12-16,신한지주,37450,37300,37600,37200
2022-12-16,하이닉스,78400,77700,79400,77500
2022-12-16,한화에어로,71816,71917,73853,71408
2022-12-19,대한항공,24600,24700,24950,24450
2022-12-19,신한지주,37500,37300,37900,37300
2022-12-19,하이닉스,79000,78300,80100,78300
2022-12-19,한화에어로,73038,72019,73445,71510
2022-12-20,대한항공,24450,24400,24900,24300
2022-12-20,신한지주,37800,37700,38100,37550
2022-12-20,하이닉스,78300,78200,78900,77800
2022-12-20,한화에어로,73649,73038,74770,72936
2022-12-21,대한항공,24550,24650,24700,24350
2022-12-21,신한지주,37950,38100,38250,37750
2022-12-21,하이닉스,78000,78500,79200,78000
2022-12-21,한화에어로,73649,74159,74362,72936
2022-12-22,대한항공,24900,24650,25000,24650
2022-12-22,신한지주,37900,37850,37900,37350
2022-12-22,하이닉스,79200,78500,79300,77900
2022-12-22,한화에어로,73038,73853,74057,72019
2022-12-23,대한항공,24400,24600,24850,24400
2022-12-23,신한지주,37550,37900,38100,37450
2022-12-23,하이닉스,77800,77800,78300,77300
2022-12-23,한화에어로,71510,72223,73445,71204
2022-12-26,대한항공,24300,24450,24750,24200
2022-12-26,신한지주,37200,37550,37650,37150
2022-12-26,하이닉스,77000,77700,77700,76500
2022-12-26,한화에어로,73242,71510,73344,70491
2022-12-27,대한항공,24200,24550,24650,24050
2022-12-27,신한지주,37600,37500,37750,37150
2022-12-27,하이닉스,77000,77500,77600,76500
2022-12-27,한화에어로,76196,73242,76298,72834
2022-12-28,대한항공,24300,24050,24400,23850
2022-12-28,신한지주,35900,36700,36700,35750
2022-12-28,하이닉스,76000,76800,77000,75400
2022-12-28,한화에어로,74260,75585,76400,73547
2022-12-29,대한항공,22950,24100,24150,22850
2022-12-29,신한지주,35200,35500,35900,35200
2022-12-29,하이닉스,75000,75200,75600,74700
2022-12-29,한화에어로,74973,73955,75890,73547
2023-01-02,대한항공,22700,22950,23150,22500
2023-01-02,신한지주,34300,35500,35550,34300
2023-01-02,하이닉스,75700,75100,76700,75000
2023-01-02,한화에어로,74973,75381,77418,73853
2023-01-03,대한항공,22600,22700,22850,22250
2023-01-03,신한지주,35000,34700,35250,34150
2023-01-03,하이닉스,75600,75600,76300,73100
2023-01-03,한화에어로,72732,74973,75788,71306
2023-01-04,대한항공,23050,22450,23150,22350
2023-01-04,신한지주,36400,34900,36450,34850
2023-01-04,하이닉스,81000,75400,81900,75200
2023-01-04,한화에어로,73140,72936,73445,70491
2023-01-05,대한항공,23250,23200,23500,22900
2023-01-05,신한지주,39450,37000,39700,37000
2023-01-05,하이닉스,81400,83300,83300,80800
2023-01-05,한화에어로,68047,73242,73751,66824
2023-01-06,대한항공,23150,23000,23500,22950
2023-01-06,신한지주,40600,39800,40800,39100
2023-01-06,하이닉스,83100,81400,83600,81100
2023-01-06,한화에어로,68250,67232,69473,67028
2023-01-09,대한항공,23850,23500,24000,23450
2023-01-09,신한지주,40350,41000,41050,39700
2023-01-09,하이닉스,86000,84900,86000,83500
2023-01-09,한화에어로,69269,68963,69982,68352
2023-01-10,대한항공,23700,23850,24100,23550
2023-01-10,신한지주,40900,40150,41000,39700
2023-01-10,하이닉스,86500,85500,87200,85000
2023-01-10,한화에어로,69269,69575,70797,68454
2023-01-11,대한항공,23700,23700,23950,23550
2023-01-11,신한지주,40000,40900,40900,39600
2023-01-11,하이닉스,87300,87800,88400,86500
2023-01-11,한화에어로,74973,70084,75177,69982
2023-01-12,대한항공,23600,23950,23950,23600
2023-01-12,신한지주,40050,40100,40400,39850
2023-01-12,하이닉스,86800,88100,88100,85800
2023-01-12,한화에어로,80169,75585,80169,74973
2023-01-13,대한항공,24400,24000,24650,24000
2023-01-13,신한지주,41050,40050,41350,39500
2023-01-13,하이닉스,85700,86800,87500,85400
2023-01-13,한화에어로,81697,80169,81900,79150
2023-01-16,대한항공,24400,24400,24500,24050
2023-01-16,신한지주,43800,41600,43900,41400
2023-01-16,하이닉스,85800,86000,86500,84900
2023-01-16,한화에어로,82308,81493,83836,79965
2023-01-17,대한항공,24450,24450,24550,24150
2023-01-17,신한지주,43300,43500,43900,43250
2023-01-17,하이닉스,86000,86400,87200,85700
2023-01-17,한화에어로,82410,82206,84753,81493
2023-01-18,대한항공,24750,24500,24900,24450
2023-01-18,신한지주,42700,43150,43150,42150
2023-01-18,하이닉스,85100,86400,86500,84500
2023-01-18,한화에어로,78641,82206,82715,78029
2023-01-19,대한항공,24700,24650,24900,24500
2023-01-19,신한지주,42450,42550,42700,42200
2023-01-19,하이닉스,85500,84000,85800,84000
2023-01-19,한화에어로,76909,78029,79456,76501
2023-01-20,대한항공,24500,24600,24650,24200
2023-01-20,신한지주,43300,42700,43400,42450
2023-01-20,하이닉스,87600,86300,87800,86100
2023-01-20,한화에어로,77520,76909,78029,75788
2023-01-25,대한항공,24300,24650,24700,24200
2023-01-25,신한지주,44050,44000,44150,43450
2023-01-25,하이닉스,91400,92000,92000,90600
2023-01-25,한화에어로,75992,78131,78641,75483
2023-01-26,대한항공,24350,24400,24450,24200
2023-01-26,신한지주,44900,44050,44900,43750
2023-01-26,하이닉스,92300,90800,92300,90100
2023-01-26,한화에어로,79048,75992,79659,75687
2023-01-27,대한항공,24800,24400,24900,24300
2023-01-27,신한지주,44750,44150,44750,44000
2023-01-27,하이닉스,91500,91300,92800,90300
2023-01-27,한화에어로,78946,79252,79659,77928
2023-01-30,대한항공,24300,24850,24950,24300
2023-01-30,신한지주,43250,44250,44300,43150
2023-01-30,하이닉스,90700,91300,91600,90000
2023-01-30,한화에어로,78539,78946,82715,77215
2023-01-31,대한항공,24250,24250,24600,24250
2023-01-31,신한지주,41550,42850,43250,41250
2023-01-31,하이닉스,88500,90800,90800,86800
2023-01-31,한화에어로,81900,78539,82308,77928
2023-02-01,대한항공,24350,24300,24650,24100
2023-02-01,신한지주,42450,41600,42450,41600
2023-02-01,하이닉스,91400,91200,91400,88500
2023-02-01,한화에어로,82308,82715,83428,81493
2023-02-02,대한항공,24000,24650,24700,24000
2023-02-02,신한지주,41250,42150,42200,41100
2023-02-02,하이닉스,93400,94900,94900,92700
2023-02-02,한화에어로,82002,82613,83123,80984
2023-02-03,대한항공,23850,24050,24100,23700
2023-02-03,신한지주,41650,41300,42300,40900
2023-02-03,하이닉스,92200,92400,93200,91300
2023-02-03,한화에어로,82919,81697,83836,81085
2023-02-06,대한항공,23750,23800,24000,23500
2023-02-06,신한지주,40950,40750,41450,40450
2023-02-06,하이닉스,89100,91400,92000,89100
2023-02-06,한화에어로,84956,81798,85975,80474
2023-02-07,대한항공,23450,23650,23700,23400
2023-02-07,신한지주,40800,40700,41250,40350
2023-02-07,하이닉스,90800,88800,91200,88800
2023-02-07,한화에어로,84956,85568,86586,83938
2023-02-08,대한항공,23650,23500,23800,23450
2023-02-08,신한지주,41550,41250,42750,41050
2023-02-08,하이닉스,94900,91700,95000,91600
2023-02-08,한화에어로,85466,85669,86382,84651
2023-02-09,대한항공,23650,23600,23850,23450
2023-02-09,신한지주,40000,41200,41950,39850
2023-02-09,하이닉스,94400,94800,94800,92600
2023-02-09,한화에어로,86179,85364,87197,85058
2023-02-10,대한항공,23400,23500,23950,23300
2023-02-10,신한지주,41100,40300,41150,40150
2023-02-10,하이닉스,93500,94300,94700,93100
2023-02-10,한화에어로,89540,85262,90661,85262
2023-02-13,대한항공,23450,23450,23500,23100
2023-02-13,신한지주,40800,41150,41650,40650
2023-02-13,하이닉스,90600,92000,92000,89900
2023-02-13,한화에어로,89133,89846,90966,88522
2023-02-14,대한항공,23300,23550,23650,23300
2023-02-14,신한지주,39450,41000,41200,39400
2023-02-14,하이닉스,93400,91800,93500,91600
2023-02-14,한화에어로,90661,89235,91883,88725
2023-02-15,대한항공,23100,23350,23500,23050
2023-02-15,신한지주,38050,39300,39350,37850
2023-02-15,하이닉스,91700,93800,94200,91200
2023-02-15,한화에어로,88725,90763,91476,87605
2023-02-16,대한항공,23400,23200,23600,23200
2023-02-16,신한지주,37900,38150,38300,37450
2023-02-16,하이닉스,92900,91900,93400,91600
2023-02-16,한화에어로,89337,88624,90559,87707
2023-02-17,대한항공,23650,23250,23700,23200
2023-02-17,신한지주,38350,37900,38950,37750
2023-02-17,하이닉스,92000,91400,92700,90900
2023-02-17,한화에어로,89846,88318,90763,86688
2023-02-20,대한항공,23450,23600,23600,23250
2023-02-20,신한지주,38800,38450,38950,38050
2023-02-20,하이닉스,92500,92700,93300,90700
2023-02-20,한화에어로,89031,90152,91476,88012
2023-02-21,대한항공,23500,23650,23700,23400
2023-02-21,신한지주,39050,38800,39400,38600
2023-02-21,하이닉스,91200,92500,92600,90900
2023-02-21,한화에어로,89438,88725,90152,88114
2023-02-22,대한항공,23000,23200,23400,23000
2023-02-22,신한지주,38300,38950,39200,38300
2023-02-22,하이닉스,89100,89900,90300,88500
2023-02-22,한화에어로,88216,88725,93004,87707
2023-02-23,대한항공,23050,23000,23350,23000
2023-02-23,신한지주,38650,38550,39200,38350
2023-02-23,하이닉스,92700,90000,93700,89600
2023-02-23,한화에어로,90661,88624,91068,87809
2023-02-24,대한항공,23050,23100,23350,23050
2023-02-24,신한지주,38750,38400,39250,38350
2023-02-24,하이닉스,91000,93500,94000,91000
2023-02-24,한화에어로,93921,90661,94226,90457
2023-02-27,대한항공,23050,22950,23100,22600
2023-02-27,신한지주,38450,38650,39050,38200
2023-02-27,하이닉스,90000,90100,90300,89100
2023-02-27,한화에어로,90661,94735,94735,88725
2023-02-28,대한항공,22750,23100,23300,22750
2023-02-28,신한지주,38850,38400,39000,38400
2023-02-28,하이닉스,89400,91000,91000,88700
2023-02-28,한화에어로,91680,91068,93615,90152
2023-03-02,대한항공,23500,23100,23750,23050
2023-03-02,신한지주,37700,38500,38850,37600
2023-03-02,하이닉스,88100,89400,90300,87500
2023-03-02,한화에어로,92596,92087,93208,89948
2023-03-03,대한항공,23400,23550,23650,23250
2023-03-03,신한지주,37050,37700,38050,37050
2023-03-03,하이닉스,87300,88500,89200,87200
2023-03-03,한화에어로,95449,92902,95652,92393
2023-03-06,대한항공,23700,23650,23700,23450
2023-03-06,신한지주,37050,37150,37400,36600
2023-03-06,하이닉스,89700,87900,89800,87500
2023-03-06,한화에어로,98199,95958,99727,95856
2023-03-07,대한항공,23450,23700,23700,23450
2023-03-07,신한지주,36800,36900,37200,36500
2023-03-07,하이닉스,88900,89700,90000,88800
2023-03-07,한화에어로,99116,98199,99931,97690
2023-03-08,대한항공,23800,23400,23850,23200
2023-03-08,신한지주,36600,37100,37600,36550
2023-03-08,하이닉스,86800,87700,87800,86400
2023-03-08,한화에어로,98097,97893,100338,97384
2023-03-09,대한항공,23550,23850,23900,23450
2023-03-09,신한지주,36400,36600,37200,36400
2023-03-09,하이닉스,85600,87300,87800,85300
2023-03-09,한화에어로,99014,98403,99421,96977
2023-03-10,대한항공,23100,23300,23350,23000
2023-03-10,신한지주,35800,36000,36050,35400
2023-03-10,하이닉스,83300,83800,84400,83100
2023-03-10,한화에어로,97384,98199,99625,96467
2023-03-13,대한항공,23150,23000,23250,22800
2023-03-13,신한지주,36050,35700,36150,35100
2023-03-13,하이닉스,84300,83200,84700,82400
2023-03-13,한화에어로,97384,96365,97690,93411
2023-03-14,대한항공,22250,22900,23100,22250
2023-03-14,신한지주,35100,35450,35900,35000
2023-03-14,하이닉스,81100,82600,83000,81100
2023-03-14,한화에어로,96773,97791,99421,95958
2023-03-15,대한항공,22150,22500,22700,22100
2023-03-15,신한지주,35450,35550,36050,35100
2023-03-15,하이닉스,79100,81900,82300,78800
2023-03-15,한화에어로,101153,98505,101866,97588
2023-03-16,대한항공,22350,21900,22400,21650
2023-03-16,신한지주,34450,35000,35150,34350
2023-03-16,하이닉스,79000,76700,80200,76700
2023-03-16,한화에어로,97588,101153,101561,95754
2023-03-17,대한항공,22700,22550,22900,22350
2023-03-17,신한지주,34550,34650,35050,34300
2023-03-17,하이닉스,84000,81200,84800,81100
2023-03-17,한화에어로,96875,98403,100949,96162
2023-03-20,대한항공,22750,22500,23000,22500
2023-03-20,신한지주,34700,34150,35150,33850
2023-03-20,하이닉스,83700,83800,85100,83000
2023-03-20,한화에어로,97486,96467,100236,96365
2023-03-21,대한항공,22700,22850,22950,22650
2023-03-21,신한지주,34950,34600,35300,34500
2023-03-21,하이닉스,83600,84100,85100,82900
2023-03-21,한화에어로,99218,98606,99829,98199
2023-03-22,대한항공,22700,22950,22950,22650
2023-03-22,신한지주,35450,35700,35850,35250
2023-03-22,하이닉스,86900,85200,87300,83800
2023-03-22,한화에어로,92596,99727,99727,90457
2023-03-23,대한항공,22750,22600,22900,22500
2023-03-23,신한지주,35750,35050,35950,35000
2023-03-23,하이닉스,88500,85400,88500,85100
2023-03-23,한화에어로,93819,92596,95041,91680
2023-03-24,대한항공,22800,22650,22800,22450
2023-03-24,신한지주,34550,35250,35250,34550
2023-03-24,하이닉스,87300,89100,90700,86700
2023-03-24,한화에어로,93411,94226,94837,92189
2023-03-27,대한항공,22550,22750,22750,22400
2023-03-27,신한지주,34850,34650,35050,34450
2023-03-27,하이닉스,85500,87500,87800,84700
2023-03-27,한화에어로,94634,93513,95245,92800
2023-03-28,대한항공,22700,22600,22800,22550
2023-03-28,신한지주,35950,35800,36150,35350
2023-03-28,하이닉스,88400,85300,88700,85200
2023-03-28,한화에어로,97078,94226,98505,94226
2023-03-29,대한항공,23000,22700,23200,22700
2023-03-29,신한지주,36200,36000,36250,35750
2023-03-29,하이닉스,86900,87400,88700,86500
2023-03-29,한화에어로,96569,97384,97486,95041
2023-03-30,대한항공,23400,23250,23500,23000
2023-03-30,신한지주,35100,35950,36000,34950
2023-03-30,하이닉스,88800,89900,90500,87700
2023-03-30,한화에어로,98403,96977,99421,96365
2023-03-31,대한항공,23200,23500,23500,23200
2023-03-31,신한지주,35350,34750,35450,34550
2023-03-31,하이닉스,88600,89200,89500,87600
2023-03-31,한화에어로,101051,98097,101866,97995
2023-04-03,대한항공,23150,23150,23350,23100
2023-04-03,신한지주,34550,35150,35250,34550
2023-04-03,하이닉스,87200,89700,89700,86600
2023-04-03,한화에어로,104515,101764,105635,101662
2023-04-04,대한항공,23150,23100,23350,23100
2023-04-04,신한지주,35150,34750,35150,34600
2023-04-04,하이닉스,84500,85700,85900,83700
2023-04-04,한화에어로,109506,105941,112053,105839
2023-04-05,대한항공,23000,23150,23300,23000
2023-04-05,신한지주,35050,35200,35350,34850
2023-04-05,하이닉스,84600,84300,85700,84100
2023-04-05,한화에어로,114090,110728,117044,110015
2023-04-06,대한항공,22800,22950,23000,22700
2023-04-06,신한지주,34300,35000,35200,34300
2023-04-06,하이닉스,83800,83900,84700,82700
2023-04-06,한화에어로,115312,115109,116127,112970
2023-04-07,대한항공,22750,22750,22950,22650
2023-04-07,신한지주,34900,34350,35000,34300
2023-04-07,하이닉스,89100,87900,89400,86000
2023-04-07,한화에어로,112970,114803,114803,110932
2023-04-10,대한항공,22700,22750,22900,22600
2023-04-10,신한지주,34550,34600,35050,34500
2023-04-10,하이닉스,90700,88700,92500,88500
2023-04-10,한화에어로,119489,113275,121017,111747
2023-04-11,대한항공,23050,22850,23150,22700
2023-04-11,신한지주,34650,34600,34850,34400
2023-04-11,하이닉스,91800,90700,92200,89900
2023-04-11,한화에어로,114599,121832,122341,112155
2023-04-12,대한항공,23100,23100,23200,22900
2023-04-12,신한지주,34700,34650,35000,34500
2023-04-12,하이닉스,90300,91900,92000,89700
2023-04-12,한화에어로,114701,114599,118776,113581
2023-04-13,대한항공,23250,22900,23250,22900
2023-04-13,신한지주,34900,34500,34900,34300
2023-04-13,하이닉스,88700,89500,90300,88200
2023-04-13,한화에어로,113886,114701,115007,111747
2023-04-14,대한항공,23150,23250,23300,23050
2023-04-14,신한지주,35350,35000,35650,34950
2023-04-14,하이닉스,89300,90100,90300,88600
2023-04-14,한화에어로,109812,113886,114294,108487
2023-04-17,대한항공,23350,23100,23350,22900
2023-04-17,신한지주,35500,35700,35950,35300
2023-04-17,하이닉스,88500,89000,89000,87700
2023-04-17,한화에어로,112358,110627,113275,110525
2023-04-18,대한항공,23200,23250,23300,22950
2023-04-18,신한지주,35250,35600,35600,35050
2023-04-18,하이닉스,87600,89300,89300,87300
2023-04-18,한화에어로,110932,112358,112868,109302
2023-04-19,대한항공,23450,23200,23550,23100
2023-04-19,신한지주,35650,35300,35900,35250
2023-04-19,하이닉스,88200,88000,88500,86600
2023-04-19,한화에어로,110321,111543,112664,108997
2023-04-20,대한항공,23550,23550,23950,23300
2023-04-20,신한지주,35900,35450,35900,35300
2023-04-20,하이닉스,87700,86600,88400,86200
2023-04-20,한화에어로,109710,111136,114294,108997
2023-04-21,대한항공,23250,23450,23500,23000
2023-04-21,신한지주,35850,35800,35900,35500
2023-04-21,하이닉스,89100,87700,89800,87200
2023-04-21,한화에어로,108487,110423,110525,105533
2023-04-24,대한항공,22950,23250,23250,22900
2023-04-24,신한지주,35350,35850,36000,35250
2023-04-24,하이닉스,87200,88100,88800,87000
2023-04-24,한화에어로,108284,109914,115822,107367
2023-04-25,대한항공,22700,22800,23000,22700
2023-04-25,신한지주,35650,35550,36100,35350
2023-04-25,하이닉스,85500,87500,87800,83700
2023-04-25,한화에어로,112562,109608,115109,107672
2023-04-26,대한항공,22650,22950,22950,22600
2023-04-26,신한지주,35350,35450,35550,34800
2023-04-26,하이닉스,87400,86400,88700,86200
2023-04-26,한화에어로,109914,113275,113275,103496
2023-04-27,대한항공,22650,22650,22800,22350
2023-04-27,신한지주,34900,35000,35250,34550
2023-04-27,하이닉스,88800,87900,89200,86000
2023-04-27,한화에어로,113071,107367,116637,104515
2023-04-28,대한항공,22850,22650,22850,22450
2023-04-28,신한지주,34950,34950,35600,34800
2023-04-28,하이닉스,89500,90800,91400,88700
2023-04-28,한화에어로,104617,114090,116127,103292
2023-05-02,대한항공,23100,22850,23100,22800
2023-05-02,신한지주,35450,34900,35450,34850
2023-05-02,하이닉스,90200,90900,90900,88900
2023-05-02,한화에어로,109608,103903,111034,103292
2023-05-03,대한항공,22950,22950,23150,22900
2023-05-03,신한지주,34850,35100,35150,34800
2023-05-03,하이닉스,89800,89000,90300,88600
2023-05-03,한화에어로,108895,109302,113377,108386
2023-05-04,대한항공,22850,23000,23000,22550
2023-05-04,신한지주,35050,34600,35150,34550
2023-05-04,하이닉스,88700,88900,89600,87500
2023-05-04,한화에어로,107061,108080,109914,105228
2023-05-08,대한항공,22850,22850,22950,22750
2023-05-08,신한지주,35750,35300,36000,35300
2023-05-08,하이닉스,88700,89700,90000,87700
2023-05-08,한화에어로,106959,108997,109404,106145
2023-05-09,대한항공,22700,22900,22950,22700
2023-05-09,신한지주,35550,35450,35700,35250
2023-05-09,하이닉스,87300,88400,88600,86700
2023-05-09,한화에어로,103903,107774,107774,103496
2023-05-10,대한항공,22650,22750,22850,22600
2023-05-10,신한지주,34800,35300,35450,34600
2023-05-10,하이닉스,86900,87200,87700,86300
2023-05-10,한화에어로,105024,105533,106959,104515
2023-05-11,대한항공,22800,22700,22950,22650
2023-05-11,신한지주,35300,35000,35850,34950
2023-05-11,하이닉스,86300,86900,87300,85000
2023-05-11,한화에어로,108487,105635,109099,104413
2023-05-12,대한항공,22700,22800,22850,22650
2023-05-12,신한지주,34650,35100,35350,34550
2023-05-12,하이닉스,87200,86300,87600,86200
2023-05-12,한화에어로,104922,109099,110117,103598
2023-05-15,대한항공,22600,22650,22650,22400
2023-05-15,신한지주,34750,34800,34800,34400
2023-05-15,하이닉스,86400,87000,87100,85500
2023-05-15,한화에어로,105533,104922,106043,103394
2023-05-16,대한항공,22500,22600,22800,22450
2023-05-16,신한지주,34550,34750,35100,34500
2023-05-16,하이닉스,90400,89500,90700,88500
2023-05-16,한화에어로,105431,105533,106246,104311
2023-05-17,대한항공,22500,22400,22600,22400
2023-05-17,신한지주,34600,34500,34850,34400
2023-05-17,하이닉스,91900,92000,92000,90300
2023-05-17,한화에어로,106043,102885,106348,102885
2023-05-18,대한항공,22300,22600,22600,22200
2023-05-18,신한지주,34900,34850,35050,34700
2023-05-18,하이닉스,93600,92800,94000,92000
2023-05-18,한화에어로,105839,106654,108487,105228
2023-05-19,대한항공,22350,22200,22400,22100
2023-05-19,신한지주,35200,34850,35250,34800
2023-05-19,하이닉스,97300,95000,97900,94900
2023-05-19,한화에어로,108895,106145,108997,105941
2023-05-22,대한항공,22600,22350,22700,22300
2023-05-22,신한지주,35300,35150,35600,35150
2023-05-22,하이닉스,98200,97700,99400,97100
2023-05-22,한화에어로,113071,110830,114905,110627
2023-05-23,대한항공,22550,22600,22800,22500
2023-05-23,신한지주,35250,35500,35600,35250
2023-05-23,하이닉스,97900,99000,99000,97000
2023-05-23,한화에어로,112970,114294,114396,110015
2023-05-24,대한항공,22350,22450,22550,22300
2023-05-24,신한지주,35400,35250,35450,35100
2023-05-24,하이닉스,97700,97400,97800,96300
2023-05-24,한화에어로,112766,113275,114090,111034
2023-05-25,대한항공,22050,22250,22300,22050
2023-05-25,신한지주,35000,35100,35300,34900
2023-05-25,하이닉스,103500,104300,104300,101100
2023-05-25,한화에어로,110015,111543,112460,109404
2023-05-26,대한항공,21900,22000,22050,21900
2023-05-26,신한지주,34800,34850,35200,34800
2023-05-26,하이닉스,109200,107500,110500,106100
2023-05-26,한화에어로,108487,111849,112970,107571
2023-05-30,대한항공,22100,21900,22150,21900
2023-05-30,신한지주,35200,34950,35450,34750
2023-05-30,하이닉스,110300,113200,113400,109500
2023-05-30,한화에어로,107571,109914,111034,106959
2023-05-31,대한항공,22100,22100,22300,22050
2023-05-31,신한지주,35050,35050,35700,35050
2023-05-31,하이닉스,108600,110000,110900,108500
2023-05-31,한화에어로,108080,107571,109812,106043
2023-06-01,대한항공,21800,22150,22200,21800
2023-06-01,신한지주,34700,35200,35350,34700
2023-06-01,하이닉스,110300,106000,110500,106000
2023-06-01,한화에어로,110015,108182,112868,108182
2023-06-02,대한항공,21750,21850,21900,21700
2023-06-02,신한지주,34950,34900,35150,34800
2023-06-02,하이닉스,110300,111000,112700,109200
2023-06-02,한화에어로,112868,110830,113275,110015
2023-06-05,대한항공,22050,21850,22100,21800
2023-06-05,신한지주,35250,35300,35600,35250
2023-06-05,하이닉스,108700,110100,110500,108500
2023-06-05,한화에어로,111238,113275,114498,110728
2023-06-07,대한항공,22500,22050,22650,22050
2023-06-07,신한지주,35200,35700,35700,35200
2023-06-07,하이닉스,108000,108700,109300,108000
2023-06-07,한화에어로,109812,111645,112970,109710
2023-06-08,대한항공,22300,22400,22450,22150
2023-06-08,신한지주,35300,35250,35400,35050
2023-06-08,하이닉스,109700,107000,109700,106700
2023-06-08,한화에어로,110219,110321,111442,109302
2023-06-09,대한항공,22500,22400,22550,22200
2023-06-09,신한지주,35700,35400,35750,35350
2023-06-09,하이닉스,115400,110300,115600,108300
2023-06-09,한화에어로,109099,110219,110321,108997
2023-06-12,대한항공,22600,22550,22600,22400
2023-06-12,신한지주,35250,35750,35850,35150
2023-06-12,하이닉스,114800,114400,115800,114000
2023-06-12,한화에어로,110219,110015,112460,109608
2023-06-13,대한항공,23400,22750,23450,22700
2023-06-13,신한지주,35050,35300,35350,34950
2023-06-13,하이닉스,119500,117000,120100,117000
2023-06-13,한화에어로,112053,110728,112460,107672
2023-06-14,대한항공,23350,23500,23550,23200
2023-06-14,신한지주,34800,34950,35000,34600
2023-06-14,하이닉스,118800,118800,119700,118100
2023-06-14,한화에어로,112766,112053,113886,111442
2023-06-15,대한항공,23150,23400,23500,23100
2023-06-15,신한지주,34800,34900,35000,34700
2023-06-15,하이닉스,119000,120200,121100,118000
2023-06-15,한화에어로,113479,112358,115924,111238
2023-06-16,대한항공,24250,23600,24350,23550
2023-06-16,신한지주,34800,35050,35250,34700
2023-06-16,하이닉스,118900,117300,119800,116300
2023-06-16,한화에어로,118980,114396,120202,114294
2023-06-19,대한항공,24400,24400,24650,24150
2023-06-19,신한지주,34550,34800,34900,34500
2023-06-19,하이닉스,114800,118000,118500,113500
2023-06-19,한화에어로,139862,120508,141390,120406
2023-06-20,대한항공,24300,24400,24600,24250
2023-06-20,신한지주,34600,34550,34800,34500
2023-06-20,하이닉스,116100,114000,117000,113200
2023-06-20,한화에어로,145159,139862,146891,138334
2023-06-21,대한항공,23650,24250,24250,23550
2023-06-21,신한지주,34250,34650,34650,34250
2023-06-21,하이닉스,115100,116200,117500,114600
2023-06-21,한화에어로,141390,146585,150151,140473
2023-06-22,대한항공,23300,23650,23700,23250
2023-06-22,신한지주,34750,34400,34750,34200
2023-06-22,하이닉스,114000,114200,115900,113400
2023-06-22,한화에어로,140270,142103,144650,137927
2023-06-23,대한항공,23650,23550,23850,23250
2023-06-23,신한지주,34400,34500,34700,34350
2023-06-23,하이닉스,113600,114000,115200,112500
2023-06-23,한화에어로,136908,139964,140066,135788
2023-06-26,대한항공,23650,23400,23750,23000
2023-06-26,신한지주,34650,34400,34850,34250
2023-06-26,하이닉스,113500,113100,113900,111200
2023-06-26,한화에어로,134056,135278,135889,131102
2023-06-27,대한항공,23750,23550,23800,23300
2023-06-27,신한지주,34650,34700,34800,34300
2023-06-27,하이닉스,113000,114000,114000,110800
2023-06-27,한화에어로,132935,133954,135889,131407
2023-06-28,대한항공,24200,24100,24550,24050
2023-06-28,신한지주,34700,34700,34900,34550
2023-06-28,하이닉스,114300,114200,115200,112800
2023-06-28,한화에어로,130083,133954,134463,129166
2023-06-29,대한항공,24100,24100,24400,23700
2023-06-29,신한지주,33850,34350,34500,33850
2023-06-29,하이닉스,116200,115200,117400,114500
2023-06-29,한화에어로,127536,129472,131000,126314
2023-06-30,대한항공,24350,24150,24450,23850
2023-06-30,신한지주,34000,34200,34450,33900
2023-06-30,하이닉스,115200,114600,115500,113200
2023-06-30,한화에어로,129777,128249,131305,127027
2023-07-03,대한항공,24500,24400,24550,24150
2023-07-03,신한지주,34500,34100,34500,34100
2023-07-03,하이닉스,117600,115300,118900,115300
2023-07-03,한화에어로,132528,130389,133241,127129
2023-07-04,대한항공,24900,24450,25000,24350
2023-07-04,신한지주,34100,34350,34500,34100
2023-07-04,하이닉스,117900,118200,118400,117200
2023-07-04,한화에어로,134158,133445,134769,130491
2023-07-05,대한항공,25700,24950,25800,24900
2023-07-05,신한지주,33750,34150,34450,33650
2023-07-05,하이닉스,116700,118100,118200,116100
2023-07-05,한화에어로,135176,134463,136297,132833
2023-07-06,대한항공,25500,25700,25800,25350
2023-07-06,신한지주,33050,33750,33750,32950
2023-07-06,하이닉스,113800,116000,116100,113100
2023-07-06,한화에어로,134056,135278,136297,132935
2023-07-07,대한항공,25050,25350,25450,24850
2023-07-07,신한지주,32500,32900,32950,32400
2023-07-07,하이닉스,111800,112700,113000,111200
2023-07-07,한화에어로,133954,133546,134565,131509
2023-07-10,대한항공,25250,25050,25550,24950
2023-07-10,신한지주,32700,33100,33200,32500
2023-07-10,하이닉스,110300,111800,112900,109700
2023-07-10,한화에어로,134260,138029,138130,133037
2023-07-11,대한항공,25550,25450,25700,25350
2023-07-11,신한지주,33150,33400,33550,32950
2023-07-11,하이닉스,113400,111500,113400,111200
2023-07-11,한화에어로,143835,134463,146585,132630
2023-07-12,대한항공,25850,25650,25950,25400
2023-07-12,신한지주,33350,33300,33450,32800
2023-07-12,하이닉스,115400,113200,115400,112800
2023-07-12,한화에어로,139760,145261,145363,138945
2023-07-13,대한항공,25550,26000,26000,25450
2023-07-13,신한지주,33350,33600,33900,33350
2023-07-13,하이닉스,114100,115400,117000,113600
2023-07-13,한화에어로,143835,140983,144650,139047
2023-07-14,대한항공,26100,25700,26200,25650
2023-07-14,신한지주,34100,33600,34350,33600
2023-07-14,하이닉스,118000,115500,120200,115300
2023-07-14,한화에어로,138334,144039,144344,137621
2023-07-17,대한항공,25750,26100,26100,25600
2023-07-17,신한지주,34050,34050,34300,33850
2023-07-17,하이닉스,117200,116900,118700,116000
2023-07-17,한화에어로,133445,137417,137417,133139
2023-07-18,대한항공,25750,25850,26150,25700
2023-07-18,신한지주,33600,34450,34450,33600
2023-07-18,하이닉스,117800,117500,119000,116700
2023-07-18,한화에어로,130694,133445,133852,129777
2023-07-19,대한항공,25450,25900,26000,25300
2023-07-19,신한지주,33550,33950,34150,33400
2023-07-19,하이닉스,117500,118700,119100,116700
2023-07-19,한화에어로,130287,131000,132732,129166
2023-07-20,대한항공,26250,25450,26400,25450
2023-07-20,신한지주,33800,33600,33950,33500
2023-07-20,하이닉스,116900,116500,117500,115200
2023-07-20,한화에어로,130287,129064,131815,128249
2023-07-21,대한항공,25950,26250,26250,25700
2023-07-21,신한지주,33950,34300,34450,33700
2023-07-21,하이닉스,115100,114700,115100,113200
2023-07-21,한화에어로,130694,130287,131305,128351
2023-07-24,대한항공,25600,25800,25850,25200
2023-07-24,신한지주,33300,33800,33950,33250
2023-07-24,하이닉스,114000,114100,114900,112900
2023-07-24,한화에어로,131509,130389,134260,129370
2023-07-25,대한항공,24750,25550,25900,24600
2023-07-25,신한지주,33050,33350,33550,32900
2023-07-25,하이닉스,113400,114000,114200,112200
2023-07-25,한화에어로,135482,131509,136602,131407
2023-07-26,대한항공,24150,24600,24750,23750
2023-07-26,신한지주,33400,32900,33650,32450
2023-07-26,하이닉스,113000,116000,116100,111300
2023-07-26,한화에어로,129166,137112,137214,127842
2023-07-27,대한항공,24700,24350,24900,24200
2023-07-27,신한지주,35150,33450,35150,33450
2023-07-27,하이닉스,124000,115000,124000,114100
2023-07-27,한화에어로,126620,142103,153818,125397
2023-07-28,대한항공,24550,24450,24850,24100
2023-07-28,신한지주,34900,34650,35050,34350
2023-07-28,하이닉스,128000,126200,129000,122000
2023-07-28,한화에어로,117655,128046,128148,117452
2023-07-31,대한항공,24600,24600,24800,24300
2023-07-31,신한지주,35050,34900,35150,34650
2023-07-31,하이닉스,123400,128000,128500,122500
2023-07-31,한화에어로,124480,119591,128148,119489
2023-08-01,대한항공,24850,24500,25000,24350
2023-08-01,신한지주,35950,35000,36000,34900
2023-08-01,하이닉스,125100,124000,126400,120700
2023-08-01,한화에어로,123767,124684,125499,121424
2023-08-02,대한항공,24050,24800,24800,24000
2023-08-02,신한지주,35600,35800,36000,35300
2023-08-02,하이닉스,119500,123300,124800,118700
2023-08-02,한화에어로,123054,123462,128861,121526
2023-08-03,대한항공,23900,24200,24600,23650
2023-08-03,신한지주,34950,35600,35700,34850
2023-08-03,하이닉스,120000,119000,121300,117200
2023-08-03,한화에어로,121221,123054,125295,120813
2023-08-04,대한항공,23950,23800,24100,23550
2023-08-04,신한지주,35100,34950,35450,34850
2023-08-04,하이닉스,120100,118300,120900,118100
2023-08-04,한화에어로,121832,121221,123462,120813
2023-08-07,대한항공,23750,23800,23950,23550
2023-08-07,신한지주,35550,35100,35750,34950
2023-08-07,하이닉스,121900,120600,124900,120500
2023-08-07,한화에어로,123156,123767,126416,121424
2023-08-08,대한항공,24550,23950,24950,23950
2023-08-08,신한지주,35650,35800,35800,35400
2023-08-08,하이닉스,118600,121900,122400,118300
2023-08-08,한화에어로,120915,122647,123054,119591
2023-08-09,대한항공,24150,24650,24650,24100
2023-08-09,신한지주,35100,35500,35700,35100
2023-08-09,하이닉스,118500,118500,119200,117200
2023-08-09,한화에어로,120202,120406,121017,117961
2023-08-10,대한항공,24850,24700,25150,24550
2023-08-10,신한지주,34800,34900,35450,34800
2023-08-10,하이닉스,118500,117400,118500,115100
2023-08-10,한화에어로,116840,119693,120100,116637
2023-08-11,대한항공,25000,25200,25600,24850
2023-08-11,신한지주,34800,34800,35650,34750
2023-08-11,하이닉스,115300,118000,119400,115200
2023-08-11,한화에어로,118674,116840,118878,116229
2023-08-14,대한항공,24800,25000,25300,24700
2023-08-14,신한지주,34950,34800,35150,34700
2023-08-14,하이닉스,114900,114600,117300,114000
2023-08-14,한화에어로,115822,118980,119183,114905
2023-08-16,대한항공,24350,24450,24600,24150
2023-08-16,신한지주,34550,34600,34700,34400
2023-08-16,하이닉스,115800,117200,118500,115000
2023-08-16,한화에어로,111238,114599,115924,111238
2023-08-17,대한항공,23900,24050,24200,23600
2023-08-17,신한지주,34750,34300,35050,34300
2023-08-17,하이닉스,114800,114300,115500,112500
2023-08-17,한화에어로,110117,109914,111951,108080
2023-08-18,대한항공,23650,23500,23900,23500
2023-08-18,신한지주,34800,34500,35300,34500
2023-08-18,하이닉스,117200,112600,118700,111800
2023-08-18,한화에어로,109608,109302,113479,109099
2023-08-21,대한항공,23200,23700,23800,23100
2023-08-21,신한지주,35100,35150,35350,34900
2023-08-21,하이닉스,116400,117300,118500,115600
2023-08-21,한화에어로,110932,109914,112562,109608
2023-08-22,대한항공,23300,23250,23450,23200
2023-08-22,신한지주,34950,34950,35200,34850
2023-08-22,하이닉스,116500,120000,120900,114900
2023-08-22,한화에어로,110932,110423,112460,105737
2023-08-23,대한항공,23300,23200,23500,23100
2023-08-23,신한지주,35050,34800,35300,34800
2023-08-23,하이닉스,116000,116200,116800,114100
2023-08-23,한화에어로,114396,111543,115312,111340
2023-08-24,대한항공,23350,23400,23450,23250
2023-08-24,신한지주,35050,35050,35350,35050
2023-08-24,하이닉스,120900,122300,123600,120300
2023-08-24,한화에어로,112766,114498,115924,110423
2023-08-25,대한항공,23150,23100,23250,23100
2023-08-25,신한지주,35200,34850,35400,34850
2023-08-25,하이닉스,116500,117400,118300,115300
2023-08-25,한화에어로,112053,112562,113581,111645
2023-08-28,대한항공,23150,23350,23400,23150
2023-08-28,신한지주,35550,35650,35800,35350
2023-08-28,하이닉스,115900,117000,117500,115500
2023-08-28,한화에어로,115211,113071,115516,112868
2023-08-29,대한항공,23200,23300,23400,23150
2023-08-29,신한지주,35600,35550,35800,35550
2023-08-29,하이닉스,118600,118300,120300,117100
2023-08-29,한화에어로,115414,115822,116331,113071
2023-08-30,대한항공,23050,23400,23450,23050
2023-08-30,신한지주,35400,35950,36050,35400
2023-08-30,하이닉스,119400,122400,122800,119400
2023-08-30,한화에어로,117350,117146,118063,114701
2023-08-31,대한항공,22800,23100,23150,22700
2023-08-31,신한지주,35550,35750,36000,35450
2023-08-31,하이닉스,121800,121000,122800,120000
2023-08-31,한화에어로,116331,117961,117961,115312
2023-09-01,대한항공,22800,22700,22950,22700
2023-09-01,신한지주,35450,35900,36000,35400
2023-09-01,하이닉스,120000,121400,122600,119600
2023-09-01,한화에어로,116739,116535,119795,116433
2023-09-04,대한항공,23100,22850,23150,22800
2023-09-04,신한지주,35700,35750,35750,35450
2023-09-04,하이닉스,119200,118300,119700,116200
2023-09-04,한화에어로,116637,117961,118878,116535
2023-09-05,대한항공,22850,23000,23100,22800
2023-09-05,신한지주,35550,35550,35900,35500
2023-09-05,하이닉스,119400,118100,121000,117700
2023-09-05,한화에어로,116840,117044,117961,115007
2023-09-06,대한항공,22400,22750,22800,22300
2023-09-06,신한지주,35700,35500,35950,35400
2023-09-06,하이닉스,118200,118600,120000,117800
2023-09-06,한화에어로,119795,116739,120508,115924
2023-09-07,대한항공,22500,22400,22700,22400
2023-09-07,신한지주,35700,35400,35850,35400
2023-09-07,하이닉스,118500,118200,120900,117100
2023-09-07,한화에어로,116127,119285,120609,114599
2023-09-08,대한항공,22750,22500,22800,22500
2023-09-08,신한지주,35750,35700,35850,35500
2023-09-08,하이닉스,113700,117000,117100,112800
2023-09-08,한화에어로,119489,115924,120508,115720
2023-09-11,대한항공,22550,22750,22750,22500
2023-09-11,신한지주,36450,35850,36500,35750
2023-09-11,하이닉스,115900,113700,116000,112900
2023-09-11,한화에어로,124073,120100,124786,119998
2023-09-12,대한항공,22650,22600,22900,22600
2023-09-12,신한지주,36000,36600,36650,35650
2023-09-12,하이닉스,116700,115400,117500,113900
2023-09-12,한화에어로,119489,124990,125805,119387
2023-09-13,대한항공,22700,22550,22700,22450
2023-09-13,신한지주,36750,35900,36750,35900
2023-09-13,하이닉스,118500,117900,120700,116900
2023-09-13,한화에어로,114294,119489,119489,113683
2023-09-14,대한항공,22700,22700,22800,22550
2023-09-14,신한지주,36650,37100,37100,36450
2023-09-14,하이닉스,122200,118600,122200,118600
2023-09-14,한화에어로,113173,114498,115516,112766
2023-09-15,대한항공,22950,22700,22950,22650
2023-09-15,신한지주,38000,36950,38200,36700
2023-09-15,하이닉스,122400,122900,124400,121600
2023-09-15,한화에어로,113581,115516,117146,113581
2023-09-18,대한항공,22550,22850,22900,22400
2023-09-18,신한지주,37700,37600,38000,36850
2023-09-18,하이닉스,119000,120300,122900,118800
2023-09-18,한화에어로,113071,113886,114803,113071
2023-09-19,대한항공,22600,22500,22650,22450
2023-09-19,신한지주,37350,37600,37850,37250
2023-09-19,하이닉스,119200,119400,121300,118600
2023-09-19,한화에어로,111340,113071,113275,109812
2023-09-20,대한항공,22650,22500,22650,22450
2023-09-20,신한지주,37800,37300,37850,37150
2023-09-20,하이닉스,118000,118900,119700,116700
2023-09-20,한화에어로,111442,110525,111747,109608
2023-09-21,대한항공,22450,22500,22600,22450
2023-09-21,신한지주,37500,37850,37850,37250
2023-09-21,하이닉스,116500,116000,116900,114100
2023-09-21,한화에어로,111238,111340,113071,110830
2023-09-22,대한항공,22150,22350,22350,22100
2023-09-22,신한지주,37450,37200,37550,37100
2023-09-22,하이닉스,117300,114300,117300,114200
2023-09-22,한화에어로,107774,110015,110627,105941
2023-09-25,대한항공,22050,22200,22250,22000
2023-09-25,신한지주,37100,37450,37500,36850
2023-09-25,하이닉스,117000,115900,117700,115700
2023-09-25,한화에어로,106348,107774,109506,106246
2023-09-26,대한항공,22000,22050,22100,21950
2023-09-26,신한지주,35600,36550,36700,35500
2023-09-26,하이닉스,115000,117000,117200,113300
2023-09-26,한화에어로,106145,106450,108895,105737
2023-09-27,대한항공,21750,21800,22000,21700
2023-09-27,신한지주,35600,35250,35850,35100
2023-09-27,하이닉스,114700,113000,115200,112300
2023-09-27,한화에어로,106552,105533,106858,104718
2023-10-04,대한항공,21000,21500,21550,21000
2023-10-04,신한지주,35050,35050,35350,34700
2023-10-04,하이닉스,115400,113000,116600,113000
2023-10-04,한화에어로,104107,106246,106246,103292
2023-10-05,대한항공,21200,21300,21350,21100
2023-10-05,신한지주,34300,35100,35300,34200
2023-10-05,하이닉스,120200,122900,122900,118100
2023-10-05,한화에어로,100542,103598,104718,100134
2023-10-06,대한항공,21050,21200,21250,21050
2023-10-06,신한지주,35350,34500,35600,34350
2023-10-06,하이닉스,120400,120200,121600,119000
2023-10-06,한화에어로,100644,100338,101662,99727
2023-10-10,대한항공,20500,20500,20850,20300
2023-10-10,신한지주,35550,36250,36350,35400
2023-10-10,하이닉스,119500,122800,124300,119500
2023-10-10,한화에어로,102885,108487,109404,101968
2023-10-11,대한항공,20450,20650,20850,20400
2023-10-11,신한지주,35500,35600,35800,35200
2023-10-11,하이닉스,119200,123000,123900,119200
2023-10-11,한화에어로,105533,103190,106246,100236
2023-10-12,대한항공,20600,20750,20750,20350
2023-10-12,신한지주,35550,35500,35700,35050
2023-10-12,하이닉스,124200,121100,124200,120500
2023-10-12,한화에어로,106959,106450,109200,105941
2023-10-13,대한항공,20150,20450,20550,20000
2023-10-13,신한지주,35500,35150,35950,35150
2023-10-13,하이닉스,124700,123100,126300,122500
2023-10-13,한화에어로,107978,105941,108284,104922
2023-10-16,대한항공,19780,20150,20150,19380
2023-10-16,신한지주,35500,35300,35950,35300
2023-10-16,하이닉스,124100,124700,125200,122400
2023-10-16,한화에어로,103292,107978,110525,103089
2023-10-17,대한항공,19880,19870,19970,19810
2023-10-17,신한지주,35300,36000,36000,35300
2023-10-17,하이닉스,130000,125000,130800,123500
2023-10-17,한화에어로,102172,103802,105330,101866
2023-10-18,대한항공,20150,19880,20150,19750
2023-10-18,신한지주,36400,35550,36550,35350
2023-10-18,하이닉스,130000,128600,130700,127200
2023-10-18,한화에어로,101662,102579,104922,100338
2023-10-19,대한항공,19630,19990,20100,19580
2023-10-19,신한지주,35950,36050,36200,35800
2023-10-19,하이닉스,125700,127600,128900,125100
2023-10-19,한화에어로,99116,100338,101153,98301
2023-10-20,대한항공,19350,19430,19590,19220
2023-10-20,신한지주,35950,35950,36050,35550
2023-10-20,하이닉스,126200,124300,127200,122800
2023-10-20,한화에어로,95754,98606,100542,94735
2023-10-23,대한항공,19570,19350,19650,19310
2023-10-23,신한지주,35100,35950,35950,35000
2023-10-23,하이닉스,124000,126800,127200,123500
2023-10-23,한화에어로,102172,91883,103089,91883
2023-10-24,대한항공,19820,19760,19850,19270
2023-10-24,신한지주,35000,35450,35500,34750
2023-10-24,하이닉스,126800,125400,127000,123900
2023-10-24,한화에어로,101662,102885,103802,98810
2023-10-25,대한항공,19890,19850,20150,19820
2023-10-25,신한지주,35350,34900,35500,34900
2023-10-25,하이닉스,127500,127500,129000,126100
2023-10-25,한화에어로,102885,102579,107978,101968
2023-10-26,대한항공,19590,19690,19820,19360
2023-10-26,신한지주,35050,35500,35500,35000
2023-10-26,하이닉스,120000,122100,124800,119500
2023-10-26,한화에어로,101459,101561,103598,99931
2023-10-27,대한항공,19670,19810,19870,19510
2023-10-27,신한지주,35000,35550,35800,34900
2023-10-27,하이닉스,119100,119800,120900,117500
2023-10-27,한화에어로,99421,101459,102172,99319
2023-10-30,대한항공,19900,19600,20300,19570
2023-10-30,신한지주,34100,34900,35100,33650
2023-10-30,하이닉스,119100,119100,121700,118700
2023-10-30,한화에어로,103598,99727,106654,99625
2023-10-31,대한항공,20500,20050,20550,20050
2023-10-31,신한지주,34750,34400,34850,34100
2023-10-31,하이닉스,116300,119800,120900,116300
2023-10-31,한화에어로,102885,103903,105126,100440
2023-11-01,대한항공,20200,20350,20450,19940
2023-11-01,신한지주,35000,34750,35100,34450
2023-11-01,하이닉스,120300,117900,120300,117000
2023-11-01,한화에어로,115618,105330,116229,104515
2023-11-02,대한항공,20150,20350,20550,20100
2023-11-02,신한지주,34500,35050,35500,34350
2023-11-02,하이닉스,125300,123900,125400,123100
2023-11-02,한화에어로,117554,117554,118878,113784
2023-11-03,대한항공,20450,20350,20500,20150
2023-11-03,신한지주,34900,34950,35050,34700
2023-11-03,하이닉스,125800,126500,127200,125000
2023-11-03,한화에어로,122239,117554,123258,117452
2023-11-06,대한항공,21150,20750,21150,20500
2023-11-06,신한지주,36100,35000,36100,34750
2023-11-06,하이닉스,133000,125800,133000,125800
2023-11-06,한화에어로,123971,124379,124582,120915
2023-11-07,대한항공,20850,21050,21050,20600
2023-11-07,신한지주,35050,35400,35650,34750
2023-11-07,하이닉스,130400,132000,133500,129300
2023-11-07,한화에어로,126212,123665,127231,123564
2023-11-08,대한항공,20800,21150,21200,20800
2023-11-08,신한지주,34900,35350,35450,34700
2023-11-08,하이닉스,127600,131600,132700,126600
2023-11-08,한화에어로,124073,126823,126925,122137
2023-11-09,대한항공,21650,20900,21700,20850
2023-11-09,신한지주,34800,34750,35150,34750
2023-11-09,하이닉스,128000,127700,129800,126700
2023-11-09,한화에어로,126620,123665,128148,123462
2023-11-10,대한항공,21300,21450,21550,21200
2023-11-10,신한지주,35300,34750,35400,34750
2023-11-10,하이닉스,130500,127900,130800,127000
2023-11-10,한화에어로,127129,125703,128046,124582
2023-11-13,대한항공,21100,21300,21400,20850
2023-11-13,신한지주,35400,35600,35600,35150
2023-11-13,하이닉스,131800,133000,134100,131000
2023-11-13,한화에어로,127435,127129,130083,126416
2023-11-14,대한항공,21400,21300,21700,21250
2023-11-14,신한지주,35700,35750,36000,35450
2023-11-14,하이닉스,130000,133500,133500,130000
2023-11-14,한화에어로,130185,128351,130898,127842
2023-11-15,대한항공,21950,21900,21950,21600
2023-11-15,신한지주,36300,36350,36400,35850
2023-11-15,하이닉스,134100,133900,134200,132100
2023-11-15,한화에어로,130898,130898,132120,128963
2023-11-16,대한항공,21950,21950,22350,21900
2023-11-16,신한지주,36350,36400,36600,36050
2023-11-16,하이닉스,132300,133000,134400,131200
2023-11-16,한화에어로,122749,129879,129981,121832
2023-11-17,대한항공,22550,22200,22700,22100
2023-11-17,신한지주,36100,36300,36500,35950
2023-11-17,하이닉스,129900,131500,132000,129100
2023-11-17,한화에어로,123564,122545,124175,118878
2023-11-20,대한항공,22350,22400,22550,22050
2023-11-20,신한지주,36300,36000,36500,35850
2023-11-20,하이닉스,131400,129300,132000,129300
2023-11-20,한화에어로,123564,123156,124277,121323
2023-11-21,대한항공,22600,22550,22850,22450
2023-11-21,신한지주,36950,36550,37000,36350
2023-11-21,하이닉스,132000,132000,133300,131600
2023-11-21,한화에어로,122239,123462,124582,122036
2023-11-22,대한항공,22350,22350,22600,22250
2023-11-22,신한지주,36850,36550,37000,36550
2023-11-22,하이닉스,131300,129600,131600,129500
2023-11-22,한화에어로,123156,122036,123971,121221
2023-11-23,대한항공,22800,22500,22800,22450
2023-11-23,신한지주,36950,36700,37350,36700
2023-11-23,하이닉스,130100,130600,131400,129500
2023-11-23,한화에어로,124175,124277,125193,122443
2023-11-24,대한항공,22400,22700,22800,22250
2023-11-24,신한지주,36750,37050,37100,36750
2023-11-24,하이닉스,128000,130600,131000,128000
2023-11-24,한화에어로,122341,124277,124582,122239
2023-11-27,대한항공,22050,22250,22350,21950
2023-11-27,신한지주,36750,36500,37000,36450
2023-11-27,하이닉스,130700,129200,130700,128400
2023-11-27,한화에어로,120609,123258,123462,120508
2023-11-28,대한항공,22350,22250,22500,22250
2023-11-28,신한지주,37000,37050,37100,36600
2023-11-28,하이닉스,131400,132100,132100,129900
2023-11-28,한화에어로,121730,121017,122137,120100
2023-11-29,대한항공,22100,22350,22350,22100
2023-11-29,신한지주,36300,36600,36950,36200
2023-11-29,하이닉스,130400,130200,131000,128900
2023-11-29,한화에어로,125397,122137,129064,120406
2023-11-30,대한항공,22450,22100,22450,21800
2023-11-30,신한지주,36900,36200,36900,36050
2023-11-30,하이닉스,133900,129900,133900,129900
2023-11-30,한화에어로,128249,124073,129676,124073
2023-12-01,대한항공,22350,22450,22800,22300
2023-12-01,신한지주,36400,36900,36950,36300
2023-12-01,하이닉스,132600,132200,133000,130800
2023-12-01,한화에어로,138538,128249,140983,128148
2023-12-04,대한항공,22600,22600,22750,22400
2023-12-04,신한지주,36750,36450,36750,36350
2023-12-04,하이닉스,131100,133400,134600,131100
2023-12-04,한화에어로,140881,138742,143122,137010
2023-12-05,대한항공,22450,22550,22600,22400
2023-12-05,신한지주,36700,36550,36850,36300
2023-12-05,하이닉스,125900,129700,130000,125400
2023-12-05,한화에어로,137621,139862,142714,136806
2023-12-06,대한항공,22300,22400,22500,22300
2023-12-06,신한지주,36700,36500,37000,36500
2023-12-06,하이닉스,125600,126800,127500,125400
2023-12-06,한화에어로,138436,136501,139862,134565
2023-12-07,대한항공,22550,22600,23350,22450
2023-12-07,신한지주,36350,36400,36700,36200
2023-12-07,하이닉스,125600,125600,127800,124500
2023-12-07,한화에어로,135889,138538,141594,134667
2023-12-08,대한항공,22700,22700,22900,22550
2023-12-08,신한지주,36650,36650,36800,36250
2023-12-08,하이닉스,127500,128100,129100,127500
2023-12-08,한화에어로,133750,132833,136806,129370
2023-12-11,대한항공,22700,22850,22850,22500
2023-12-11,신한지주,36600,36950,36950,36500
2023-12-11,하이닉스,128900,128700,129100,127300
2023-12-11,한화에어로,131102,136908,140270,128555
2023-12-12,대한항공,23050,22800,23100,22700
2023-12-12,신한지주,37150,36900,37150,36600
2023-12-12,하이닉스,131000,130600,131900,130500
2023-12-12,한화에어로,131102,127333,132120,125805
2023-12-13,대한항공,23050,23300,23350,22950
2023-12-13,신한지주,37050,37000,37350,36950
2023-12-13,하이닉스,131200,130000,132400,130000
2023-12-13,한화에어로,127333,130083,131204,126416
2023-12-14,대한항공,23250,23200,23450,23150
2023-12-14,신한지주,37900,37850,37900,37050
2023-12-14,하이닉스,136700,133700,138300,133600
2023-12-14,한화에어로,127435,125295,130185,125295
2023-12-15,대한항공,23850,23350,23850,23300
2023-12-15,신한지주,38900,38000,38900,37950
2023-12-15,하이닉스,140000,137000,140000,137000
2023-12-15,한화에어로,128249,127944,128555,126314
2023-12-18,대한항공,23300,23700,23750,23250
2023-12-18,신한지주,38700,38550,38700,38300
2023-12-18,하이닉스,140000,139000,140800,138900
2023-12-18,한화에어로,128046,128555,130287,127129
2023-12-19,대한항공,23450,23150,23450,23050
2023-12-19,신한지주,38450,38200,38750,38150
2023-12-19,하이닉스,138200,140000,140800,138100
2023-12-19,한화에어로,128249,128046,128351,126416
2023-12-20,대한항공,23600,23600,23750,23500
2023-12-20,신한지주,39400,38850,39450,38550
2023-12-20,하이닉스,140500,139900,140800,139300
2023-12-20,한화에어로,129472,128861,129574,127333
2023-12-21,대한항공,23850,23350,24000,23350
2023-12-21,신한지주,39300,38900,39400,38900
2023-12-21,하이닉스,140500,139200,140600,138100
2023-12-21,한화에어로,127740,129268,129370,127638
2023-12-22,대한항공,23700,23950,23950,23550
2023-12-22,신한지주,38800,39350,39500,38800
2023-12-22,하이닉스,140600,142700,143700,140600
2023-12-22,한화에어로,129981,127944,131509,127231
2023-12-26,대한항공,24000,23900,24100,23600
2023-12-26,신한지주,39100,39200,39300,38550
2023-12-26,하이닉스,140900,142000,142000,139400
2023-12-26,한화에어로,125193,129879,130083,125092
2023-12-27,대한항공,23450,23750,23800,23300
2023-12-27,신한지주,39000,38950,39000,38500
2023-12-27,하이닉스,140400,140800,141600,139200
2023-12-27,한화에어로,126823,125193,126823,125092
2023-12-28,대한항공,23900,23550,23900,23450
2023-12-28,신한지주,40150,39100,40150,38650
2023-12-28,하이닉스,141500,140900,141600,139500
2023-12-28,한화에어로,126823,127536,127536,125805
2024-01-02,대한항공,23900,23750,24000,23600
2024-01-02,신한지주,39350,39700,39800,38400
2024-01-02,하이닉스,142400,139700,142800,139700
2024-01-02,한화에어로,132120,127027,132120,126823
2024-01-03,대한항공,23000,23850,23900,23000
2024-01-03,신한지주,37900,38800,39200,37900
2024-01-03,하이닉스,136800,140000,140800,136800
2024-01-03,한화에어로,135788,131509,136704,129777
2024-01-04,대한항공,23000,22700,23100,22500
2024-01-04,신한지주,37300,37950,38000,37050
2024-01-04,하이닉스,136400,136800,138800,135800
2024-01-04,한화에어로,134769,136602,138742,132528
2024-01-05,대한항공,23050,23000,23150,22750
2024-01-05,신한지주,36850,37100,37300,36650
2024-01-05,하이닉스,137500,135800,137500,135800
2024-01-05,한화에어로,133546,135482,144854,131917
2024-01-08,대한항공,22700,23100,23150,22500
2024-01-08,신한지주,36950,37100,37350,36750
2024-01-08,하이닉스,136000,137500,137900,135400
2024-01-08,한화에어로,131407,133546,136093,130694
2024-01-09,대한항공,23600,23050,23600,22900
2024-01-09,신한지주,37250,37450,37500,36800
2024-01-09,하이닉스,137400,139000,139500,136600
2024-01-09,한화에어로,131611,133343,133343,131305
2024-01-10,대한항공,23600,23800,23900,23400
2024-01-10,신한지주,36750,37200,37550,36700
2024-01-10,하이닉스,133500,137700,138100,132100
2024-01-10,한화에어로,138844,132935,142001,132630
2024-01-11,대한항공,23150,23750,23800,23150
2024-01-11,신한지주,37200,37200,37850,36850
2024-01-11,하이닉스,136000,132400,137100,132400
2024-01-11,한화에어로,144650,139455,146993,138844
2024-01-12,대한항공,22850,23100,23100,22700
2024-01-12,신한지주,36650,37200,37250,36550
2024-01-12,하이닉스,134100,136400,137300,133400
2024-01-12,한화에어로,143937,145261,152290,142613
2024-01-15,대한항공,22950,23200,24300,22900
2024-01-15,신한지주,37200,36850,37350,36750
2024-01-15,하이닉스,134100,134800,135100,133300
2024-01-15,한화에어로,143428,145872,148215,141696
2024-01-16,대한항공,22650,22950,23100,22550
2024-01-16,신한지주,36850,36800,37100,36550
2024-01-16,하이닉스,132100,132600,133700,131100
2024-01-16,한화에어로,141288,142918,143937,140473
2024-01-17,대한항공,22100,22650,22750,22100
2024-01-17,신한지주,36550,37200,37600,36550
2024-01-17,하이닉스,131000,133800,134500,129000
2024-01-17,한화에어로,137519,140983,142001,135991
2024-01-18,대한항공,22250,22000,22550,21950
2024-01-18,신한지주,36350,36550,36600,36100
2024-01-18,하이닉스,136200,131500,136800,130600
2024-01-18,한화에어로,144039,137723,144955,137621
2024-01-19,대한항공,23000,22550,23000,22400
2024-01-19,신한지주,36800,36650,37100,36400
2024-01-19,하이닉스,141300,138700,141300,137400
2024-01-19,한화에어로,147298,145159,149641,142714
2024-01-22,대한항공,22500,23000,23000,22450
2024-01-22,신한지주,37150,37050,37350,36800
2024-01-22,하이닉스,142600,145200,145400,142300
2024-01-22,한화에어로,150864,148623,151781,145770
2024-01-23,대한항공,22500,22600,22650,22300
2024-01-23,신한지주,39000,38000,39000,37600
2024-01-23,하이닉스,140800,142300,142800,138300
2024-01-23,한화에어로,146280,151475,151984,145974
2024-01-24,대한항공,22300,22400,22500,22150
2024-01-24,신한지주,40050,38900,40450,38750
2024-01-24,하이닉스,141500,140000,141700,137600
2024-01-24,한화에어로,144344,144548,148113,142613
2024-01-25,대한항공,22500,22200,22500,22150
2024-01-25,신한지주,39650,39700,39900,39450
2024-01-25,하이닉스,137400,142700,143700,136900
2024-01-25,한화에어로,143122,144548,148317,142714
2024-01-26,대한항공,22600,22350,22700,22350
2024-01-26,신한지주,39800,39300,40050,39300
2024-01-26,하이닉스,136000,136200,138600,136000
2024-01-26,한화에어로,143224,142205,145974,141900
2024-01-29,대한항공,22400,22450,22600,22300
2024-01-29,신한지주,40500,39900,41000,39550
2024-01-29,하이닉스,135000,135500,137000,135000
2024-01-29,한화에어로,138029,144548,146891,138029
2024-01-30,대한항공,22450,22500,22600,22300
2024-01-30,신한지주,39950,40250,40600,39900
2024-01-30,하이닉스,136900,135300,137800,134400
2024-01-30,한화에어로,134361,138029,139760,133343
2024-01-31,대한항공,22500,22500,22500,22150
2024-01-31,신한지주,40850,39500,40950,39400
2024-01-31,하이닉스,134700,134800,136600,133600
2024-01-31,한화에어로,140677,135584,141085,134973
2024-02-01,대한항공,22700,23000,23350,22400
2024-02-01,신한지주,42500,41150,42500,41000
2024-02-01,하이닉스,132700,133100,135600,131700
2024-02-01,한화에어로,135074,138130,141900,133954
2024-02-02,대한항공,23150,22750,23200,22550
2024-02-02,신한지주,45300,43350,45450,41500
2024-02-02,하이닉스,134900,132300,135300,132200
2024-02-02,한화에어로,134667,135074,136908,133445
2024-02-05,대한항공,22850,23150,23200,22650
2024-02-05,신한지주,42700,44400,44400,41100
2024-02-05,하이닉스,132300,134900,135800,131700
2024-02-05,한화에어로,132935,134565,135482,132426
2024-02-06,대한항공,22900,22750,22900,22650
2024-02-06,신한지주,42150,42550,43300,41850
2024-02-06,하이닉스,138000,133700,138400,132000
2024-02-06,한화에어로,134463,132324,134973,129574
2024-02-07,대한항공,23050,23000,23150,22800
2024-02-07,신한지주,42850,41800,43150,41550
2024-02-07,하이닉스,138000,136600,138500,135500
2024-02-07,한화에어로,135482,136501,137927,134158
2024-02-08,대한항공,22850,23100,23100,22850
2024-02-08,신한지주,44150,42450,44350,42250
2024-02-08,하이닉스,142800,139000,143000,137900
2024-02-08,한화에어로,137316,137112,140575,136806
2024-02-13,대한항공,23650,23050,23750,23000
2024-02-13,신한지주,44500,44550,45750,44100
2024-02-13,하이닉스,150000,146800,150000,145000
2024-02-13,한화에어로,138436,139862,140779,137927
2024-02-14,대한항공,23300,23650,23700,23150
2024-02-14,신한지주,43800,44000,44450,43350
2024-02-14,하이닉스,148700,146300,149200,144900
2024-02-14,한화에어로,149030,138436,157892,136602
2024-02-15,대한항공,22900,23450,23500,22800
2024-02-15,신한지주,43000,44200,44500,42900
2024-02-15,하이닉스,148700,151300,152700,148000
2024-02-15,한화에어로,147604,149234,150253,147197
2024-02-16,대한항공,23100,23100,23150,22900
2024-02-16,신한지주,44500,43500,44500,43100
2024-02-16,하이닉스,146800,150600,150600,145700
2024-02-16,한화에어로,143937,147706,149438,143631
2024-02-19,대한항공,23400,23100,23400,23100
2024-02-19,신한지주,45050,45000,45500,44450
2024-02-19,하이닉스,151300,146200,153200,146000
2024-02-19,한화에어로,154735,144752,155346,144548
2024-02-20,대한항공,23600,23400,23600,23300
2024-02-20,신한지주,43250,45100,45150,42550
2024-02-20,하이닉스,149600,150300,151100,147500
2024-02-20,한화에어로,156772,155244,162986,154123
2024-02-21,대한항공,23500,23600,23750,23400
2024-02-21,신한지주,43050,43500,43650,42200
2024-02-21,하이닉스,149000,147100,152200,147100
2024-02-21,한화에어로,157281,158096,161967,153410
2024-02-22,대한항공,23450,23700,23700,23400
2024-02-22,신한지주,42600,42900,42950,41550
2024-02-22,하이닉스,156500,154500,156500,152600
2024-02-22,한화에어로,160948,159828,162273,156670
2024-02-23,대한항공,23200,23600,23600,23200
2024-02-23,신한지주,43300,42600,43600,42400
2024-02-23,하이닉스,161400,166900,166900,159800
2024-02-23,한화에어로,156976,161458,161560,153614
2024-02-26,대한항공,23000,23300,23300,23000
2024-02-26,신한지주,41350,42450,42500,39850
2024-02-26,하이닉스,161800,158400,164800,158400
2024-02-26,한화에어로,169302,158911,171237,158707
2024-02-27,대한항공,22600,23100,23150,22500
2024-02-27,신한지주,42000,41150,42600,40850
2024-02-27,하이닉스,153800,159000,160000,153300
2024-02-27,한화에어로,182442,170218,192833,170116
2024-02-28,대한항공,22700,22450,22750,22350
2024-02-28,신한지주,42900,41600,43000,41600
2024-02-28,하이닉스,158000,154500,159200,153800
2024-02-28,한화에어로,198130,183461,199556,183461
2024-02-29,대한항공,23000,22500,23450,22400
2024-02-29,신한지주,43550,42500,43800,42200
2024-02-29,하이닉스,156200,154900,158400,154500
2024-02-29,한화에어로,190999,199658,206788,189675
2024-03-04,대한항공,22600,23100,23200,22600
2024-03-04,신한지주,44200,44750,44750,43100
2024-03-04,하이닉스,166500,161000,168100,160700
2024-03-04,한화에어로,191101,193546,196602,188656
2024-03-05,대한항공,22450,22500,22800,22450
2024-03-05,신한지주,44050,44650,45350,44050
2024-03-05,하이닉스,165800,165100,169000,164100
2024-03-05,한화에어로,188758,189573,195481,187434
2024-03-06,대한항공,22250,22400,22450,22200
2024-03-06,신한지주,45600,44150,45650,44150
2024-03-06,하이닉스,162900,164100,165500,162700
2024-03-06,한화에어로,207807,188962,209335,188962
2024-03-07,대한항공,22200,22300,22400,22050
2024-03-07,신한지주,45400,44800,45950,44350
2024-03-07,하이닉스,164900,164500,165900,161000
2024-03-07,한화에어로,203732,210863,213919,199454
2024-03-08,대한항공,22200,22400,22500,22200
2024-03-08,신한지주,46000,45800,46450,45150
2024-03-08,하이닉스,171900,169800,174900,169300
2024-03-08,한화에어로,203732,206788,209335,200880
2024-03-11,대한항공,22450,22200,22450,22100
2024-03-11,신한지주,45700,45250,46150,45000
2024-03-11,하이닉스,166600,165000,168900,164700
2024-03-11,한화에어로,196602,202714,205770,195889
2024-03-12,대한항공,22250,22450,22450,22150
2024-03-12,신한지주,45500,45400,46950,45150
2024-03-12,하이닉스,165700,166100,167200,164000
2024-03-12,한화에어로,188758,196296,197518,186415
2024-03-13,대한항공,22200,22300,22300,22150
2024-03-13,신한지주,47600,45500,47600,45450
2024-03-13,하이닉스,163600,168600,169700,162000
2024-03-13,한화에어로,186517,189267,191508,182544
2024-03-14,대한항공,22250,22200,22250,22000
2024-03-14,신한지주,51500,47650,51500,47600
2024-03-14,하이닉스,161900,163600,164200,161100
2024-03-14,한화에어로,186008,188249,192120,185193
2024-03-15,대한항공,22150,22100,22150,21900
2024-03-15,신한지주,49600,50200,50600,49400
2024-03-15,하이닉스,161200,159600,162900,158600
2024-03-15,한화에어로,183461,187026,190490,183257
2024-03-18,대한항공,21800,22150,22150,21800
2024-03-18,신한지주,48950,49550,49700,47350
2024-03-18,하이닉스,164300,161200,164500,161000
2024-03-18,한화에어로,186619,185294,188249,183970
2024-03-19,대한항공,21350,21750,21800,21250
2024-03-19,신한지주,47850,48150,48500,47650
2024-03-19,하이닉스,160200,161700,161800,157600
2024-03-19,한화에어로,194055,192731,196500,190286
2024-03-20,대한항공,21400,21450,21650,21400
2024-03-20,신한지주,48800,48600,49850,48600
2024-03-20,하이닉스,156500,160200,161400,154100
2024-03-20,한화에어로,194972,196805,198639,192221
2024-03-21,대한항공,21750,21550,21800,21550
2024-03-21,신한지주,50900,49400,51000,49200
2024-03-21,하이닉스,170000,165200,171400,162600
2024-03-21,한화에어로,197315,196398,198028,193648
2024-03-22,대한항공,21800,21750,22100,21750
2024-03-22,신한지주,50600,50300,51000,49900
2024-03-22,하이닉스,169800,169000,173900,167400
2024-03-22,한화에어로,205770,199556,221049,199352
2024-03-25,대한항공,21800,21800,21950,21800
2024-03-25,신한지주,50600,50200,51000,49700
2024-03-25,하이닉스,169400,170500,174800,168500
2024-03-25,한화에어로,207298,211372,218503,205260
2024-03-26,대한항공,21800,21900,22000,21800
2024-03-26,신한지주,49750,49900,51400,49650
2024-03-26,하이닉스,176600,172000,179500,171900
2024-03-26,한화에어로,220031,211372,223087,210863
2024-03-27,대한항공,21800,21700,21900,21700
2024-03-27,신한지주,47000,47950,48350,46900
2024-03-27,하이닉스,181200,176700,183000,175600
2024-03-27,한화에어로,227161,227161,229199,217994
2024-03-28,대한항공,21700,21900,21900,21700
2024-03-28,신한지주,47200,47250,47600,47050
2024-03-28,하이닉스,178200,178000,182100,178000
2024-03-28,한화에어로,211372,223596,224105,210354
2024-03-29,대한항공,21700,21750,21900,21700
2024-03-29,신한지주,46000,47200,47500,45900
2024-03-29,하이닉스,183000,179200,183900,177600
2024-03-29,한화에어로,208316,212391,217484,207298
2024-04-01,대한항공,22050,21750,22100,21700
2024-04-01,신한지주,45550,46300,46500,45350
2024-04-01,하이닉스,185500,186400,190500,185000
2024-04-01,한화에어로,212900,210863,215956,208316
2024-04-02,대한항공,21650,22000,22050,21600
2024-04-02,신한지주,44900,45000,45450,44500
2024-04-02,하이닉스,186300,188000,190000,184400
2024-04-02,한화에어로,245497,215447,249572,204242
2024-04-03,대한항공,21500,21550,21550,21400
2024-04-03,신한지주,43500,44900,45100,43300
2024-04-03,하이닉스,179200,182000,183700,178200
2024-04-03,한화에어로,232255,245497,246007,220031
2024-04-04,대한항공,21250,21550,21600,21200
2024-04-04,신한지주,44550,44050,45150,44000
2024-04-04,하이닉스,188000,184400,188500,184000
2024-04-04,한화에어로,240404,229199,242951,224615
2024-04-05,대한항공,21100,21100,21300,21000
2024-04-05,신한지주,44100,43900,44750,43900
2024-04-05,하이닉스,182800,184800,187600,181800
2024-04-05,한화에어로,216466,229708,238876,213919
2024-04-08,대한항공,21150,21100,21150,20850
2024-04-08,신한지주,44400,44550,45000,44250
2024-04-08,하이닉스,181200,183900,183900,180000
2024-04-08,한화에어로,215956,215956,225124,213919
2024-04-09,대한항공,20950,21150,21300,20950
2024-04-09,신한지주,43600,44550,44800,43400
2024-04-09,하이닉스,182900,182300,185300,181700
2024-04-09,한화에어로,212900,213410,218503,209335
2024-04-11,대한항공,21000,20900,21050,20700
2024-04-11,신한지주,43100,41600,43750,41600
2024-04-11,하이닉스,188400,182900,188400,182400
2024-04-11,한화에어로,217994,210863,220540,210863
2024-04-12,대한항공,20500,20900,20950,20500
2024-04-12,신한지주,41850,42650,43100,41300
2024-04-12,하이닉스,187400,188700,191400,187000
2024-04-12,한화에어로,221049,220031,226143,217484
2024-04-15,대한항공,20300,20250,20450,20150
2024-04-15,신한지주,42150,41800,42400,40700
2024-04-15,하이닉스,188200,185400,188400,183000
2024-04-15,한화에어로,213919,225124,226652,213919
2024-04-16,대한항공,19980,20100,20200,19960
2024-04-16,신한지주,41050,41950,42050,40700
2024-04-16,하이닉스,179100,184400,185500,178300
2024-04-16,한화에어로,214938,214938,224615,210863
2024-04-17,대한항공,20150,19990,20450,19990
2024-04-17,신한지주,40550,41250,41450,40450
2024-04-17,하이닉스,178700,179600,182500,177700
2024-04-17,한화에어로,224105,216466,228689,211372
2024-04-18,대한항공,20550,20450,20900,20450
2024-04-18,신한지주,41900,40900,42400,40600
2024-04-18,하이닉스,182300,176000,183300,175400
2024-04-18,한화에어로,230217,225633,230727,222577
2024-04-19,대한항공,20250,20450,20500,20000
2024-04-19,신한지주,41750,41350,41850,40900
2024-04-19,하이닉스,173300,177200,178500,169500
2024-04-19,한화에어로,238367,233783,244988,230217
2024-04-22,대한항공,20750,20650,20800,20500
2024-04-22,신한지주,44300,43050,44650,43050
2024-04-22,하이닉스,171600,170700,172400,167000
2024-04-22,한화에어로,224105,240913,241932,223087
2024-04-23,대한항공,20800,20750,20800,20550
2024-04-23,신한지주,43900,43850,45150,43550
2024-04-23,하이닉스,171000,172600,173700,169700
2024-04-23,한화에어로,240913,228180,240913,227161
2024-04-24,대한항공,20750,20850,20850,20650
2024-04-24,신한지주,43300,44550,45200,43200
2024-04-24,하이닉스,179800,178900,180200,176300
2024-04-24,한화에어로,246007,239385,250591,235820
2024-04-25,대한항공,20600,20600,20750,20450
2024-04-25,신한지주,43500,42800,44200,42550
2024-04-25,하이닉스,170600,173800,176700,170600
2024-04-25,한화에어로,245497,243969,249063,239385
2024-04-26,대한항공,20800,20650,20800,20550
2024-04-26,신한지주,46750,44050,47800,43950
2024-04-26,하이닉스,177800,176200,178300,174900
2024-04-26,한화에어로,239385,247535,254156,236329
2024-04-29,대한항공,21050,20850,21100,20750
2024-04-29,신한지주,46850,46850,47350,46150
2024-04-29,하이닉스,175900,179100,180400,175600
2024-04-29,한화에어로,236329,239385,240404,232255
2024-04-30,대한항공,20950,21050,21250,20900
2024-04-30,신한지주,46650,47200,47550,46150
2024-04-30,하이닉스,174200,175900,179000,173800
2024-04-30,한화에어로,215447,235820,236839,215447
2024-05-02,대한항공,21200,21000,21300,20900
2024-05-02,신한지주,45800,45800,46600,45200
2024-05-02,하이닉스,173600,169000,174700,169000
2024-05-02,한화에어로,224615,215956,229199,213919
2024-05-03,대한항공,21300,21400,21400,21250
2024-05-03,신한지주,46450,46400,47050,45950
2024-05-03,하이닉스,173200,177000,177500,173200
2024-05-03,한화에어로,219522,226652,228180,219012
2024-05-07,대한항공,21500,21500,21600,21400
2024-05-07,신한지주,46250,46950,47400,45350
2024-05-07,하이닉스,179600,179400,180900,179300
2024-05-07,한화에어로,222577,221049,223087,215447
2024-05-08,대한항공,21800,21500,21800,21500
2024-05-08,신한지주,47300,46500,47750,46450
2024-05-08,하이닉스,178000,177600,179400,176000
2024-05-08,한화에어로,222577,222577,223087,216975
2024-05-09,대한항공,21900,21850,22100,21800
2024-05-09,신한지주,46500,46850,47550,46350
2024-05-09,하이닉스,175400,179000,179400,175400
2024-05-09,한화에어로,217994,223087,223087,216975
2024-05-10,대한항공,22000,22100,22200,22000
2024-05-10,신한지주,47750,47200,48350,47000
2024-05-10,하이닉스,179900,176500,180100,176400
2024-05-10,한화에어로,222068,221559,226652,221559
2024-05-13,대한항공,21950,22150,22200,21800
2024-05-13,신한지주,47750,47800,49300,47600
2024-05-13,하이닉스,183800,180000,184000,179000
2024-05-13,한화에어로,225633,222068,227161,220031
2024-05-14,대한항공,21900,21950,22000,21800
2024-05-14,신한지주,47500,48300,48350,47350
2024-05-14,하이닉스,185300,184200,185800,181800
2024-05-14,한화에어로,221049,225633,225633,220031
2024-05-16,대한항공,21850,22000,22100,21600
2024-05-16,신한지주,48150,48000,49200,47750
2024-05-16,하이닉스,193000,191100,194000,191100
2024-05-16,한화에어로,219012,223087,225124,217994
2024-05-17,대한항공,21700,21750,21900,21650
2024-05-17,신한지주,47700,47700,48200,47600
2024-05-17,하이닉스,189900,192000,193500,189900
2024-05-17,한화에어로,211882,219012,221049,211372
2024-05-20,대한항공,21700,21850,21850,21650
2024-05-20,신한지주,49000,48500,50200,48300
2024-05-20,하이닉스,190100,192300,193200,188600
2024-05-20,한화에어로,214428,211372,215956,204242
2024-05-21,대한항공,21400,21500,21600,21300
2024-05-21,신한지주,48900,48500,49400,48300
2024-05-21,하이닉스,192000,193400,193500,191200
2024-05-21,한화에어로,211372,214428,215956,209844
2024-05-22,대한항공,21150,21300,21350,21000
2024-05-22,신한지주,47850,49100,49100,47750
2024-05-22,하이닉스,197700,191900,197700,190900
2024-05-22,한화에어로,204751,211372,213410,204751
2024-05-23,대한항공,21200,21050,21400,21050
2024-05-23,신한지주,47550,47000,48000,46800
2024-05-23,하이닉스,200000,203500,204000,198200
2024-05-23,한화에어로,205260,204751,207298,197620
2024-05-24,대한항공,20900,21050,21150,20800
2024-05-24,신한지주,47400,46850,47850,46450
2024-05-24,하이닉스,198600,199800,202500,197500
2024-05-24,한화에어로,207807,202001,209844,199148
2024-05-27,대한항공,21050,20900,21100,20850
2024-05-27,신한지주,47000,47300,48050,46800
2024-05-27,하이닉스,201500,203500,209000,199100
2024-05-27,한화에어로,214938,208316,215956,208316
2024-05-28,대한항공,21000,21000,21100,20900
2024-05-28,신한지주,46550,46550,46900,46300
2024-05-28,하이닉스,202500,202500,205500,200500
2024-05-28,한화에어로,227161,219522,229199,214938
2024-05-29,대한항공,20650,20850,20900,20500
2024-05-29,신한지주,46300,46000,47000,45750
2024-05-29,하이닉스,202500,210000,210000,200500
2024-05-29,한화에어로,222068,227671,229708,219522
2024-05-30,대한항공,20400,20450,20600,20400
2024-05-30,신한지주,46000,45900,47200,45900
2024-05-30,하이닉스,195700,202500,202500,195700
2024-05-30,한화에어로,207807,221559,224615,207298
2024-05-31,대한항공,20850,20600,20950,20500
2024-05-31,신한지주,47150,46450,48350,46350
2024-05-31,하이닉스,189200,194400,195200,188200
2024-05-31,한화에어로,208826,212391,214428,207807
2024-06-03,대한항공,21450,21100,21450,21050
2024-06-03,신한지주,47000,48100,48250,46950
2024-06-03,하이닉스,194200,189500,194600,188200
2024-06-03,한화에어로,227161,216975,248044,213410
2024-06-04,대한항공,21800,21450,21900,21200
2024-06-04,신한지주,45400,46550,47100,45300
2024-06-04,하이닉스,193300,196400,196500,192900
2024-06-04,한화에어로,214938,224105,225633,213410
2024-06-05,대한항공,21800,21800,21950,21500
2024-06-05,신한지주,45550,45500,45900,44350
2024-06-05,하이닉스,193700,189400,195200,188800
2024-06-05,한화에어로,210354,214428,216466,209844
2024-06-07,대한항공,22150,21800,22300,21800
2024-06-07,신한지주,47100,46900,48200,46250
2024-06-07,하이닉스,207500,199500,207500,197300
2024-06-07,한화에어로,213410,214428,218503,212900
2024-06-10,대한항공,21950,21950,22200,21550
2024-06-10,신한지주,46200,46600,47300,45900
2024-06-10,하이닉스,208000,206000,209500,205000
2024-06-10,한화에어로,217994,211372,218503,210354
2024-06-11,대한항공,22150,22050,22250,21800
2024-06-11,신한지주,46200,46500,47000,46200
2024-06-11,하이닉스,212500,210000,215000,206000
2024-06-11,한화에어로,213919,220031,221559,212900
2024-06-12,대한항공,22250,22150,22300,22150
2024-06-12,신한지주,47800,45950,47800,45500
2024-06-12,하이닉스,215000,212000,216000,211000
2024-06-12,한화에어로,215956,214428,216975,212900
2024-06-13,대한항공,22350,22300,22600,22300
2024-06-13,신한지주,46950,47750,48450,46950
2024-06-13,하이닉스,222000,226000,226500,219000
2024-06-13,한화에어로,229199,217484,230217,215447
2024-06-14,대한항공,22250,22250,22550,22200
2024-06-14,신한지주,46950,46750,47650,46650
2024-06-14,하이닉스,221000,225000,225000,216000
2024-06-14,한화에어로,232764,229708,238876,226143
2024-06-17,대한항공,21850,22200,22300,21850
2024-06-17,신한지주,46200,46500,46900,45800
2024-06-17,하이닉스,223000,219000,229500,219000
2024-06-17,한화에어로,242951,236329,246007,232255
2024-06-18,대한항공,21750,21850,22000,21700
2024-06-18,신한지주,45700,46500,46750,45650
2024-06-18,하이닉스,234500,227000,234500,227000
2024-06-18,한화에어로,236839,243460,243460,234292
2024-06-19,대한항공,21550,21700,21750,21350
2024-06-19,신한지주,46350,46200,46400,45700
2024-06-19,하이닉스,233500,235000,243000,231500
2024-06-19,한화에어로,255684,238876,260777,237348
2024-06-20,대한항공,21400,21500,21650,21350
2024-06-20,신한지주,47650,46350,47800,46350
2024-06-20,하이닉스,237500,233500,238500,231000
2024-06-20,한화에어로,252628,258231,260268,246516
2024-06-21,대한항공,21450,21400,21600,21350
2024-06-21,신한지주,47600,48000,48200,47400
2024-06-21,하이닉스,234000,230500,234500,230000
2024-06-21,한화에어로,240404,253137,258740,238367
2024-06-24,대한항공,21350,21450,21550,21300
2024-06-24,신한지주,48000,47200,48000,47200
2024-06-24,하이닉스,223000,228000,230000,220000
2024-06-24,한화에어로,240404,240913,246007,239385
2024-06-25,대한항공,22050,21550,22050,21350
2024-06-25,신한지주,47450,48450,48450,47350
2024-06-25,하이닉스,225000,215500,225000,215000
2024-06-25,한화에어로,236839,242441,244479,235311
2024-06-26,대한항공,22400,22100,22500,22000
2024-06-26,신한지주,47650,46850,47950,46450
2024-06-26,하이닉스,237000,228000,238500,227500
2024-06-26,한화에어로,233783,236329,237348,230727
2024-06-27,대한항공,23600,22200,23950,22150
2024-06-27,신한지주,47150,46900,47200,46200
2024-06-27,하이닉스,236500,229500,239000,227500
2024-06-27,한화에어로,239385,231745,240913,231236
2024-06-28,대한항공,23250,23800,23850,23250
2024-06-28,신한지주,48150,47950,48600,47200
2024-06-28,하이닉스,236500,235500,237500,232500
2024-06-28,한화에어로,254156,240913,254665,235311
2024-07-01,대한항공,23550,23250,23950,23200
2024-07-01,신한지주,47850,47650,48150,47500
2024-07-01,하이닉스,235500,233500,236500,232000
2024-07-01,한화에어로,248044,252119,256193,247025
2024-07-02,대한항공,22850,23200,23400,22600
2024-07-02,신한지주,49500,47500,50500,47500
2024-07-02,하이닉스,232000,235500,237000,230500
2024-07-02,한화에어로,239385,249063,250081,234292
2024-07-03,대한항공,22700,22950,23300,22700
2024-07-03,신한지주,51100,49600,52500,49350
2024-07-03,하이닉스,236000,231000,236000,225000
2024-07-03,한화에어로,237348,240404,242441,234292
2024-07-04,대한항공,22750,22850,22950,22550
2024-07-04,신한지주,52500,51100,53200,50800
2024-07-04,하이닉스,230000,240500,240500,225000
2024-07-04,한화에어로,246516,237348,248044,235820
2024-07-05,대한항공,22650,22700,23000,22600
2024-07-05,신한지주,53500,53400,54200,52900
2024-07-05,하이닉스,236000,228500,237500,227500
2024-07-05,한화에어로,246007,246516,248553,241423
2024-07-08,대한항공,22700,22850,23100,22600
2024-07-08,신한지주,52000,53000,54000,51800
2024-07-08,하이닉스,233500,234000,237000,232500
2024-07-08,한화에어로,256193,246007,257721,245497
2024-07-09,대한항공,22550,22900,22900,22500
2024-07-09,신한지주,51500,51500,52200,50100
2024-07-09,하이닉스,238500,235500,241000,233000
2024-07-09,한화에어로,256703,256193,259249,250081
2024-07-10,대한항공,22250,22450,22500,22200
2024-07-10,신한지주,51000,51000,51400,50600
2024-07-10,하이닉스,239000,237500,239000,234000
2024-07-10,한화에어로,261287,262305,278604,260268
2024-07-11,대한항공,22250,22400,22550,22200
2024-07-11,신한지주,52000,51600,52500,51500
2024-07-11,하이닉스,241000,242500,248500,241000
2024-07-11,한화에어로,261287,263324,268927,259759
2024-07-12,대한항공,22100,22250,22350,21900
2024-07-12,신한지주,52400,52100,52900,51500
2024-07-12,하이닉스,233000,232000,236000,230000
2024-07-12,한화에어로,258231,264852,265871,255684
2024-07-15,대한항공,22050,22200,22300,22050
2024-07-15,신한지주,51800,52600,52700,51500
2024-07-15,하이닉스,230000,235000,235500,226500
2024-07-15,한화에어로,269945,269436,276567,263324
2024-07-16,대한항공,22000,22150,22250,22000
2024-07-16,신한지주,52600,52200,53300,51800
2024-07-16,하이닉스,233000,226500,235000,224000
2024-07-16,한화에어로,274529,273001,287262,271983
2024-07-17,대한항공,22200,22300,22500,22100
2024-07-17,신한지주,53800,52600,54000,51800
2024-07-17,하이닉스,220500,229500,230000,220500
2024-07-17,한화에어로,280132,279113,290318,276567
2024-07-18,대한항공,22100,22300,22300,21950
2024-07-18,신한지주,54300,52500,54300,52400
2024-07-18,하이닉스,212500,212500,215000,209000
2024-07-18,한화에어로,276567,278095,293884,274529
2024-07-19,대한항공,21550,21900,22000,21400
2024-07-19,신한지주,53400,53300,53700,52200
2024-07-19,하이닉스,209500,208500,214000,207000
2024-07-19,한화에어로,286753,275548,288790,268417
2024-07-22,대한항공,21400,21500,21650,21350
2024-07-22,신한지주,55000,53600,55500,53300
2024-07-22,하이닉스,205000,209000,209500,200500
2024-07-22,한화에어로,280132,288790,293374,278604
2024-07-23,대한항공,21150,21550,21600,21150
2024-07-23,신한지주,55100,55100,56000,55000
2024-07-23,하이닉스,205000,208500,209500,200500
2024-07-23,한화에어로,292356,279113,293374,275039
2024-07-24,대한항공,21250,21150,21500,21100
2024-07-24,신한지주,54800,54700,55900,54400
2024-07-24,하이닉스,208500,202000,212500,200000
2024-07-24,한화에어로,304070,291337,313238,289809
2024-07-25,대한항공,21100,21200,21400,20900
2024-07-25,신한지주,54500,54500,55700,54000
2024-07-25,하이닉스,190000,196200,198800,189000
2024-07-25,한화에어로,298977,305089,318332,295412
2024-07-26,대한항공,21150,21350,21350,21050
2024-07-26,신한지주,58000,54200,58400,54200
2024-07-26,하이닉스,191800,190800,194500,186100
2024-07-26,한화에어로,304070,303561,308145,295412
2024-07-29,대한항공,21350,21200,21400,21100
2024-07-29,신한지주,60700,58400,64200,58100
2024-07-29,하이닉스,195600,195000,195700,192200
2024-07-29,한화에어로,328518,310182,330046,302542
2024-07-30,대한항공,21100,21250,21300,21000
2024-07-30,신한지주,59500,59800,60400,59200
2024-07-30,하이닉스,188900,191300,192200,186500
2024-07-30,한화에어로,324444,329028,336158,315785
2024-07-31,대한항공,21250,21100,21250,21050
2024-07-31,신한지주,59800,59500,60600,58700
2024-07-31,하이닉스,194600,188000,195000,185200
2024-07-31,한화에어로,293374,317822,329537,290828
2024-08-01,대한항공,21200,21150,21250,21050
2024-08-01,신한지주,60700,59800,61100,59600
2024-08-01,하이닉스,193300,201500,201500,193300
2024-08-01,한화에어로,309164,295412,311710,292356
2024-08-02,대한항공,20950,21000,21100,20800
2024-08-02,신한지주,57100,59500,60000,56300
2024-08-02,하이닉스,173200,183600,184000,172400
2024-08-02,한화에어로,294393,304580,311710,294393
2024-08-05,대한항공,19900,20700,20750,19400
2024-08-05,신한지주,52800,53800,54500,51600
2024-08-05,하이닉스,156100,168000,171200,151600
2024-08-05,한화에어로,271983,290318,298468,251609
2024-08-06,대한항공,20050,20050,20500,19900
2024-08-06,신한지주,53200,54700,55700,53200
2024-08-06,하이닉스,163700,165100,166400,161500
2024-08-06,한화에어로,268927,277585,284206,266889
2024-08-07,대한항공,20350,19960,20450,19900
2024-08-07,신한지주,53700,52400,54700,52000
2024-08-07,하이닉스,169300,160900,171000,157400
2024-08-07,한화에어로,284206,269945,289809,267908
2024-08-08,대한항공,20650,20100,20650,19950
2024-08-08,신한지주,54200,53200,54500,52700
2024-08-08,하이닉스,163400,162600,168200,161200
2024-08-08,한화에어로,298977,284716,300505,276057
2024-08-09,대한항공,20650,20800,20800,20400
2024-08-09,신한지주,54000,53700,54500,52800
2024-08-09,하이닉스,171500,172800,172800,168800
2024-08-09,한화에어로,309164,306108,314257,304580
2024-08-12,대한항공,20650,20650,20750,20450
2024-08-12,신한지주,54100,54400,54700,53600
2024-08-12,하이닉스,177000,174500,179800,172600
2024-08-12,한화에어로,311710,310692,315276,305089
2024-08-13,대한항공,20700,20400,20700,20400
2024-08-13,신한지주,55500,54000,55800,53800
2024-08-13,하이닉스,181900,179900,182400,178800
2024-08-13,한화에어로,313748,312220,323425,308145
2024-08-14,대한항공,20750,20900,20900,20600
2024-08-14,신한지주,55000,55700,56000,54500
2024-08-14,하이닉스,186700,188000,188100,184700
2024-08-14,한화에어로,313748,317822,318332,310182
2024-08-16,대한항공,21150,20900,21200,20850
2024-08-16,신한지주,55500,55700,56700,55200
2024-08-16,하이닉스,199700,196000,200000,194700
2024-08-16,한화에어로,310692,316804,317822,310692
2024-08-19,대한항공,21150,21250,21250,21000
2024-08-19,신한지주,57200,55900,58100,55400
2024-08-19,하이닉스,193900,199900,199900,192400
2024-08-19,한화에어로,305598,311710,320369,304580
2024-08-20,대한항공,21700,21250,21750,21150
2024-08-20,신한지주,58400,57200,58700,57200
2024-08-20,하이닉스,199700,198700,202500,198100
2024-08-20,한화에어로,292865,305598,306108,289300
2024-08-21,대한항공,22200,21800,22450,21750
2024-08-21,신한지주,58800,58600,59200,57500
2024-08-21,하이닉스,192600,193000,195400,191100
2024-08-21,한화에어로,289809,291846,292356,281151
2024-08-22,대한항공,22250,22200,22400,21950
2024-08-22,신한지주,59100,58400,59100,57000
2024-08-22,하이닉스,191100,192000,194400,189000
2024-08-22,한화에어로,283188,291337,292865,280641
2024-08-23,대한항공,22100,22150,22250,21800
2024-08-23,신한지주,60000,59900,60000,58100
2024-08-23,하이닉스,185500,186000,189300,185400
2024-08-23,한화에어로,280641,280132,290318,280132
2024-08-26,대한항공,22650,22200,22750,22050
2024-08-26,신한지주,61400,59800,64600,59500
2024-08-26,하이닉스,179600,187800,188500,179600
2024-08-26,한화에어로,282678,282678,283188,275039
2024-08-27,대한항공,22450,22600,22650,22250
2024-08-27,신한지주,59700,61800,61800,59500
2024-08-27,하이닉스,175000,176800,180200,173400
2024-08-27,한화에어로,289300,283697,291846,276567
2024-08-28,대한항공,22200,22500,22500,21900
2024-08-28,신한지주,57600,59400,59900,56900
2024-08-28,하이닉스,179300,175000,180800,174000
2024-08-28,한화에어로,295412,293374,302033,288281
2024-08-29,대한항공,22100,22050,22250,21900
2024-08-29,신한지주,57100,57100,58600,56400
2024-08-29,하이닉스,169700,167600,171700,167200
2024-08-29,한화에어로,295412,0,0,0
2024-08-30,대한항공,22050,22250,22300,21950
2024-08-30,신한지주,56100,57900,58000,56100
2024-08-30,하이닉스,173700,171000,175500,169400
2024-08-30,한화에어로,295412,0,0,0
2024-09-02,대한항공,22100,22150,22250,21950
2024-09-02,신한지주,56300,56500,56700,55300
2024-09-02,하이닉스,174000,173600,174900,168400
2024-09-02,한화에어로,295412,0,0,0
2024-09-03,대한항공,22000,22050,22200,21950
2024-09-03,신한지주,57200,56300,57300,56100
2024-09-03,하이닉스,168300,172900,173800,168300
2024-09-03,한화에어로,295412,0,0,0
2024-09-04,대한항공,21650,21450,21800,21450
2024-09-04,신한지주,55500,56900,57000,55400
2024-09-04,하이닉스,154800,152900,159000,152900
2024-09-04,한화에어로,295412,0,0,0
2024-09-05,대한항공,22450,21750,22750,21750
2024-09-05,신한지주,56200,56000,56600,55300
2024-09-05,하이닉스,159400,157000,163000,156600
2024-09-05,한화에어로,295412,0,0,0
2024-09-06,대한항공,22250,22700,22700,22000
2024-09-06,신한지주,57100,56700,57500,56300
2024-09-06,하이닉스,156400,157100,158200,154900
2024-09-06,한화에어로,295412,0,0,0
2024-09-09,대한항공,22050,21900,22250,21750
2024-09-09,신한지주,56100,56000,56300,54800
2024-09-09,하이닉스,157000,151800,157700,150500
2024-09-09,한화에어로,295412,0,0,0
2024-09-10,대한항공,21900,22300,22300,21900
2024-09-10,신한지주,56600,56100,56700,55400
2024-09-10,하이닉스,155500,157400,161700,154300
2024-09-10,한화에어로,295412,0,0,0
2024-09-11,대한항공,21900,22250,22550,21750
2024-09-11,신한지주,53100,57600,57600,52900
2024-09-11,하이닉스,157200,156800,158700,154300
2024-09-11,한화에어로,295412,0,0,0
2024-09-12,대한항공,22200,21900,22250,21750
2024-09-12,신한지주,53900,53500,53900,52900
2024-09-12,하이닉스,168800,165200,171300,163800
2024-09-12,한화에어로,295412,0,0,0
2024-09-13,대한항공,22400,22150,22400,22050
2024-09-13,신한지주,55900,54500,55900,54500
2024-09-13,하이닉스,162800,166500,166700,161100
2024-09-13,한화에어로,295412,0,0,0
2024-09-19,대한항공,22600,22650,22800,22250
2024-09-19,신한지주,56900,56100,57000,55700
2024-09-19,하이닉스,152800,154700,155700,144700
2024-09-19,한화에어로,295412,0,0,0
2024-09-20,대한항공,22550,22700,22750,22300
2024-09-20,신한지주,55500,57100,57300,55500
2024-09-20,하이닉스,157100,160500,160800,155900
2024-09-20,한화에어로,295412,0,0,0
2024-09-23,대한항공,22200,22350,22400,22050
2024-09-23,신한지주,55800,55800,56700,55500
2024-09-23,하이닉스,162000,155800,162900,155700
2024-09-23,한화에어로,295412,0,0,0
2024-09-24,대한항공,22500,22300,22500,22200
2024-09-24,신한지주,56400,56300,56600,55000
2024-09-24,하이닉스,163500,163700,163700,159200
2024-09-24,한화에어로,295412,0,0,0
2024-09-25,대한항공,22450,22700,22850,22450
2024-09-25,신한지주,53500,57000,57500,53200
2024-09-25,하이닉스,165300,166700,169300,165000
2024-09-25,한화에어로,295412,0,0,0
2024-09-26,대한항공,22700,22500,22700,22450
2024-09-26,신한지주,57000,54600,57000,54500
2024-09-26,하이닉스,180900,178400,180900,176200
2024-09-26,한화에어로,295412,0,0,0
2024-09-27,대한항공,22950,23100,23350,22850
2024-09-27,신한지주,56200,56400,57900,56200
2024-09-27,하이닉스,183800,187500,189300,183800
2024-09-27,한화에어로,312152,295412,316091,295412
2024-09-30,대한항공,22550,23050,23150,22550
2024-09-30,신한지주,55500,56600,56800,55300
2024-09-30,하이닉스,174600,183700,183800,174600
2024-09-30,한화에어로,292458,312152,312644,292458
2024-10-02,대한항공,22550,22050,22900,21900
2024-10-02,신한지주,55900,55000,57100,54700
2024-10-02,하이닉스,169100,172700,175500,169100
2024-10-02,한화에어로,304766,299351,304766,293442
2024-10-04,대한항공,21700,22300,22300,21500
2024-10-04,신한지주,54900,55500,55900,54100
2024-10-04,하이닉스,174100,171700,175600,170700
2024-10-04,한화에어로,332338,312644,336277,310182
2024-10-07,대한항공,21600,21650,21650,21300
2024-10-07,신한지주,55500,55500,55800,54600
2024-10-07,하이닉스,184900,178400,184900,176000
2024-10-07,한화에어로,346124,335292,355971,334800
2024-10-08,대한항공,21600,21400,21700,21350
2024-10-08,신한지주,55400,54900,55500,54300
2024-10-08,하이닉스,178000,182200,185000,178000
2024-10-08,한화에어로,358925,346124,358925,343662
2024-10-10,대한항공,21800,21900,22200,21750
2024-10-10,신한지주,56800,56900,57300,55600
2024-10-10,하이닉스,186700,184500,188100,183400
2024-10-10,한화에어로,345139,362864,362864,344647
2024-10-11,대한항공,21700,21800,22050,21600
2024-10-11,신한지주,57500,57600,58000,56800
2024-10-11,하이닉스,186000,190000,191200,185100
2024-10-11,한화에어로,351048,348586,354002,345632
2024-10-14,대한항공,21850,21650,21850,21550
2024-10-14,신한지주,58100,57100,59400,56900
2024-10-14,하이닉스,187500,186900,192300,186900
2024-10-14,한화에어로,351048,357448,358433,345632
2024-10-15,대한항공,22100,22000,22150,21850
2024-10-15,신한지주,57800,58100,58300,57100
2024-10-15,하이닉스,192900,191900,193200,189700
2024-10-15,한화에어로,368280,354494,369265,347601
2024-10-16,대한항공,22100,21950,22200,21850
2024-10-16,신한지주,56400,56400,57400,55400
2024-10-16,하이닉스,188700,184700,192500,183600
2024-10-16,한화에어로,376650,368772,386497,363356
2024-10-17,대한항공,22850,22350,23000,22250
2024-10-17,신한지주,56800,57400,57700,56100
2024-10-17,하이닉스,196000,191200,196000,188700
2024-10-17,한화에어로,386989,379604,388959,375665
2024-10-18,대한항공,23150,22950,23200,22700
2024-10-18,신한지주,56500,56800,57000,56000
2024-10-18,하이닉스,187300,198200,198200,186200
2024-10-18,한화에어로,381574,384528,386497,372711
2024-10-21,대한항공,23600,23200,23700,23100
2024-10-21,신한지주,55800,57000,57000,55700
2024-10-21,하이닉스,190900,189400,192300,188000
2024-10-21,한화에어로,375665,384035,386005,374681
2024-10-22,대한항공,23550,23550,23550,23200
2024-10-22,신한지주,56000,55700,56200,55200
2024-10-22,하이닉스,187800,195300,195300,187500
2024-10-22,한화에어로,379604,377635,380096,365326
2024-10-23,대한항공,23300,23600,23700,22900
2024-10-23,신한지주,56300,56500,57800,55700
2024-10-23,하이닉스,196000,188500,196700,188000
2024-10-23,한화에어로,367295,379112,382066,363849
2024-10-24,대한항공,23450,23150,23550,23100
2024-10-24,신한지주,56100,56600,56700,55500
2024-10-24,하이닉스,198200,193500,202000,190000
2024-10-24,한화에어로,368280,362372,373696,362372
2024-10-25,대한항공,23300,23450,23700,23250
2024-10-25,신한지주,58000,56500,59900,56500
2024-10-25,하이닉스,201000,203000,206000,199400
2024-10-25,한화에어로,372219,369265,379112,362864
2024-10-28,대한항공,23700,23300,23800,23300
2024-10-28,신한지주,56000,57400,57600,55500
2024-10-28,하이닉스,196000,203500,205000,194200
2024-10-28,한화에어로,371726,373696,380096,371234
2024-10-29,대한항공,24150,23800,24200,23750
2024-10-29,신한지주,56700,55900,56900,55600
2024-10-29,하이닉스,190300,196000,197000,189100
2024-10-29,한화에어로,375173,371726,382066,371726
2024-10-30,대한항공,24050,24150,24350,23950
2024-10-30,신한지주,54500,55500,55600,54000
2024-10-30,하이닉스,195000,190200,195400,189400
2024-10-30,한화에어로,369757,376650,378619,366803
2024-10-31,대한항공,23900,24050,24250,23800
2024-10-31,신한지주,51300,53800,54200,51300
2024-10-31,하이닉스,186300,189900,192900,186100
2024-10-31,한화에어로,362372,367788,374681,355971
2024-11-01,대한항공,23600,23550,23950,23500
2024-11-01,신한지주,54000,51900,54300,51800
2024-11-01,하이닉스,182200,182500,184900,180500
2024-11-01,한화에어로,372711,362372,379112,348094
2024-11-04,대한항공,24350,23800,24500,23750
2024-11-04,신한지주,54500,54100,54800,53600
2024-11-04,하이닉스,194000,185200,194000,183700
2024-11-04,한화에어로,361387,373204,376158,359418
2024-11-05,대한항공,24500,24350,24500,23900
2024-11-05,신한지주,54200,54100,54700,53500
2024-11-05,하이닉스,193200,193600,198800,192100
2024-11-05,한화에어로,356464,358925,363356,353017
2024-11-06,대한항공,24100,24500,24500,23950
2024-11-06,신한지주,56000,54400,56600,54000
2024-11-06,하이닉스,195800,197700,199200,192700
2024-11-06,한화에어로,381574,358433,388959,353017
2024-11-07,대한항공,24150,24250,24400,23700
2024-11-07,신한지주,57000,56900,57400,56000
2024-11-07,하이닉스,197400,197400,198300,193100
2024-11-07,한화에어로,398806,388959,399298,383543
2024-11-08,대한항공,23950,24300,24450,23850
2024-11-08,신한지주,56800,57000,57300,56100
2024-11-08,하이닉스,200500,200500,203000,198800
2024-11-08,한화에어로,397329,398806,400775,388959
2024-11-11,대한항공,23800,23850,24100,23600
2024-11-11,신한지주,56500,56100,56700,55800
2024-11-11,하이닉스,192600,199300,199300,192400
2024-11-11,한화에어로,409638,399791,411607,393882
2024-11-12,대한항공,23200,23750,23800,23050
2024-11-12,신한지주,55800,56500,57500,55700
2024-11-12,하이닉스,185800,192500,192500,184900
2024-11-12,한화에어로,407176,411607,418500,404714
2024-11-13,대한항공,23300,23100,23450,23100
2024-11-13,신한지주,56000,55800,56600,55000
2024-11-13,하이닉스,182900,185700,189500,182600
2024-11-13,한화에어로,395852,407176,412592,392405
2024-11-14,대한항공,23700,23300,24000,23250
2024-11-14,신한지주,56500,56900,57200,55800
2024-11-14,하이닉스,173000,182900,184900,171700
2024-11-14,한화에어로,397329,397329,408161,396344
2024-11-15,대한항공,24150,23700,24450,23600
2024-11-15,신한지주,53700,56800,56900,53700
2024-11-15,하이닉스,178200,174000,179000,173600
2024-11-15,한화에어로,400775,401760,415054,397821
2024-11-18,대한항공,24200,23950,24250,23700
2024-11-18,신한지주,53500,53200,54300,53100
2024-11-18,하이닉스,171700,173800,177800,170300
2024-11-18,한화에어로,386497,400775,400775,384528
2024-11-19,대한항공,24650,24000,24750,24000
2024-11-19,신한지주,53700,53300,54300,53100
2024-11-19,하이닉스,170600,170400,172900,168100
2024-11-19,한화에어로,375173,386497,389451,371726
2024-11-20,대한항공,24500,24650,24800,24450
2024-11-20,신한지주,55700,54100,55900,54100
2024-11-20,하이닉스,170600,175000,175100,170200
2024-11-20,한화에어로,374188,376158,380589,364341
2024-11-21,대한항공,24300,24500,24600,24050
2024-11-21,신한지주,55500,55400,56100,54800
2024-11-21,하이닉스,168800,168200,173000,168200
2024-11-21,한화에어로,351048,367788,373204,343170
2024-11-22,대한항공,24300,24450,24500,24150
2024-11-22,신한지주,55700,56000,56800,55600
2024-11-22,하이닉스,176700,171700,178200,171200
2024-11-22,한화에어로,373696,355479,374188,354494
2024-11-25,대한항공,24200,24500,24700,24150
2024-11-25,신한지주,56400,55500,56900,55400
2024-11-25,하이닉스,177000,174500,179500,173900
2024-11-25,한화에어로,353509,371234,372219,344155
2024-11-26,대한항공,25250,24150,25450,24150
2024-11-26,신한지주,54300,55400,55800,54200
2024-11-26,하이닉스,177100,175200,177700,174700
2024-11-26,한화에어로,314614,350063,350063,313629
2024-11-27,대한항공,25250,25300,25400,25000
2024-11-27,신한지주,55100,54500,55900,54500
2024-11-27,하이닉스,168300,175600,175700,167900
2024-11-27,한화에어로,317568,314121,323968,313629
2024-11-28,대한항공,25450,25250,25500,25050
2024-11-28,신한지주,53500,54900,55000,53100
2024-11-28,하이닉스,161100,164600,166300,160800
2024-11-28,한화에어로,320029,317568,326430,308213
2024-11-29,대한항공,25950,26000,26000,23700
2024-11-29,신한지주,53000,53500,53800,52200
2024-11-29,하이닉스,159900,160000,162400,157600
2024-11-29,한화에어로,307721,322984,334308,307721
2024-12-02,대한항공,25650,26000,26150,25650
2024-12-02,신한지주,53900,53900,54400,53000
2024-12-02,하이닉스,158800,162200,162700,158600
2024-12-02,한화에어로,316091,309690,318552,308213
2024-12-03,대한항공,25650,25800,25900,25300
2024-12-03,신한지주,56400,54700,56600,54600
2024-12-03,하이닉스,164900,159200,165100,159100
2024-12-03,한화에어로,333323,324461,336277,321999
2024-12-04,대한항공,24750,25000,25400,24500
2024-12-04,신한지주,52700,55300,55500,51900
2024-12-04,하이닉스,168000,161300,168000,161100
2024-12-04,한화에어로,329876,323476,337262,323476
2024-12-05,대한항공,24550,24650,24900,24000
2024-12-05,신한지주,49800,52000,52200,49600
2024-12-05,하이닉스,173000,170000,175600,169300
2024-12-05,한화에어로,303289,329876,330861,299351
2024-12-06,대한항공,24300,24600,24900,23600
2024-12-06,신한지주,51300,50800,52300,50200
2024-12-06,하이닉스,167100,173500,173600,165000
2024-12-06,한화에어로,293442,309690,312644,281626
2024-12-09,대한항공,23250,23600,23700,23000
2024-12-09,신한지주,50700,50000,51500,50000
2024-12-09,하이닉스,168900,167100,170600,165000
2024-12-09,한화에어로,274733,279164,283595,272764
2024-12-10,대한항공,23600,23400,23900,23250
2024-12-10,신한지주,49950,50200,50700,49800
2024-12-10,하이닉스,170400,168000,170400,167600
2024-12-10,한화에어로,286549,274733,287534,265871
2024-12-11,대한항공,24250,23600,24300,23450
2024-12-11,신한지주,50400,50700,51000,50000
2024-12-11,하이닉스,171800,167400,171800,167000
2024-12-11,한화에어로,293442,286549,299843,282611
2024-12-12,대한항공,24200,24400,24600,24000
2024-12-12,신한지주,50600,50500,51200,50100
2024-12-12,하이닉스,176100,176500,177400,173500
2024-12-12,한화에어로,306736,295412,309690,290981
2024-12-13,대한항공,24550,24200,24550,24100
2024-12-13,신한지주,49500,50400,50700,49300
2024-12-13,하이닉스,175500,174400,176400,173500
2024-12-13,한화에어로,318060,311167,319045,305259
2024-12-16,대한항공,24600,24550,24850,24350
2024-12-16,신한지주,49500,49950,50400,49250
2024-12-16,하이닉스,179300,177400,180400,177300
2024-12-16,한화에어로,315106,327415,327907,308213
2024-12-17,대한항공,24150,24600,24600,24000
2024-12-17,신한지주,48650,49400,49650,48500
2024-12-17,하이닉스,184000,183000,184500,182100
2024-12-17,한화에어로,300828,311659,315598,299351
2024-12-18,대한항공,24800,24200,24850,24100
2024-12-18,신한지주,50000,48850,50300,48850
2024-12-18,하이닉스,183500,183400,183900,181600
2024-12-18,한화에어로,300828,300335,306736,297874
2024-12-19,대한항공,24300,24300,24750,24100
2024-12-19,신한지주,48850,48700,49250,48300
2024-12-19,하이닉스,175000,173900,176800,173000
2024-12-19,한화에어로,304274,292950,310182,292950
2024-12-20,대한항공,23500,24200,24300,23300
2024-12-20,신한지주,48250,48550,48850,47800
2024-12-20,하이닉스,168500,174100,174800,167100
2024-12-20,한화에어로,300335,304274,304766,298366
2024-12-23,대한항공,23700,23550,23700,23300
2024-12-23,신한지주,49300,48350,49450,48300
2024-12-23,하이닉스,169600,170000,173300,169600
2024-12-23,한화에어로,321014,301812,323476,301812
2024-12-24,대한항공,23950,23650,24100,23550
2024-12-24,신한지주,49400,49200,49400,48750
2024-12-24,하이닉스,168500,171700,171900,168300
2024-12-24,한화에어로,319045,323968,324953,315598
2024-12-26,대한항공,23800,24000,24100,23750
2024-12-26,신한지주,48900,49500,49500,48500
2024-12-26,하이닉스,170100,170000,172000,169400
2024-12-26,한화에어로,318552,319045,321999,311659
2024-12-27,대한항공,23300,23550,23600,23200
2024-12-27,신한지주,48350,48450,48900,48000
2024-12-27,하이닉스,174500,170100,176000,170000
2024-12-27,한화에어로,314121,316583,322491,313136
2024-12-30,대한항공,22600,22800,23600,22600
2024-12-30,신한지주,47650,48850,49350,47650
2024-12-30,하이닉스,173900,174000,175800,172400
2024-12-30,한화에어로,321506,312152,324953,312152
2025-01-02,대한항공,23550,22650,23600,22600
2025-01-02,신한지주,47750,47550,48550,47550
2025-01-02,하이닉스,171200,170500,172200,170000
2025-01-02,한화에어로,357941,325445,358433,325445
2025-01-03,대한항공,23450,23550,23850,23350
2025-01-03,신한지주,48200,47850,49100,47850
2025-01-03,하이닉스,181900,174500,182700,173100
2025-01-03,한화에어로,356464,356464,362372,350063
2025-01-06,대한항공,23400,23450,23550,23200
2025-01-06,신한지주,48950,48250,48950,48000
2025-01-06,하이닉스,199800,184400,199800,184400
2025-01-06,한화에어로,360402,356956,370249,354986
2025-01-07,대한항공,23250,23500,23800,23200
2025-01-07,신한지주,48950,48950,49850,48800
2025-01-07,하이닉스,195000,205000,206500,194800
2025-01-07,한화에어로,375173,363849,378619,361387
2025-01-08,대한항공,22900,23150,23400,22900
2025-01-08,신한지주,49150,48500,49700,48500
2025-01-08,하이닉스,194700,193100,198100,191000
2025-01-08,한화에어로,377142,373204,380589,367295
2025-01-09,대한항공,23350,22950,23350,22750
2025-01-09,신한지주,49500,48850,50000,48800
2025-01-09,하이닉스,205000,201000,206000,199800
2025-01-09,한화에어로,386005,373204,386005,357448
2025-01-10,대한항공,22950,23200,23250,22850
2025-01-10,신한지주,49850,49200,50300,49100
2025-01-10,하이닉스,203500,208000,212500,202500
2025-01-10,한화에어로,372711,382558,384528,369265
2025-01-13,대한항공,23000,22950,23400,22850
2025-01-13,신한지주,50000,49200,50300,49200
2025-01-13,하이닉스,194300,203000,203000,193900
2025-01-13,한화에어로,389451,375173,392405,375173
2025-01-14,대한항공,22700,23050,23100,22650
2025-01-14,신한지주,49500,50200,50300,49200
2025-01-14,하이닉스,195000,194300,197900,193600
2025-01-14,한화에어로,389451,386005,395852,385512
2025-01-15,대한항공,23000,22900,23200,22850
2025-01-15,신한지주,50300,50100,51400,49750
2025-01-15,하이닉스,198200,198000,201000,197700
2025-01-15,한화에어로,388959,393390,394375,387482
2025-01-16,대한항공,23000,23150,23150,22850
2025-01-16,신한지주,50300,50900,51000,50000
2025-01-16,하이닉스,210000,208500,210000,206500
2025-01-16,한화에어로,387974,392898,393390,381081
2025-01-17,대한항공,23950,23300,24000,23100
2025-01-17,신한지주,49450,50800,51100,49000
2025-01-17,하이닉스,214500,209500,217500,209000
2025-01-17,한화에어로,376650,386005,386497,372219
2025-01-20,대한항공,24150,24000,24200,23850
2025-01-20,신한지주,49950,49600,50500,49600
2025-01-20,하이닉스,212000,219000,219000,210500
2025-01-20,한화에어로,371726,386989,386989,368772
2025-01-21,대한항공,24050,24200,24250,23750
2025-01-21,신한지주,49750,50100,50400,49550
2025-01-21,하이닉스,218000,216500,220000,214000
2025-01-21,한화에어로,383543,372219,386005,372219
2025-01-22,대한항공,24050,24200,24250,23900
2025-01-22,신한지주,50000,50200,50600,50000
2025-01-22,하이닉스,225500,221500,227000,217000
2025-01-22,한화에어로,383051,386005,393390,380589
2025-01-23,대한항공,24250,24100,24650,24050
2025-01-23,신한지주,50300,50400,51300,50000
2025-01-23,하이닉스,219500,221000,225500,215000
2025-01-23,한화에어로,377635,384528,387974,375665
2025-01-24,대한항공,24600,24400,24800,24350
2025-01-24,신한지주,50000,50500,50600,49700
2025-01-24,하이닉스,221000,220500,227000,217500
2025-01-24,한화에어로,405206,377635,407668,377635
2025-01-31,대한항공,24800,24550,24800,24350
2025-01-31,신한지주,51100,51000,51900,50700
2025-01-31,하이닉스,199200,197000,204500,194800
2025-01-31,한화에어로,393882,408161,408653,390928
2025-02-03,대한항공,23500,24450,24450,23350
2025-02-03,신한지주,50200,51300,51400,49800
2025-02-03,하이닉스,190900,191500,193200,186900
2025-02-03,한화에어로,386497,386005,393390,378619
2025-02-04,대한항공,23600,23950,24100,23550
2025-02-04,신한지주,51000,50300,51300,50100
2025-02-04,하이닉스,191100,192900,194300,190100
2025-02-04,한화에어로,400283,388959,407668,388959
2025-02-05,대한항공,23750,23750,23900,23650
2025-02-05,신한지주,50700,51200,52000,50600
2025-02-05,하이닉스,198800,191900,199400,191900
2025-02-05,한화에어로,396344,402745,404222,393390
2025-02-06,대한항공,24050,23900,24150,23850
2025-02-06,신한지주,50000,50400,50600,49000
2025-02-06,하이닉스,203500,202000,205000,200500
2025-02-06,한화에어로,414069,398314,417515,386989
2025-02-07,대한항공,23600,23950,24100,23500
2025-02-07,신한지주,49250,49900,50300,49150
2025-02-07,하이닉스,203000,205000,206000,200500
2025-02-07,한화에어로,411607,415054,432286,405699
2025-02-10,대한항공,23900,23950,24050,23700
2025-02-10,신한지주,49400,48900,49850,48800
2025-02-10,하이닉스,198100,197800,203000,197000
2025-02-10,한화에어로,406684,417023,418992,404714
2025-02-11,대한항공,23600,23850,23900,23500
2025-02-11,신한지주,49100,49450,49750,48850
2025-02-11,하이닉스,199700,201000,201500,198000
2025-02-11,한화에어로,490384,447056,490876,435732
2025-02-12,대한항공,23550,23700,23700,23450
2025-02-12,신한지주,48600,48750,49450,48600
2025-02-12,하이닉스,198900,196500,199900,196000
2025-02-12,한화에어로,512047,495307,515986,492353
2025-02-13,대한항공,23600,23700,23950,23550
2025-02-13,신한지주,48450,48450,49000,48400
2025-02-13,하이닉스,208500,198800,208500,198100
2025-02-13,한화에어로,508108,501215,517955,487429
2025-02-14,대한항공,23250,23650,23700,23150
2025-02-14,신한지주,48350,47500,48550,47500
2025-02-14,하이닉스,210000,209000,212000,206500
2025-02-14,한화에어로,524848,508108,530756,495307
2025-02-17,대한항공,23850,23350,23850,23300
2025-02-17,신한지주,48450,48300,48750,47950
2025-02-17,하이닉스,212000,211500,216000,211000
2025-02-17,한화에어로,568175,524848,580976,519925
2025-02-18,대한항공,24050,23900,24400,23850
2025-02-18,신한지주,48450,48350,48800,48250
2025-02-18,하이닉스,210000,212000,215000,207000
2025-02-18,한화에어로,633166,590824,648921,589839
2025-02-19,대한항공,24000,24150,24400,23950
2025-02-19,신한지주,48450,48650,49050,48450
2025-02-19,하이닉스,218500,216000,219500,214000
2025-02-19,한화에어로,629227,629227,632181,609533
2025-02-20,대한항공,24250,24000,24600,23900
2025-02-20,신한지주,47300,48050,48200,46650
2025-02-20,하이닉스,212000,217000,218500,211000
2025-02-20,한화에어로,635135,617411,653845,598701
2025-02-21,대한항공,24450,24300,24700,24200
2025-02-21,신한지주,47650,47800,48450,47500
2025-02-21,하이닉스,209500,209500,211000,205500
2025-02-21,한화에어로,649906,625288,657784,605594
2025-02-24,대한항공,24650,24200,24650,24200
2025-02-24,신한지주,47200,47550,47650,46200
2025-02-24,하이닉스,205000,202500,205000,201000
2025-02-24,한화에어로,655814,647936,663692,642028
2025-02-25,대한항공,24250,24600,24600,24050
2025-02-25,신한지주,46350,46700,47000,46300
2025-02-25,하이닉스,200500,199800,202000,199200
2025-02-25,한화에어로,669600,647936,684371,646952
2025-02-26,대한항공,24150,24300,24450,24100
2025-02-26,신한지주,47550,46350,47800,46300
2025-02-26,하이닉스,203000,199000,206000,198600
2025-02-26,한화에어로,661722,678462,690279,652860
2025-02-27,대한항공,24400,24250,24950,24200
2025-02-27,신한지주,47500,47400,47850,47050
2025-02-27,하이닉스,199200,204500,205000,198100
2025-02-27,한화에어로,639074,652860,665661,623319
2025-02-28,대한항공,23600,24050,24150,23500
2025-02-28,신한지주,45850,46600,47300,45850
2025-02-28,하이닉스,190200,191600,193000,188700
2025-02-28,한화에어로,584915,633166,641044,582946
2025-03-04,대한항공,23650,23600,23950,23300
2025-03-04,신한지주,46150,46400,47100,45950
2025-03-04,하이닉스,186100,184800,187500,184000
2025-03-04,한화에어로,690279,623319,690279,617411
2025-03-05,대한항공,23650,23550,23850,23450
2025-03-05,신한지주,44650,46350,46600,44400
2025-03-05,하이닉스,193100,188200,194400,186600
2025-03-05,한화에어로,684371,677478,698156,659753
2025-03-06,대한항공,24200,24000,24350,23850
2025-03-06,신한지주,46350,45200,46600,45200
2025-03-06,하이닉스,192400,193500,194000,190300
2025-03-06,한화에어로,667631,703080,703080,660738
2025-03-07,대한항공,24250,24150,24300,23950
2025-03-07,신한지주,45000,45750,46250,44900
2025-03-07,하이닉스,192400,191000,192800,187900
2025-03-07,한화에어로,719820,669600,728682,653845
2025-03-10,대한항공,24300,24150,24600,24000
2025-03-10,신한지주,45600,45050,46050,44900
2025-03-10,하이닉스,187900,187500,191500,187300
2025-03-10,한화에어로,691264,720805,733606,683386
2025-03-11,대한항공,23250,23800,24000,23050
2025-03-11,신한지주,45000,44900,45400,44700
2025-03-11,하이닉스,187800,182100,189000,181300
2025-03-11,한화에어로,667631,664676,681416,664676
2025-03-12,대한항공,23300,23300,23450,23150
2025-03-12,신한지주,45150,45000,45550,44750
2025-03-12,하이닉스,198900,192400,199350,189700
2025-03-12,한화에어로,654829,672554,693233,635135
2025-03-13,대한항공,23000,23200,23300,22700
2025-03-13,신한지주,45850,45250,46600,45250
2025-03-13,하이닉스,199700,202500,204500,195500
2025-03-13,한화에어로,696187,660738,703080,660738
2025-03-14,대한항공,22700,22750,22900,22500
2025-03-14,신한지주,45700,45400,46400,45200
2025-03-14,하이닉스,204500,198500,206000,198500
2025-03-14,한화에어로,694218,689294,703080,685355
2025-03-17,대한항공,22850,22850,23050,22750
2025-03-17,신한지주,46550,46100,46600,45900
2025-03-17,하이닉스,206000,207000,209500,203500
2025-03-17,한화에어로,741484,703080,745422,698156
2025-03-18,대한항공,22700,23000,23050,22650
2025-03-18,신한지주,46550,46700,47500,46500
2025-03-18,하이닉스,203000,208500,209000,201000
2025-03-18,한화에어로,752315,752315,769055,734591
2025-03-19,대한항공,22750,22700,22800,22600
2025-03-19,신한지주,47250,46550,47500,46500
2025-03-19,하이닉스,205500,202000,209500,201000
2025-03-19,한화에어로,744438,759208,762162,734591
2025-03-20,대한항공,22400,22750,22850,22400
2025-03-20,신한지주,47550,47650,48250,47550
2025-03-20,하이닉스,210000,207000,211000,205500
2025-03-20,한화에어로,710958,738529,742468,708988
2025-03-21,대한항공,22400,22400,22600,22350
2025-03-21,신한지주,47800,46850,48100,46850
2025-03-21,하이닉스,215500,213500,219500,212000
2025-03-21,한화에어로,618395,617411,644982,598701
2025-03-24,대한항공,22300,22400,22450,22200
2025-03-24,신한지주,48600,47750,48850,47550
2025-03-24,하이닉스,211500,211500,214500,209500
2025-03-24,한화에어로,664676,627258,673539,626273
2025-03-25,대한항공,22450,22350,22550,22250
2025-03-25,신한지주,48950,48150,49000,48050
2025-03-25,하이닉스,208000,214500,215500,208000
2025-03-25,한화에어로,643998,677478,681416,640059
2025-03-26,대한항공,22300,22450,22600,22250
2025-03-26,신한지주,48500,49000,49050,48450
2025-03-26,하이닉스,214000,209000,215500,208500
2025-03-26,한화에어로,656799,644982,664676,622334
2025-03-27,대한항공,22200,22100,22250,22000
2025-03-27,신한지주,48400,48350,48750,47950
2025-03-27,하이닉스,207000,208000,212000,206500
2025-03-27,한화에어로,652860,662707,668615,649906
2025-03-28,대한항공,21950,22150,22200,21750
2025-03-28,신한지주,47800,47500,48000,46850
2025-03-28,하이닉스,199300,203000,204500,198900
2025-03-28,한화에어로,620365,664676,666646,619380
2025-03-31,대한항공,21300,21600,21700,21150
2025-03-31,신한지주,47050,47000,47450,46550
2025-03-31,하이닉스,190700,193500,195500,190500
2025-03-31,한화에어로,617411,595747,628242,593778
2025-04-01,대한항공,21500,21300,21650,21300
2025-04-01,신한지주,48100,47100,48400,47100
2025-04-01,하이닉스,197000,193600,198500,192000
2025-04-01,한화에어로,662707,633166,671569,630212
2025-04-02,대한항공,21600,21450,21750,21250
2025-04-02,신한지주,48700,48150,49000,47900
2025-04-02,하이닉스,197900,198800,201500,197300
2025-04-02,한화에어로,652860,674524,683386,649906
2025-04-03,대한항공,21050,21100,21250,20800
2025-04-03,신한지주,47550,47050,47650,46700
2025-04-03,하이닉스,194600,189600,194600,188200
2025-04-03,한화에어로,686340,642028,699141,640059
2025-04-04,대한항공,21550,20600,21550,20550
2025-04-04,신한지주,47050,46900,47550,46300
2025-04-04,하이닉스,182200,187900,189600,178400
2025-04-04,한화에어로,691264,694218,708988,664676
2025-04-07,대한항공,20650,20900,21150,20550
2025-04-07,신한지주,45050,45000,45600,44150
2025-04-07,하이닉스,164800,168000,172800,164800
2025-04-07,한화에어로,632181,672554,673539,626273
2025-04-08,대한항공,20450,20950,21000,20450
2025-04-08,신한지주,43850,45550,45550,43750
2025-04-08,하이닉스,169500,172000,173100,168200
2025-04-08,한화에어로,687325,675508,694218,659753
2025-04-09,대한항공,20150,20150,20400,19990
2025-04-09,신한지주,43600,43550,44000,42500
2025-04-09,하이닉스,165000,170000,170000,162700
2025-04-09,한화에어로,680432,706034,706034,662707
2025-04-10,대한항공,21400,20950,21400,20450
2025-04-10,신한지주,46000,45550,46350,45000
2025-04-10,하이닉스,183200,189700,189900,180000
2025-04-10,한화에어로,728682,715881,728682,696187
2025-04-11,대한항공,21000,20850,21000,20550
2025-04-11,신한지주,46100,45000,46450,44900
2025-04-11,하이닉스,180800,177800,181800,176100
2025-04-11,한화에어로,767086,718835,769055,715881
2025-04-14,대한항공,21000,21200,21250,20850
2025-04-14,신한지주,46250,46500,46800,46100
2025-04-14,하이닉스,180200,182900,184400,178000
2025-04-14,한화에어로,779887,785795,791704,768071
2025-04-15,대한항공,20700,21000,21050,20550
2025-04-15,신한지주,47100,46250,47350,46250
2025-04-15,하이닉스,180600,180200,182400,179700
2025-04-15,한화에어로,759208,783826,784811,746407
2025-04-16,대한항공,20150,20600,20650,20050
2025-04-16,신한지주,47800,47150,47900,47050
2025-04-16,하이닉스,174000,176500,177500,173500
2025-04-16,한화에어로,775948,759208,785795,750346
2025-04-17,대한항공,20250,20300,20450,20200
2025-04-17,신한지주,47150,47200,47550,46900
2025-04-17,하이닉스,175000,172100,175400,171800
2025-04-17,한화에어로,803520,777918,803520,769055
2025-04-18,대한항공,20550,20400,20550,20200
2025-04-18,신한지주,47650,47150,47800,47100
2025-04-18,하이닉스,175000,174000,175500,172800
2025-04-18,한화에어로,815336,801551,848816,795642
2025-04-21,대한항공,20450,20550,20650,20350
2025-04-21,신한지주,48700,47650,48700,47650
2025-04-21,하이닉스,176600,174800,180000,174500
2025-04-21,한화에어로,817306,837000,837000,800566
2025-04-22,대한항공,20200,20400,20450,20200
2025-04-22,신한지주,48450,48400,48750,48100
2025-04-22,하이닉스,173800,175000,175500,173300
2025-04-22,한화에어로,817306,816321,830107,810413
2025-04-23,대한항공,20850,20500,20850,20350
2025-04-23,신한지주,48900,48750,49200,48500
2025-04-23,하이닉스,181000,179100,181600,178100
2025-04-23,한화에어로,801551,824199,827153,792688
2025-04-24,대한항공,20750,21000,21150,20650
2025-04-24,신한지주,48750,48800,49100,48550
2025-04-24,하이닉스,178300,182800,183400,177600
2025-04-24,한화에어로,811398,804505,820260,792688
2025-04-25,대한항공,20800,20900,20900,20650
2025-04-25,신한지주,49750,49300,50200,49200
2025-04-25,하이닉스,184400,182500,184900,182100
2025-04-25,한화에어로,811398,815336,819275,797612
2025-04-28,대한항공,20750,20900,20950,20700
2025-04-28,신한지주,49350,49800,50200,49200
2025-04-28,하이닉스,182000,183500,183900,179700
2025-04-28,한화에어로,814352,812382,832076,794658
2025-04-29,대한항공,20850,20850,20950,20750
2025-04-29,신한지주,50400,49350,51000,49300
2025-04-29,하이닉스,180800,182000,182900,179100
2025-04-29,한화에어로,796627,809428,809428,782841
2025-04-30,대한항공,20950,20850,21250,20750
2025-04-30,신한지주,51400,50400,51800,50400
2025-04-30,하이닉스,177500,179100,180000,176700
2025-04-30,한화에어로,784811,798596,819275,739514
2025-05-02,대한항공,21000,20950,21100,20800
2025-05-02,신한지주,51200,51100,51600,50600
2025-05-02,하이닉스,186000,179400,186200,178400
2025-05-02,한화에어로,805489,784811,809428,775948
2025-05-07,대한항공,22650,22050,22950,22000
2025-05-07,신한지주,51100,52000,52300,51100
2025-05-07,하이닉스,190800,187700,191500,185900
2025-05-07,한화에어로,876388,819275,876388,814352
2025-05-08,대한항공,22550,22650,22800,22500
2025-05-08,신한지주,50900,50700,51300,50600
2025-05-08,하이닉스,190300,196000,196000,189400
2025-05-08,한화에어로,869495,873434,885251,847832
2025-05-09,대한항공,22050,22550,22600,22000
2025-05-09,신한지주,50700,50700,51100,50300
2025-05-09,하이닉스,190100,192000,192800,186800
2025-05-09,한화에어로,864572,874419,884266,859648
2025-05-12,대한항공,22600,22500,22750,22250
2025-05-12,신한지주,51700,51200,51800,51000
2025-05-12,하이닉스,195000,193600,195200,193500
2025-05-12,한화에어로,807459,862602,863587,801551
2025-05-13,대한항공,22450,22900,23000,22350
2025-05-13,신한지주,51800,51000,52100,50900
2025-05-13,하이닉스,198500,200500,201500,197300
2025-05-13,한화에어로,791704,783826,812382,768071
2025-05-14,대한항공,22800,22700,23000,22600
2025-05-14,신한지주,51800,51700,52400,51500
2025-05-14,하이닉스,206000,207000,207000,204000
2025-05-14,한화에어로,807459,800566,821245,794658
2025-05-15,대한항공,22650,22900,23100,22400
2025-05-15,신한지주,51700,51400,52300,51400
2025-05-15,하이닉스,200500,207500,208000,199500
2025-05-15,한화에어로,809428,811398,815336,798596
2025-05-16,대한항공,22350,22750,22750,22300
2025-05-16,신한지주,51800,51500,52200,51200
2025-05-16,하이닉스,204500,206000,206750,203500
2025-05-16,한화에어로,828138,810413,832076,810413
2025-05-19,대한항공,22300,22150,22450,21950
2025-05-19,신한지주,52100,51800,52800,51700
2025-05-19,하이닉스,199400,203000,203000,197500
2025-05-19,한화에어로,826168,819275,840939,812382
2025-05-20,대한항공,22100,22550,22550,22000
2025-05-20,신한지주,53800,52600,53800,52600
2025-05-20,하이닉스,202000,202500,208000,201500
2025-05-20,한화에어로,802535,834046,836015,796627
2025-05-21,대한항공,21900,22050,22200,21850
2025-05-21,신한지주,53800,53900,54300,53600
2025-05-21,하이닉스,200500,204500,205000,199900
2025-05-21,한화에어로,837000,807459,840939,806474
2025-05-22,대한항공,22450,22550,22950,22400
2025-05-22,신한지주,54100,53500,54400,53200
2025-05-22,하이닉스,196900,199900,201500,196500
2025-05-22,한화에어로,833000,837000,843000,822000
2025-05-23,대한항공,22600,22500,22800,22250
2025-05-23,신한지주,55100,54300,55600,54100
2025-05-23,하이닉스,200000,199900,201500,198700
2025-05-23,한화에어로,830000,833000,836000,813000
2025-05-26,대한항공,22800,22900,22900,22400
2025-05-26,신한지주,56300,55400,56300,55300
2025-05-26,하이닉스,203000,200000,203500,196900
2025-05-26,한화에어로,833000,799000,833000,798000
2025-05-27,대한항공,22550,22550,22700,22400
2025-05-27,신한지주,56500,55800,56800,55700
2025-05-27,하이닉스,202500,200500,203500,200000
2025-05-27,한화에어로,887000,842000,889000,834000
2025-05-28,대한항공,22700,22550,22800,22450
2025-05-28,신한지주,56600,56600,57200,55900
2025-05-28,하이닉스,208000,206500,209500,206000
2025-05-28,한화에어로,832000,884000,893000,827000
2025-05-29,대한항공,22900,22900,23000,22650
2025-05-29,신한지주,57500,56800,57800,56300
2025-05-29,하이닉스,212000,214500,214500,207500
2025-05-29,한화에어로,857000,848000,872000,833000
2025-05-30,대한항공,22500,22900,23000,22500
2025-05-30,신한지주,58100,57400,58400,57300
2025-05-30,하이닉스,204500,210000,210000,203000
2025-05-30,한화에어로,811000,851000,852000,811000
2025-06-02,대한항공,22650,22500,22800,22400
2025-06-02,신한지주,55800,57600,58100,55000
2025-06-02,하이닉스,207500,205000,208500,203000
2025-06-02,한화에어로,835000,822000,839000,821000
2025-06-04,대한항공,22800,22650,22950,22600
2025-06-04,신한지주,59900,55300,59900,55300
2025-06-04,하이닉스,217500,218000,223000,216500
2025-06-04,한화에어로,845000,838000,845000,811000
2025-06-05,대한항공,22800,23150,23500,22800
2025-06-05,신한지주,59200,59700,60100,58400
2025-06-05,하이닉스,224500,225500,230000,222000
2025-06-05,한화에어로,905000,848000,925000,844000
2025-06-09,대한항공,22900,22900,23275,22850
2025-06-09,신한지주,60400,59500,60900,59000
2025-06-09,하이닉스,229000,233000,233500,228000
2025-06-09,한화에어로,880000,891000,895000,862000
2025-06-10,대한항공,22950,23100,23100,22850
2025-06-10,신한지주,60900,60300,61700,59800
2025-06-10,하이닉스,230500,231000,232500,227500
2025-06-10,한화에어로,936000,904000,950000,883000
2025-06-11,대한항공,22850,23050,23050,22750
2025-06-11,신한지주,59800,60400,60600,58700
2025-06-11,하이닉스,240000,236000,241000,235000
2025-06-11,한화에어로,905000,936000,942000,901000
2025-06-12,대한항공,22300,22700,22750,22250
2025-06-12,신한지주,58600,59000,59600,58300
2025-06-12,하이닉스,235500,242500,246500,235000
2025-06-12,한화에어로,953000,919000,958000,906000
2025-06-13,대한항공,21450,22400,22400,21250
2025-06-13,신한지주,59000,58500,59400,57900
2025-06-13,하이닉스,235500,240500,243000,233750
2025-06-13,한화에어로,945000,944000,982000,928000
2025-06-16,대한항공,21350,21300,21450,21050
2025-06-16,신한지주,60600,59100,60700,58500
2025-06-16,하이닉스,248000,238000,248500,238000
2025-06-16,한화에어로,970000,963000,987000,938000
2025-06-17,대한항공,21500,21600,21800,21400
2025-06-17,신한지주,60300,59700,61500,59500
2025-06-17,하이닉스,249000,253000,260000,248000
2025-06-17,한화에어로,954000,954000,964000,940000
2025-06-18,대한항공,21350,21200,21600,21100
2025-06-18,신한지주,59200,59100,60600,58100
2025-06-18,하이닉스,246500,245500,252000,245000
2025-06-18,한화에어로,927000,964000,969000,927000
2025-06-19,대한항공,21400,21550,21700,21350
2025-06-19,신한지주,59400,58700,59600,58600
2025-06-19,하이닉스,246000,247000,250000,242000
2025-06-19,한화에어로,934000,926000,938000,911000
2025-06-20,대한항공,21550,21550,21600,21300
2025-06-20,신한지주,59300,59400,60400,59200
2025-06-20,하이닉스,257000,249000,257000,247500
2025-06-20,한화에어로,938000,924000,965000,917000
2025-06-23,대한항공,21500,21650,21900,21400
2025-06-23,신한지주,60100,58800,60700,58800
2025-06-23,하이닉스,259500,252500,263000,248500
2025-06-23,한화에어로,919000,947000,953000,918000
2025-06-24,대한항공,23450,22450,23500,22450
2025-06-24,신한지주,61000,60700,62100,60600
2025-06-24,하이닉스,278500,270000,283000,269500
2025-06-24,한화에어로,895000,905000,913000,872000
2025-06-25,대한항공,23900,24400,24450,23400
2025-06-25,신한지주,60600,61100,61300,59800
2025-06-25,하이닉스,286000,289000,291500,284000
2025-06-25,한화에어로,856000,897000,900000,856000
2025-06-26,대한항공,24000,23950,24250,23600
2025-06-26,신한지주,59700,60800,61900,59200
2025-06-26,하이닉스,293000,294500,298500,287000
2025-06-26,한화에어로,878000,871000,885000,841000
2025-06-27,대한항공,23300,24150,24200,23150
2025-06-27,신한지주,60500,59800,61900,59700
2025-06-27,하이닉스,284000,288000,294500,281000
2025-06-27,한화에어로,890000,898000,926000,878000
2025-06-30,대한항공,22900,23050,23100,22650
2025-06-30,신한지주,61400,60600,61800,60400
2025-06-30,하이닉스,292000,288500,294500,286000
2025-06-30,한화에어로,848000,877000,877000,848000
2025-07-01,대한항공,22900,22900,23150,22850
2025-07-01,신한지주,62200,62000,63600,61700
2025-07-01,하이닉스,285500,291000,294500,285500
2025-07-01,한화에어로,839000,853000,867000,836000
2025-07-02,대한항공,23400,22900,23750,22900
2025-07-02,신한지주,61700,62300,62900,60800
2025-07-02,하이닉스,279000,283500,283500,274500
2025-07-02,한화에어로,819000,833000,838000,785000
2025-07-03,대한항공,24000,23400,24050,23250
2025-07-03,신한지주,63700,61700,63700,61600
2025-07-03,하이닉스,278500,281000,284000,277000
2025-07-03,한화에어로,817000,846000,861000,813000
2025-07-04,대한항공,23550,24100,24150,23500
2025-07-04,신한지주,63000,63800,64700,62900
2025-07-04,하이닉스,270500,279500,281500,269000
2025-07-04,한화에어로,779000,810000,818000,775000
2025-07-07,대한항공,23600,23400,23800,23350
2025-07-07,신한지주,66000,63400,66000,63100
2025-07-07,하이닉스,271000,266000,272000,264500
2025-07-07,한화에어로,805000,762000,814000,760000
2025-07-08,대한항공,23800,23450,24000,23350
2025-07-08,신한지주,71100,66000,72100,65700
2025-07-08,하이닉스,282000,271000,285000,268500
2025-07-08,한화에어로,815000,820000,827000,796000
2025-07-09,대한항공,23850,23950,24000,23650
2025-07-09,신한지주,69800,70800,71200,69000
2025-07-09,하이닉스,281000,282500,284000,277500
2025-07-09,한화에어로,850000,842000,858000,838000
2025-07-10,대한항공,24450,23900,24800,23800
2025-07-10,신한지주,69900,69800,70300,68500
2025-07-10,하이닉스,297000,284000,297000,283500
2025-07-10,한화에어로,853000,851000,858000,836000
2025-07-11,대한항공,24850,25300,25350,24650
2025-07-11,신한지주,69300,69200,70400,68200
2025-07-11,하이닉스,294500,299500,306500,292000
2025-07-11,한화에어로,806000,847000,847000,802000
2025-07-14,대한항공,26250,24650,26750,24600
2025-07-14,신한지주,71800,69200,72200,69200
2025-07-14,하이닉스,300000,292500,302500,292500
2025-07-14,한화에어로,807000,808000,819000,791000
2025-07-15,대한항공,26200,26050,26500,25700
2025-07-15,신한지주,70800,71100,71400,69900
2025-07-15,하이닉스,298500,296000,298500,290000
2025-07-15,한화에어로,848000,802000,848000,802000
2025-07-16,대한항공,25800,26500,26550,25800
2025-07-16,신한지주,69400,70900,71100,69050
2025-07-16,하이닉스,296000,298500,299500,292500
2025-07-16,한화에어로,854000,840000,854000,830000
2025-07-17,대한항공,26200,25950,26300,25550
2025-07-17,신한지주,69900,69500,70100,68300
2025-07-17,하이닉스,269500,283500,289500,268000
2025-07-17,한화에어로,896000,855000,912000,847000
2025-07-18,대한항공,25950,26300,26400,25500
2025-07-18,신한지주,68900,69900,70400,68000
2025-07-18,하이닉스,269000,270000,275000,267000
2025-07-18,한화에어로,896000,905000,910000,885000
2025-07-21,대한항공,25400,25800,25900,25300
2025-07-21,신한지주,69000,68500,69500,68200
2025-07-21,하이닉스,272500,267500,274500,266500
2025-07-21,한화에어로,919000,891000,926000,881000
2025-07-22,대한항공,25100,25400,25600,24800
2025-07-22,신한지주,68200,68600,69400,67800
2025-07-22,하이닉스,268500,273000,273500,267000
2025-07-22,한화에어로,922000,916000,923000,905000
2025-07-23,대한항공,25250,25400,25700,24850
2025-07-23,신한지주,68100,68500,69700,67600
2025-07-23,하이닉스,269000,267500,271000,264500
2025-07-23,한화에어로,910000,924000,931000,898000
2025-07-24,대한항공,24600,25450,25450,24550
2025-07-24,신한지주,69300,68700,70400,68700
2025-07-24,하이닉스,269500,277000,279000,269000
2025-07-24,한화에어로,941000,911000,946000,909000
2025-07-25,대한항공,24350,24550,24650,24200
2025-07-25,신한지주,71200,68700,73500,68200
2025-07-25,하이닉스,266000,273000,275000,265500
2025-07-25,한화에어로,945000,933000,951000,933000
2025-07-28,대한항공,24050,24450,24700,23850
2025-07-28,신한지주,67200,70600,70900,66500
2025-07-28,하이닉스,262000,261000,265500,258500
2025-07-28,한화에어로,953000,947000,959000,935000
2025-07-29,대한항공,23850,23950,24000,23600
2025-07-29,신한지주,68800,65500,69500,65500
2025-07-29,하이닉스,262500,254500,265000,254500
2025-07-29,한화에어로,998000,951000,998000,947000
2025-07-30,대한항공,24000,23850,24200,23800
2025-07-30,신한지주,68900,68500,69200,68200
2025-07-30,하이닉스,263500,263000,266000,260500
2025-07-30,한화에어로,977000,998000,998000,963000
2025-07-31,대한항공,23700,24100,24200,23650
2025-07-31,신한지주,68000,68200,68600,67200
2025-07-31,하이닉스,273500,271000,274000,265500
2025-07-31,한화에어로,213000,233000,233000,212000
2025-08-01,대한항공,23250,23500,23700,23200
2025-08-01,신한지주,65100,66800,67200,64800
2025-08-01,하이닉스,258000,266000,267000,257000
2025-08-01,한화에어로,210000,211000,215500,210000
2025-08-04,대한항공,23100,23000,23350,22950
2025-08-04,신한지주,65900,65300,66400,65000
2025-08-04,하이닉스,258000,254500,260000,254000
2025-08-04,한화에어로,211000,210000,212500,207000
2025-08-05,대한항공,23250,23500,23600,23150
2025-08-05,신한지주,68000,67700,68600,67200
2025-08-05,하이닉스,263500,264000,264500,260500
2025-08-05,한화에어로,210500,213000,215000,209500
2025-08-06,대한항공,23800,23400,24000,23400
2025-08-06,신한지주,68700,67500,68800,67500
2025-08-06,하이닉스,258500,260500,260500,257500
2025-08-06,한화에어로,210500,209000,211500,208500
2025-08-07,대한항공,23950,23950,23950,23650
2025-08-07,신한지주,69200,68500,69400,68400
2025-08-07,하이닉스,262000,258000,263000,250000
2025-08-07,한화에어로,212500,213500,215000,211000
2025-08-08,대한항공,24150,24000,24500,23800
2025-08-08,신한지주,69200,68600,69400,68300
2025-08-08,하이닉스,256500,262000,266000,255500
2025-08-08,한화에어로,212500,212500,214000,211500
2025-08-11,대한항공,23950,24300,24600,23950
2025-08-11,신한지주,69400,69300,69900,68700
2025-08-11,하이닉스,267000,260500,267500,260000
2025-08-11,한화에어로,212500,213000,213500,211500
2025-08-12,대한항공,23850,23900,24150,23800
2025-08-12,신한지주,70000,69200,71200,69200
2025-08-12,하이닉스,269000,268000,276000,267500
2025-08-12,한화에어로,213000,212000,216000,211500
2025-08-13,대한항공,25150,24350,25400,24300
2025-08-13,신한지주,69400,70300,71000,69000
2025-08-13,하이닉스,278000,278000,279000,274000
2025-08-13,한화에어로,216000,215500,216000,214000
2025-08-14,대한항공,24900,25250,25300,24750
2025-08-14,신한지주,69100,69700,71100,69100
2025-08-14,하이닉스,276500,277500,277500,270500
2025-08-14,한화에어로,217500,216000,219000,216000
2025-08-18,대한항공,24850,25050,25150,24750
2025-08-18,신한지주,67500,69000,69100,67000
2025-08-18,하이닉스,267500,272000,272000,267000
2025-08-18,한화에어로,216500,217500,218000,215000
2025-08-19,대한항공,25150,24900,25300,24750
2025-08-19,신한지주,67400,69000,69000,66800
2025-08-19,하이닉스,263000,268500,270000,261500
2025-08-19,한화에어로,219000,216500,219000,215000
2025-08-20,대한항공,25050,24700,25050,24450
2025-08-20,신한지주,66900,68000,68300,65600
2025-08-20,하이닉스,255500,254500,257000,251000
2025-08-20,한화에어로,220500,218500,222000,217500
2025-08-21,대한항공,24950,25050,25100,24750
2025-08-21,신한지주,67000,67400,68300,66800
2025-08-21,하이닉스,245000,246500,251000,245000
2025-08-21,한화에어로,221500,221000,224500,220500
2025-08-22,대한항공,24850,25000,25350,24750
2025-08-22,신한지주,66700,67100,67800,66600
2025-08-22,하이닉스,251000,245500,252500,245500
2025-08-22,한화에어로,220000,222000,223500,219500
2025-08-25,대한항공,25600,25150,25750,25100
2025-08-25,신한지주,66700,67200,67700,66200
2025-08-25,하이닉스,259500,256000,261500,254000
2025-08-25,한화에어로,222000,221500,222000,217500
2025-08-26,대한항공,24550,25500,25500,24400
2025-08-26,신한지주,65000,66600,66700,65000
2025-08-26,하이닉스,261500,259500,262500,257000
2025-08-26,한화에어로,218500,220500,222000,217500
2025-08-27,대한항공,24150,24700,24750,24050
2025-08-27,신한지주,65700,65000,66000,64900
2025-08-27,하이닉스,260000,259000,261000,256000
2025-08-27,한화에어로,220000,219000,221000,218500
2025-08-28,대한항공,23850,24300,24300,23800
2025-08-28,신한지주,66100,65400,67100,65300
2025-08-28,하이닉스,268500,254000,268500,253000
2025-08-28,한화에어로,222000,218500,225000,218000
2025-08-29,대한항공,23750,24000,24050,23550
2025-08-29,신한지주,65300,65900,66200,64700
2025-08-29,하이닉스,269000,268000,270000,266000
2025-08-29,한화에어로,220000,223000,224500,218500
2025-09-01,대한항공,23600,23650,23800,23450
2025-09-01,신한지주,64000,65500,65600,63600
2025-09-01,하이닉스,256000,259500,261000,255000
2025-09-01,한화에어로,220500,220500,223000,219000
2025-09-02,대한항공,23450,23600,23700,23400
2025-09-02,신한지주,64900,63900,64900,63800
2025-09-02,하이닉스,260500,256000,261500,256000
2025-09-02,한화에어로,220000,221000,221000,217000
2025-09-03,대한항공,23450,23500,23750,23350
2025-09-03,신한지주,65600,65600,65600,64800
2025-09-03,하이닉스,262500,259500,265500,257750
2025-09-03,한화에어로,221500,218500,223500,218500
2025-09-04,대한항공,23600,23600,23700,23450
2025-09-04,신한지주,64500,64800,65300,63800
2025-09-04,하이닉스,265500,267000,271000,264500
2025-09-04,한화에어로,221500,221000,221500,219500
2025-09-05,대한항공,23650,23700,23775,23550
2025-09-05,신한지주,64600,64300,64900,64200
2025-09-05,하이닉스,273500,273000,275000,272000
2025-09-05,한화에어로,220000,222000,222500,219500
2025-09-08,대한항공,23550,23800,23850,23450
2025-09-08,신한지주,64400,64500,64600,63700
2025-09-08,하이닉스,277000,278500,279000,274000
2025-09-08,한화에어로,218500,218000,218500,215500
2025-09-09,대한항공,23600,23650,23700,23500
2025-09-09,신한지주,65300,64700,65500,64300
2025-09-09,하이닉스,288000,278000,288500,277000
2025-09-09,한화에어로,219000,219500,220500,218500
2025-09-10,대한항공,23900,23700,23950,23650
2025-09-10,신한지주,67500,65300,68300,64700
2025-09-10,하이닉스,304000,294500,305000,293000
2025-09-10,한화에어로,220500,219500,222000,219000
2025-09-11,대한항공,23750,24000,24050,23600
2025-09-11,신한지주,67800,67200,68000,66900
2025-09-11,하이닉스,307000,310000,315000,305500
2025-09-11,한화에어로,223000,221500,223000,219000
2025-09-12,대한항공,23900,23850,23900,23700
2025-09-12,신한지주,69300,68900,69400,68100
2025-09-12,하이닉스,328500,322000,329500,319000
2025-09-12,한화에어로,223500,222500,224000,220500
2025-09-15,대한항공,23600,23850,23900,23550
2025-09-15,신한지주,69900,68600,70600,68400
2025-09-15,하이닉스,331000,339500,341500,325000
2025-09-15,한화에어로,215000,221500,221500,215000
2025-09-16,대한항공,23350,23600,23650,23300
2025-09-16,신한지주,70900,70000,71400,69600
2025-09-16,하이닉스,348000,331500,354000,331500
2025-09-16,한화에어로,215000,216000,216500,215000
2025-09-17,대한항공,23750,23400,23900,23300
2025-09-17,신한지주,69700,70500,70500,69200
2025-09-17,하이닉스,333500,341000,342500,333500
2025-09-17,한화에어로,216000,216000,216500,215000
2025-09-18,대한항공,23600,23700,23750,23500
2025-09-18,신한지주,69000,69200,69800,68200
2025-09-18,하이닉스,353000,338500,357000,336500
2025-09-18,한화에어로,218500,216500,218500,215000
2025-09-19,대한항공,23100,23650,23700,23100
2025-09-19,신한지주,69800,68400,69800,68100
2025-09-19,하이닉스,353000,351500,360000,348000
2025-09-19,한화에어로,214000,218000,218500,212000
2025-09-22,대한항공,23250,23400,23750,23175
2025-09-22,신한지주,69500,69800,70600,69500
2025-09-22,하이닉스,351000,349000,359000,345250
2025-09-22,한화에어로,218000,215000,219000,214500
2025-09-23,대한항공,23100,23400,23450,22950
2025-09-23,신한지주,69900,69300,70400,69100
2025-09-23,하이닉스,361000,355500,363000,353000
2025-09-23,한화에어로,219000,217500,220000,217500
2025-09-24,대한항공,23050,23150,23150,22850
2025-09-24,신한지주,69100,70000,70200,68700
2025-09-24,하이닉스,357500,359000,364000,348500
2025-09-24,한화에어로,217500,218000,219500,216500
2025-09-25,대한항공,22900,22950,23100,22850
2025-09-25,신한지주,69800,69300,70900,69100
2025-09-25,하이닉스,356500,352000,359000,349500
2025-09-25,한화에어로,217000,217000,217500,215500
2025-09-26,대한항공,22700,22850,22900,22550
2025-09-26,신한지주,69200,69200,69900,68800
2025-09-26,하이닉스,336500,347500,349000,333000
2025-09-26,한화에어로,214500,215000,215500,213000
2025-09-29,대한항공,23200,22800,23200,22750
2025-09-29,신한지주,70900,71000,71300,70400
2025-09-29,하이닉스,349000,339500,351000,339000
2025-09-29,한화에어로,215000,215500,216500,214000
2025-09-30,대한항공,22750,23250,23250,22650
2025-09-30,신한지주,70800,71000,71500,70500
2025-09-30,하이닉스,347500,353000,356500,347500
2025-09-30,한화에어로,215000,214000,216000,214000
2025-10-01,대한항공,22700,22750,22900,22700
2025-10-01,신한지주,70500,70500,71300,70300
2025-10-01,하이닉스,360000,351000,362000,351000
2025-10-01,한화에어로,215500,215500,217000,215000
2025-10-02,대한항공,23000,22800,23000,22700
2025-10-02,신한지주,71400,71000,72600,70800
2025-10-02,하이닉스,395500,388500,404500,384000
2025-10-02,한화에어로,220000,216500,223000,216500
2025-10-10,대한항공,22600,22800,22850,22500
2025-10-10,신한지주,72000,71400,72800,70700
2025-10-10,하이닉스,428000,426000,439250,416500
2025-10-10,한화에어로,217000,219000,220250,216500
2025-10-13,대한항공,22000,22200,22300,21950
2025-10-13,신한지주,70400,72100,72300,69600
2025-10-13,하이닉스,415000,405500,415500,403000
2025-10-13,한화에어로,218500,214500,219500,214000
2025-10-14,대한항공,22000,22000,22350,21950
2025-10-14,신한지주,68400,69600,70100,68100
2025-10-14,하이닉스,411500,425000,436500,406500
2025-10-14,한화에어로,223000,218500,225000,218000
2025-10-15,대한항공,22050,22050,22150,22000
2025-10-15,신한지주,71100,69300,71200,69300
2025-10-15,하이닉스,422500,410500,424000,407000
2025-10-15,한화에어로,223500,223000,224000,220000
2025-10-16,대한항공,22350,22300,22450,22150
2025-10-16,신한지주,72700,71200,72700,71100
2025-10-16,하이닉스,452500,421000,455000,420500
2025-10-16,한화에어로,242000,237000,245000,234000
2025-10-17,대한항공,22150,22450,22500,22000
2025-10-17,신한지주,73100,72000,73700,71400
2025-10-17,하이닉스,465500,451500,475000,449500
2025-10-17,한화에어로,243000,241000,246000,239500
2025-10-20,대한항공,22600,22100,22600,21900
2025-10-20,신한지주,74400,74100,75000,72100
2025-10-20,하이닉스,485500,477500,485500,465500
2025-10-20,한화에어로,248000,251500,252000,241500
2025-10-21,대한항공,22550,22750,22950,22450
2025-10-21,신한지주,73900,74200,77300,73700
2025-10-21,하이닉스,479000,497000,502000,478000
2025-10-21,한화에어로,256500,252000,267000,251500
2025-10-22,대한항공,22750,22400,22750,22300
2025-10-22,신한지주,74100,73600,74300,72600
2025-10-22,하이닉스,481500,475000,482000,469000
2025-10-22,한화에어로,261000,265000,265000,254500
2025-10-23,대한항공,22500,22800,22800,22450
2025-10-23,신한지주,73300,72900,74900,72200
2025-10-23,하이닉스,478500,470000,488500,468000
2025-10-23,한화에어로,252000,256500,258500,251000
2025-10-24,대한항공,22400,22600,22650,22300
2025-10-24,신한지주,73400,73600,74300,73400
2025-10-24,하이닉스,510000,493000,513000,491500
2025-10-24,한화에어로,252500,253500,254000,248000
2025-10-27,대한항공,22300,22400,22450,22250
2025-10-27,신한지주,74500,73200,75400,73100
2025-10-27,하이닉스,535000,533000,537000,523000
2025-10-27,한화에어로,254500,253500,259500,253000
2025-10-28,대한항공,22350,22350,22400,22200
2025-10-28,신한지주,74000,73700,74800,73200
2025-10-28,하이닉스,521000,521000,527000,509000
2025-10-28,한화에어로,250500,253500,253500,249000
2025-10-29,대한항공,22100,22350,22450,22050
2025-10-29,신한지주,74400,76000,76000,73100
2025-10-29,하이닉스,558000,538000,559000,523000
2025-10-29,한화에어로,258000,254500,259500,251000
2025-10-30,대한항공,22500,22750,23050,22350
2025-10-30,신한지주,73300,72600,75600,72500
2025-10-30,하이닉스,568000,558000,579000,552000
2025-10-30,한화에어로,265000,287500,289500,263000
2025-10-31,대한항공,22150,22350,22350,22100
2025-10-31,신한지주,73300,73400,74300,72500
2025-10-31,하이닉스,559000,557000,566000,552000
2025-10-31,한화에어로,290000,273500,294000,270500
2025-11-03,대한항공,22200,22300,22300,22100
2025-11-03,신한지주,74100,72600,74200,72500
2025-11-03,하이닉스,620000,557000,624000,555000
2025-11-03,한화에어로,291500,297500,298000,288000
2025-11-04,대한항공,22000,22200,22250,22000
2025-11-04,신한지주,76400,73700,77500,73400
2025-11-04,하이닉스,586000,611000,614000,583000
2025-11-04,한화에어로,276000,286500,288500,276000
2025-11-05,대한항공,22000,22300,22300,21550
2025-11-05,신한지주,75300,78500,78500,74300
2025-11-05,하이닉스,579000,563000,587000,532000
2025-11-05,한화에어로,268500,270000,271500,259000
2025-11-06,대한항공,22050,22100,22150,21650
2025-11-06,신한지주,79200,76200,80500,75700
2025-11-06,하이닉스,593000,602000,607000,583000
2025-11-06,한화에어로,269000,274500,275000,264500
2025-11-07,대한항공,21700,21900,21950,21650
2025-11-07,신한지주,77400,80700,81000,77000
2025-11-07,하이닉스,580000,577000,599000,565000
2025-11-07,한화에어로,264000,261000,267000,259500
2025-11-10,대한항공,22000,21850,22100,21750
2025-11-10,신한지주,78800,80000,82000,78800
2025-11-10,하이닉스,606000,584000,615000,581000
2025-11-10,한화에어로,270500,266500,274000,265000
2025-11-11,대한항공,21800,22100,22200,21750
2025-11-11,신한지주,78000,77500,79800,77500
2025-11-11,하이닉스,619000,622000,646000,604000
2025-11-11,한화에어로,269000,272500,274000,267500
2025-11-12,대한항공,22300,21850,22300,21800
2025-11-12,신한지주,81400,77900,81500,77900
2025-11-12,하이닉스,617000,605000,620000,601000
2025-11-12,한화에어로,275500,271500,278500,269500
2025-11-13,대한항공,22300,22300,22350,22050
2025-11-13,신한지주,80700,81500,83900,80000
2025-11-13,하이닉스,612000,607000,622000,607000
2025-11-13,한화에어로,278500,273000,279000,272500
2025-11-14,대한항공,21900,22000,22150,21900
2025-11-14,신한지주,79600,80800,80900,79300
2025-11-14,하이닉스,560000,579000,585000,560000
2025-11-14,한화에어로,272500,272500,278000,272000
2025-11-17,대한항공,21600,21900,21950,21600
2025-11-17,신한지주,78200,79000,79600,77700
2025-11-17,하이닉스,606000,588000,606000,584000
2025-11-17,한화에어로,271500,275500,275500,271500
2025-11-18,대한항공,21250,21650,21750,21200
2025-11-18,신한지주,76400,77700,78800,75500
2025-11-18,하이닉스,570000,583000,591000,570000
2025-11-18,한화에어로,264500,269000,271500,263500
2025-11-19,대한항공,21300,21450,21600,21200
2025-11-19,신한지주,76700,77200,78000,76000
2025-11-19,하이닉스,562000,563000,570000,546000
2025-11-19,한화에어로,264000,272000,272000,261500
2025-11-20,대한항공,21650,21450,21850,21400
2025-11-20,신한지주,76700,77100,78050,76700
2025-11-20,하이닉스,571000,595000,597000,570000
2025-11-20,한화에어로,262000,267000,267500,262000
2025-11-21,대한항공,21400,21350,21500,21300
2025-11-21,신한지주,77000,75600,77000,75100
2025-11-21,하이닉스,521000,518000,531000,514000
2025-11-21,한화에어로,259500,255000,261000,254500
2025-11-24,대한항공,21000,21700,21750,21000
2025-11-24,신한지주,76300,77700,79000,76300
2025-11-24,하이닉스,520000,531000,542000,517000
2025-11-24,한화에어로,257500,262000,262000,257500
2025-11-25,대한항공,21100,21250,21400,21000
2025-11-25,신한지주,77500,77500,79000,77100
2025-11-25,하이닉스,519000,546000,550000,518000
2025-11-25,한화에어로,257500,261000,262000,256500
2025-11-26,대한항공,21700,21250,21750,21200
2025-11-26,신한지주,79000,79000,79500,78200
2025-11-26,하이닉스,524000,513000,528000,501000
2025-11-26,한화에어로,261500,260500,262000,259500
2025-11-27,대한항공,21800,21750,22000,21700
2025-11-27,신한지주,78300,78400,79700,78000
2025-11-27,하이닉스,544000,535000,556000,533000
2025-11-27,한화에어로,261500,261500,262500,259500
2025-11-28,대한항공,21850,21850,21900,21700
2025-11-28,신한지주,78000,78100,78500,77100
2025-11-28,하이닉스,530000,551000,552000,530000
2025-11-28,한화에어로,261500,261500,265500,259000
2025-12-01,대한항공,21950,21850,22050,21800
2025-12-01,신한지주,79700,78800,79800,78000
2025-12-01,하이닉스,538000,542000,545000,525000
2025-12-01,한화에어로,254500,261000,261500,253500
2025-12-02,대한항공,22100,22050,22150,22000
2025-12-02,신한지주,81400,79700,82300,79300
2025-12-02,하이닉스,558000,548000,559000,542000
2025-12-02,한화에어로,266000,257500,267500,257000
2025-12-03,대한항공,22400,22200,22400,22150
2025-12-03,신한지주,79900,81100,81400,79700
2025-12-03,하이닉스,552000,550000,559000,544000
2025-12-03,한화에어로,266500,266500,267500,263000
2025-12-04,대한항공,22300,22450,22500,22150
2025-12-04,신한지주,78700,79300,79800,78500
2025-12-04,하이닉스,542000,542000,543000,532000
2025-12-04,한화에어로,283500,273000,284500,270000
2025-12-05,대한항공,22250,22200,22300,22050
2025-12-05,신한지주,80200,79200,80400,78800
2025-12-05,하이닉스,544000,530000,546000,527000
2025-12-05,한화에어로,315000,282000,316500,280000
2025-12-08,대한항공,22350,22350,22450,22200
2025-12-08,신한지주,78000,80000,80000,77300
2025-12-08,하이닉스,577000,543000,580000,533000
2025-12-08,한화에어로,315500,321000,321000,308500
2025-12-09,대한항공,22550,22450,22750,22400
2025-12-09,신한지주,78400,78800,78800,77500
2025-12-09,하이닉스,566000,569000,575000,564000
2025-12-09,한화에어로,307000,308000,312000,301500
2025-12-10,대한항공,22200,22600,22600,22200
2025-12-10,신한지주,77300,78600,78700,76800
2025-12-10,하이닉스,587000,571000,593000,570000
2025-12-10,한화에어로,302500,304500,306000,297500
2025-12-11,대한항공,22100,22400,22400,22050
2025-12-11,신한지주,77100,78000,78400,77100
2025-12-11,하이닉스,565000,583000,589000,565000
2025-12-11,한화에어로,295500,304000,306500,295500
2025-12-12,대한항공,22600,22300,22650,22300
2025-12-12,신한지주,77700,78200,78500,77500
2025-12-12,하이닉스,571000,565000,579000,560000
2025-12-12,한화에어로,301500,299000,303000,295500
2025-12-15,대한항공,22400,22400,22550,22250
2025-12-15,신한지주,77200,77700,78200,76900
2025-12-15,하이닉스,554000,535000,563500,535000
2025-12-15,한화에어로,293500,296500,297500,293500
2025-12-16,대한항공,22150,22500,22550,22150
2025-12-16,신한지주,75800,77300,77650,75200
2025-12-16,하이닉스,530000,545000,551000,530000
2025-12-16,한화에어로,286000,296500,301500,284500
2025-12-17,대한항공,22200,22150,22350,22100
2025-12-17,신한지주,76400,76600,77200,75900
2025-12-17,하이닉스,551000,530000,554000,525000
2025-12-17,한화에어로,286000,288000,288500,284000
2025-12-18,대한항공,21950,22000,22150,21750
2025-12-18,신한지주,76200,76700,76900,75500
2025-12-18,하이닉스,552000,538000,563000,537000
2025-12-18,한화에어로,282500,280500,285000,280000
2025-12-19,대한항공,22600,22100,22800,22100
2025-12-19,신한지주,77300,77000,77900,76500
2025-12-19,하이닉스,547000,569000,570000,547000
2025-12-19,한화에어로,288500,285500,288500,278500
2025-12-22,대한항공,22950,22800,23050,22600
2025-12-22,신한지주,78600,78800,78900,77800
2025-12-22,하이닉스,580000,574000,580000,567000
2025-12-22,한화에어로,289000,290500,290500,285000
2025-12-23,대한항공,22650,23000,23000,22600
2025-12-23,신한지주,76500,78200,78500,75900
2025-12-23,하이닉스,584000,585000,593000,581000
2025-12-23,한화에어로,287000,290500,292500,285500
2025-12-24,대한항공,23000,22700,23450,22550
2025-12-24,신한지주,77800,77100,78100,77100
2025-12-24,하이닉스,588000,587000,591000,584000
2025-12-24,한화에어로,289000,289000,300000,287000
2025-12-26,대한항공,22850,23200,23200,22850
2025-12-26,신한지주,76800,77400,77400,76200
2025-12-26,하이닉스,599000,594000,605000,590000
2025-12-26,한화에어로,286000,292000,292000,285000
2025-12-29,대한항공,22800,22650,22900,22450
2025-12-29,신한지주,77900,75600,77900,74600
2025-12-29,하이닉스,640000,630000,640000,625000
2025-12-29,한화에어로,293500,284500,294000,282500
2025-12-30,대한항공,22550,22950,23150,22500
2025-12-30,신한지주,76900,76900,77300,76500
2025-12-30,하이닉스,651000,639000,659000,634000
2025-12-30,한화에어로,296500,291000,297500,289500
2026-01-02,대한항공,22200,22600,22650,22100
2026-01-02,신한지주,76600,76600,77100,76000
2026-01-02,하이닉스,677000,651000,679000,647000
2026-01-02,한화에어로,298500,299500,302000,293000
2026-01-05,대한항공,22600,22400,22650,22300
2026-01-05,신한지주,79100,77000,79300,76600
2026-01-05,하이닉스,696000,698000,700000,684000
2026-01-05,한화에어로,304500,302500,310000,302000
2026-01-06,대한항공,22500,22500,22600,22350
2026-01-06,신한지주,80500,79600,80900,79200
2026-01-06,하이닉스,726000,690000,727000,671000
2026-01-06,한화에어로,308000,318000,330000,304000
2026-01-07,대한항공,22100,22450,22450,21900
2026-01-07,신한지주,79000,79200,80200,78000
2026-01-07,하이닉스,742000,760000,762000,728000
2026-01-07,한화에어로,350500,314000,362000,313000
2026-01-08,대한항공,21650,22050,22050,21600
2026-01-08,신한지주,77500,78900,78900,76900
2026-01-08,하이닉스,756000,731000,788000,731000
2026-01-08,한화에어로,340500,361000,361000,338000
2026-01-09,대한항공,22100,21800,22150,21700
2026-01-09,신한지주,77800,78000,78800,77500
2026-01-09,하이닉스,744000,744000,756000,727000
2026-01-09,한화에어로,366000,349000,369000,340000
2026-01-12,대한항공,22100,22000,22100,21800
2026-01-12,신한지주,78200,78500,78600,77200
2026-01-12,하이닉스,749000,755000,762000,735000
2026-01-12,한화에어로,367000,383000,383500,358500
2026-01-13,대한항공,22250,22150,22300,22000
2026-01-13,신한지주,78400,78100,78500,76700
2026-01-13,하이닉스,738000,753000,754000,724000
2026-01-13,한화에어로,406000,380500,413500,378000
2026-01-14,대한항공,23100,22250,23100,22150
2026-01-14,신한지주,79900,78400,80000,78100
2026-01-14,하이닉스,742000,733000,750000,728000
2026-01-14,한화에어로,411500,406500,413500,398000
2026-01-15,대한항공,23000,23100,23100,22700
2026-01-15,신한지주,79400,80000,80800,78600
2026-01-15,하이닉스,749000,732000,750000,727000
2026-01-15,한화에어로,422000,409500,425000,405000
2026-01-16,대한항공,24300,23400,25050,23400
2026-01-16,신한지주,79200,79600,79800,78700
2026-01-16,하이닉스,756000,751000,763000,747000
2026-01-16,한화에어로,413000,426500,426500,408000
2026-01-19,대한항공,24300,24600,24650,23700
2026-01-19,신한지주,79700,78700,80400,78000
2026-01-19,하이닉스,764000,755000,774000,750000
2026-01-19,한화에어로,480000,420000,487000,419500
2026-01-20,대한항공,24450,24400,24600,23850
2026-01-20,신한지주,81900,78900,82400,78800
2026-01-20,하이닉스,743000,764000,764000,737000
2026-01-20,한화에어로,479000,494000,496500,460500
2026-01-21,대한항공,24050,23850,24250,23650
2026-01-21,신한지주,81200,82300,82300,80000
2026-01-21,하이닉스,740000,729000,756000,728000
2026-01-21,한화에어로,549000,468000,551000,467500
2026-01-22,대한항공,24100,24350,24400,24000
2026-01-22,신한지주,82900,81700,83500,81000
2026-01-22,하이닉스,755000,766000,773000,751000
2026-01-22,한화에어로,529000,586000,590000,525000
2026-01-23,대한항공,24100,24150,24200,23800
2026-01-23,신한지주,83900,83000,83900,81800
2026-01-23,하이닉스,767000,754000,776000,744000
2026-01-23,한화에어로,510000,530000,543000,500000
2026-01-26,대한항공,23700,24400,24500,23650
2026-01-26,신한지주,82400,83900,84500,82400
2026-01-26,하이닉스,736000,753000,754000,736000
2026-01-26,한화에어로,492500,499000,515000,490000
2026-01-27,대한항공,23900,23850,24100,23700
2026-01-27,신한지주,86100,82700,86500,82500
2026-01-27,하이닉스,800000,738000,800000,733000
2026-01-27,한화에어로,488500,473000,499000,469000
2026-01-28,대한항공,23800,24100,24100,23650
2026-01-28,신한지주,83800,84900,87000,83600
2026-01-28,하이닉스,841000,810000,854000,803000
2026-01-28,한화에어로,492500,505000,506000,490500
2026-01-29,대한항공,23700,23650,23800,23150
2026-01-29,신한지주,85100,85800,85800,83400
2026-01-29,하이닉스,861000,879000,884000,819000
2026-01-29,한화에어로,528000,501000,529000,494000
2026-01-30,대한항공,23300,23700,23800,23250
2026-01-30,신한지주,84300,84800,86400,83800
2026-01-30,하이닉스,909000,854000,931000,853000
2026-01-30,한화에어로,500000,516000,517000,500000
2026-02-02,대한항공,22500,22950,23200,22400
2026-02-02,신한지주,82500,85000,88000,82000
2026-02-02,하이닉스,830000,870000,888000,830000
2026-02-02,한화에어로,478000,486000,507000,473000
2026-02-03,대한항공,23050,22850,23050,22700
2026-02-03,신한지주,88000,85500,88000,85000
2026-02-03,하이닉스,907000,874000,907000,871000
2026-02-03,한화에어로,491500,487000,495000,473000
2026-02-04,대한항공,23750,22950,23850,22900
2026-02-04,신한지주,90300,92000,92500,87000
2026-02-04,하이닉스,900000,884000,906000,883000
2026-02-04,한화에어로,504000,502000,518000,497500
2026-02-05,대한항공,24150,23700,24750,23550
2026-02-05,신한지주,90900,90300,91700,88600
2026-02-05,하이닉스,842000,851000,877000,838000
2026-02-05,한화에어로,488500,492500,508000,483500
2026-02-06,대한항공,23500,23850,23850,23100
2026-02-06,신한지주,93600,90100,93600,87800
2026-02-06,하이닉스,839000,805000,850000,791000
2026-02-06,한화에어로,467500,469500,473000,452000
2026-02-09,대한항공,24200,23800,24250,23650
2026-02-09,신한지주,93400,96000,97000,93000
2026-02-09,하이닉스,887000,898000,899000,873000
2026-02-09,한화에어로,478000,484000,485000,473000
2026-02-10,대한항공,24950,24100,25650,24100
2026-02-10,신한지주,97900,95700,99000,94800
2026-02-10,하이닉스,876000,894000,905000,876000
2026-02-10,한화에어로,480500,499000,505000,479000
2026-02-11,대한항공,24950,25500,25500,24600
2026-02-11,신한지주,100900,97800,101000,97800
2026-02-11,하이닉스,860000,860000,874000,848000
2026-02-11,한화에어로,509000,480500,515000,477000
2026-02-12,대한항공,24800,25000,25200,24550
2026-02-12,신한지주,106000,105600,107200,101100
2026-02-12,하이닉스,888000,882000,894000,878000
2026-02-12,한화에어로,506000,512000,512000,498000
2026-02-13,대한항공,24800,24800,25200,24500
2026-02-13,신한지주,102500,105200,106200,102400
2026-02-13,하이닉스,880000,889000,903000,878000
2026-02-13,한화에어로,499000,499500,509500,497500
2026-02-19,대한항공,25400,25600,25650,25200
2026-02-19,신한지주,100300,102500,103400,99500
2026-02-19,하이닉스,894000,905000,913000,888000
2026-02-19,한화에어로,513000,504000,523000,495500
2026-02-20,대한항공,25150,25100,25250,24900
2026-02-20,신한지주,102000,101000,102600,100200
2026-02-20,하이닉스,949000,892000,955000,881000
2026-02-20,한화에어로,509000,516000,516000,504000
2026-02-23,대한항공,26450,25500,26850,25350
2026-02-23,신한지주,101800,102900,102900,100900
2026-02-23,하이닉스,951000,980000,980000,941000
2026-02-23,한화에어로,523000,524000,541000,517000
2026-02-24,대한항공,26500,26450,26700,26000
2026-02-24,신한지주,100900,103800,103800,97900
2026-02-24,하이닉스,1005000,952000,1005000,946000
2026-02-24,한화에어로,524000,522000,530000,505000
2026-02-25,대한항공,28950,27000,29750,26600
2026-02-25,신한지주,99500,100300,100800,98500
2026-02-25,하이닉스,1018000,1012000,1038000,1004000
2026-02-25,한화에어로,572000,535000,584000,532000
2026-02-26,대한항공,28100,28850,28900,27900
2026-02-26,신한지주,99900,99500,100400,98300
2026-02-26,하이닉스,1099000,1024000,1099000,1023000
2026-02-26,한화에어로,609000,574000,618000,563000
2026-02-27,대한항공,28100,28700,28850,27900
2026-02-27,신한지주,96900,99500,99500,96400
2026-02-27,하이닉스,1061000,1050000,1096000,1048000
2026-02-27,한화에어로,674000,592000,687000,590000
2026-03-03,대한항공,25200,26100,26600,25200
2026-03-03,신한지주,96700,95900,98300,95200
2026-03-03,하이닉스,939000,1022000,1040000,939000
2026-03-03,한화에어로,595000,654000,658000,594000
2026-03-04,대한항공,23200,23900,24700,22850
2026-03-04,신한지주,88800,94500,94600,85000
2026-03-04,하이닉스,849000,894000,954000,846000
2026-03-04,한화에어로,501000,560000,593000,497500
2026-03-05,대한항공,24500,24850,24900,24050
2026-03-05,신한지주,92900,95000,96200,92100
2026-03-05,하이닉스,941000,976000,992000,927000
2026-03-05,한화에어로,548000,565000,582000,540000
2026-03-06,대한항공,24500,23750,24500,23350
2026-03-06,신한지주,91800,89000,91800,89000
2026-03-06,하이닉스,924000,912000,938000,885000
2026-03-06,한화에어로,553000,532000,564000,530000
2026-03-09,대한항공,22400,22900,23050,22000
2026-03-09,신한지주,88500,85700,89700,83700
2026-03-09,하이닉스,836000,851000,864000,808000
2026-03-09,한화에어로,507000,504000,511000,491000
2026-03-10,대한항공,24350,23900,24600,23500
2026-03-10,신한지주,89200,90800,92700,88000
2026-03-10,하이닉스,938000,915000,950000,899000
2026-03-10,한화에어로,525000,538000,541000,519000
2026-03-11,대한항공,24600,24500,25400,24350
2026-03-11,신한지주,91100,90900,94200,90300
2026-03-11,하이닉스,955000,954000,985000,941000
2026-03-11,한화에어로,530000,550000,561000,523000
2026-03-12,대한항공,24250,24150,24500,23650
2026-03-12,신한지주,91900,91100,92500,89900
2026-03-12,하이닉스,930000,938000,963000,928000
2026-03-12,한화에어로,521000,524000,528000,513000
2026-03-13,대한항공,24300,23500,24900,23450
2026-03-13,신한지주,90800,87300,92700,87300
2026-03-13,하이닉스,910000,891000,929000,884000
2026-03-13,한화에어로,517000,502000,529500,501000
2026-03-16,대한항공,24650,24200,25000,23950
2026-03-16,신한지주,90000,89900,91200,88900
2026-03-16,하이닉스,974000,925000,975000,924000
2026-03-16,한화에어로,506000,511000,520000,499000
2026-03-17,대한항공,24850,25350,25500,24800
2026-03-17,신한지주,91200,91200,93300,90300
2026-03-17,하이닉스,970000,1009000,1010000,969000
2026-03-17,한화에어로,522000,528000,544000,520000
2026-03-18,대한항공,25500,25350,25900,25350
2026-03-18,신한지주,95000,93800,95500,92100
2026-03-18,하이닉스,1056000,1000000,1060000,999000
2026-03-18,한화에어로,545000,536000,545000,530000
2026-03-19,대한항공,24550,24750,24900,24500
2026-03-19,신한지주,96500,93000,96700,92200
2026-03-19,하이닉스,1013000,1008000,1043000,1003000
2026-03-19,한화에어로,522000,521000,530000,521000
2026-03-20,대한항공,26350,24950,26350,24900
2026-03-20,신한지주,97900,95900,98800,95800
2026-03-20,하이닉스,1007000,1023000,1026000,1002000
2026-03-20,한화에어로,517000,527000,528000,517000
2026-03-23,대한항공,24300,25300,26050,24200
2026-03-23,신한지주,89900,94000,94600,89300
2026-03-23,하이닉스,933000,952000,963000,927000
2026-03-23,한화에어로,485000,500000,501000,485000
2026-03-24,대한항공,24850,25500,25500,24200
2026-03-24,신한지주,90000,91600,93600,88200
2026-03-24,하이닉스,986000,993000,994000,938000
2026-03-24,한화에어로,492000,508000,509000,484000
2026-03-25,대한항공,25400,25300,25800,25200
2026-03-25,신한지주,92100,92500,94000,91800
2026-03-25,하이닉스,995000,1016000,1042000,988000
2026-03-25,한화에어로,501000,509000,518000,498500
2026-03-26,대한항공,24950,25350,25350,24850
2026-03-26,신한지주,93400,93100,94600,92200
2026-03-26,하이닉스,933000,965000,973000,931000
2026-03-26,한화에어로,490000,496000,499500,486000
2026-03-27,대한항공,25300,24550,25350,24500
2026-03-27,신한지주,93500,93400,93900,90000
2026-03-27,하이닉스,922000,890000,934000,880000
2026-03-27,한화에어로,495000,472500,498500,467000
2026-03-30,대한항공,24350,23950,24600,23600
2026-03-30,신한지주,90500,88400,91300,87800
2026-03-30,하이닉스,873000,867000,884000,862000
2026-03-30,한화에어로,469500,468500,472500,461000
2026-03-31,대한항공,23550,23900,24200,23300
2026-03-31,신한지주,87700,89000,89600,87300
2026-03-31,하이닉스,807000,817000,852000,806000
2026-03-31,한화에어로,445500,459500,464000,445000
2026-04-01,대한항공,24700,24400,24800,23850
2026-04-01,신한지주,93300,93900,94200,91000
2026-04-01,하이닉스,893000,884000,905000,858000
2026-04-01,한화에어로,488000,472000,492500,466000
2026-04-02,대한항공,23200,24900,24950,23100
2026-04-02,신한지주,91700,95000,97300,90800
2026-04-02,하이닉스,830000,912000,914000,818000
2026-04-02,한화에어로,465500,499000,499500,457000
2026-04-03,대한항공,23000,23600,23700,22800
2026-04-03,신한지주,91800,93500,94800,91500
2026-04-03,하이닉스,876000,867000,886000,860000
2026-04-03,한화에어로,471000,475500,485000,467000
2026-04-06,대한항공,23150,23150,23450,22850
2026-04-06,신한지주,92900,92200,94400,91800
2026-04-06,하이닉스,886000,877000,901500,869000
2026-04-06,한화에어로,469000,469500,477500,465000
2026-04-07,대한항공,23100,23250,23500,23000
2026-04-07,신한지주,91400,91800,94500,91300
2026-04-07,하이닉스,916000,917000,933000,888000
2026-04-07,한화에어로,473000,477000,481500,465500
2026-04-08,대한항공,24950,24700,25050,24400
2026-04-08,신한지주,96700,96300,98400,95600
2026-04-08,하이닉스,1033000,1007000,1056000,992000
2026-04-08,한화에어로,508000,500000,510000,490000
2026-04-09,대한항공,24250,24650,24700,24200
2026-04-09,신한지주,96600,97200,98900,96400
2026-04-09,하이닉스,998000,1015000,1025000,990000
2026-04-09,한화에어로,489500,510000,514000,487000
2026-04-10,대한항공,24700,24600,24750,24400
2026-04-10,신한지주,98700,97000,99800,97000
2026-04-10,하이닉스,1027000,1030000,1042000,1024000
2026-04-10,한화에어로,489500,498000,499500,489500
2026-04-13,대한항공,23950,23900,24100,23800
2026-04-13,신한지주,98300,96900,98900,96300
2026-04-13,하이닉스,1040000,999000,1043000,996000
2026-04-13,한화에어로,478500,476500,486500,474500
2026-04-14,대한항공,24700,24650,24700,24200
2026-04-14,신한지주,98300,98700,100000,98300
2026-04-14,하이닉스,1103000,1092000,1128000,1078000
2026-04-14,한화에어로,491500,492500,501500,489000
2026-04-15,대한항공,24800,25400,25400,24500
2026-04-15,신한지주,99800,100000,100900,99200
2026-04-15,하이닉스,1136000,1165000,1173000,1130000
2026-04-15,한화에어로,508000,510000,519000,502000
2026-04-16,대한항공,25200,25050,25500,24950
2026-04-16,신한지주,99900,101200,101200,99500
2026-04-16,하이닉스,1155000,1141000,1161000,1130000
2026-04-16,한화에어로,534000,530000,544000,527000
2026-04-17,대한항공,25050,25100,25150,24750
2026-04-17,신한지주,99600,99600,100600,99400
2026-04-17,하이닉스,1128000,1149000,1155000,1121000
2026-04-17,한화에어로,538000,547000,548000,531000
2026-04-20,대한항공,25050,25050,25200,24900
2026-04-20,신한지주,100000,100900,101400,99600
2026-04-20,하이닉스,1166000,1148000,1175000,1141000
2026-04-20,한화에어로,527000,533000,541000,526000
2026-04-21,대한항공,25600,25300,25775,25250
2026-04-21,신한지주,99800,100000,100500,99200
2026-04-21,하이닉스,1224000,1196000,1228000,1193000
2026-04-21,한화에어로,546000,534000,548000,530000
2026-04-22,대한항공,25200,25250,25300,25000
2026-04-22,신한지주,98600,99300,99400,97700
2026-04-22,하이닉스,1223000,1227000,1233000,1195000
2026-04-22,한화에어로,541000,540000,542000,531000
2026-04-23,대한항공,24800,25250,25300,24450
2026-04-23,신한지주,99900,98700,100000,97000
2026-04-23,하이닉스,1225000,1220000,1267000,1183000
2026-04-23,한화에어로,532000,547000,551000,525000
2026-04-24,대한항공,24850,24700,25000,24600
2026-04-24,신한지주,100000,100000,101200,99100
2026-04-24,하이닉스,1222000,1237000,1242000,1193000
2026-04-24,한화에어로,513000,525000,526000,510000
2026-04-27,대한항공,24550,24900,24900,24550
2026-04-27,신한지주,99700,101300,101300,99200
2026-04-27,하이닉스,1292000,1253000,1317000,1249000
2026-04-27,한화에어로,524000,520000,533000,515000
2026-04-28,대한항공,24350,24450,24550,24200
2026-04-28,신한지주,99900,100000,100200,99100
2026-04-28,하이닉스,1300000,1313000,1328000,1296000
2026-04-28,한화에어로,555000,533000,574000,525000
2026-04-29,대한항공,25100,24550,25275,24450
2026-04-29,신한지주,100000,100000,100000,98500
2026-04-29,하이닉스,1293000,1284000,1317000,1281000
2026-04-29,한화에어로,556000,565000,565000,546000
2026-04-30,대한항공,24550,24800,24950,24350
2026-04-30,신한지주,99900,99000,101000,99000
2026-04-30,하이닉스,1286000,1312000,1325000,1286000
2026-04-30,한화에어로,531000,556000,560000,531000
2026-05-04,대한항공,24500,24900,24950,24400
2026-05-04,신한지주,98000,101100,101300,97800
2026-05-04,하이닉스,1447000,1339000,1450000,1333000
2026-05-04,한화에어로,539000,545000,547000,532000
2026-05-06,대한항공,24550,24550,24700,24350
2026-05-06,신한지주,97300,97900,99900,97300
2026-05-06,하이닉스,1601000,1590000,1614000,1557000
2026-05-06,한화에어로,550000,545000,564000,541000
2026-05-07,대한항공,26350,25550,27250,25300
2026-05-07,신한지주,98900,98000,99700,96100
2026-05-07,하이닉스,1654000,1622000,1665000,1567000
2026-05-07,한화에어로,572000,579000,596000,558000
2026-05-08,대한항공,27050,26000,27350,25800
2026-05-08,신한지주,98000,99400,99700,97800
2026-05-08,하이닉스,1686000,1591000,1689000,1591000
2026-05-08,한화에어로,613000,590000,647000,581000
2026-05-11,대한항공,25750,26400,26400,25550
2026-05-11,신한지주,97200,98100,99900,96900
2026-05-11,하이닉스,1880000,1833000,1949000,1826000
2026-05-11,한화에어로,646000,631000,654000,610000
2026-05-12,대한항공,24850,25650,25700,24400
2026-05-12,신한지주,96700,98600,99000,94500
2026-05-12,하이닉스,1835000,1944000,1967000,1804000
2026-05-12,한화에어로,646000,673000,702500,606000
2026-05-13,대한항공,25750,24750,25900,24650
2026-05-13,신한지주,95200,98700,98800,94700
2026-05-13,하이닉스,1976000,1781000,1990000,1781000
2026-05-13,한화에어로,710000,642000,710000,642000
2026-05-14,대한항공,27300,26250,27300,25550
2026-05-14,신한지주,96800,95200,96800,93400
2026-05-14,하이닉스,1970000,1976000,1994000,1937000
2026-05-14,한화에어로,712000,724000,730000,692000
2026-05-15,대한항공,26050,27050,27100,25650
2026-05-15,신한지주,95100,96600,97300,93100
2026-05-15,하이닉스,1819000,1950000,1995000,1789000
2026-05-15,한화에어로,700000,725000,774500,678000
2026-05-18,대한항공,25550,25750,25900,24750
2026-05-18,신한지주,93100,95900,96000,91100
2026-05-18,하이닉스,1840000,1780000,1897000,1731000
2026-05-18,한화에어로,663000,688000,697000,638000
2026-05-19,대한항공,25800,25700,26450,25100
2026-05-19,신한지주,93900,92500,95600,92100
2026-05-19,하이닉스,1745000,1791000,1823000,1740000
2026-05-19,한화에어로,604000,661000,661000,596000
2026-05-20,대한항공,24800,25650,25700,24700
2026-05-20,신한지주,94000,96400,96500,92900
2026-05-20,하이닉스,1745000,1743000,1778000,1690000
2026-05-20,한화에어로,592000,601000,605000,570000
2026-05-21,대한항공,26450,25950,26700,25900
2026-05-21,신한지주,94800,95500,96700,94500
2026-05-21,하이닉스,1940000,1801000,1954000,1796000
2026-05-21,한화에어로,666000,614000,672000,607000
2026-05-22,대한항공,26800,26850,27250,26350
2026-05-22,신한지주,98200,96900,99300,95500
2026-05-22,하이닉스,1941000,1942000,1952000,1912000
2026-05-22,한화에어로,655000,666000,667000,642000
2026-05-26,대한항공,27450,27900,28400,27250
2026-05-26,신한지주,96000,98200,99300,95800
2026-05-26,하이닉스,2052000,2008000,2087000,2006000
2026-05-26,한화에어로,689000,679000,694000,667000
2026-05-27,대한항공,26850,27200,27350,26450
2026-05-27,신한지주,95000,96500,97300,94500
2026-05-27,하이닉스,2243000,2279000,2358000,2200000
2026-05-27,한화에어로,681000,691000,693000,666000
2026-05-28,대한항공,27000,27300,27500,26150
2026-05-28,신한지주,92800,94800,95100,91000
2026-05-28,하이닉스,2289000,2189000,2305000,2151000
2026-05-28,한화에어로,677000,709000,714000,651000
2026-05-29,대한항공,26800,27650,27800,26400
2026-05-29,신한지주,93600,94400,94800,91700
2026-05-29,하이닉스,2333000,2352000,2379000,2290500
2026-05-29,한화에어로,723000,704000,739000,701000
2026-06-01,대한항공,25800,26000,26200,25650
2026-06-01,신한지주,92600,93200,96200,92600
2026-06-01,하이닉스,2363000,2299000,2398000,2296000
2026-06-01,한화에어로,750000,736000,783000,727000
2026-06-02,대한항공,25300,25650,25650,25000
2026-06-02,신한지주,96400,96200,96400,91800
2026-06-02,하이닉스,2360000,2376000,2407000,2259000
2026-06-02,한화에어로,729000,770000,772000,697000
2026-06-04,대한항공,25050,25200,25400,24750
2026-06-04,신한지주,100100,96800,102000,95500
2026-06-04,하이닉스,2298000,2284000,2327000,2262000
2026-06-04,한화에어로,700000,708000,727000,692000
2026-06-05,대한항공,24900,25000,25450,24500
2026-06-05,신한지주,107500,106200,109800,102500
2026-06-05,하이닉스,2070000,2142000,2188000,2070000
2026-06-05,한화에어로,700000,691000,715000,650000
2026-06-08,대한항공,23800,23900,24400,23650
2026-06-08,신한지주,97100,104700,104900,96500
2026-06-08,하이닉스,1911000,1856000,2072000,1855000
2026-06-08,한화에어로,639000,621000,664000,620000
2026-06-09,대한항공,24850,24200,25000,24150
2026-06-09,신한지주,101200,98900,102200,96500
2026-06-09,하이닉스,2215000,2050000,2226000,1998000
2026-06-09,한화에어로,639000,660000,667000,620000
2026-06-10,대한항공,25450,24700,25900,24700
2026-06-10,신한지주,98200,97500,100800,95300
2026-06-10,하이닉스,2048000,2137000,2180000,1992000
2026-06-10,한화에어로,602000,637000,653000,583000
2026-06-11,대한항공,24800,24700,24950,24100
2026-06-11,신한지주,96900,96100,98300,94100
2026-06-11,하이닉스,2101000,1975000,2163000,1960000
2026-06-11,한화에어로,597000,570000,598000,561000
2026-06-12,대한항공,26600,26300,27125,26100
2026-06-12,신한지주,99600,99400,105000,97700
2026-06-12,하이닉스,2150000,2281000,2304000,2150000
2026-06-12,한화에어로,607000,635000,644000,604000
2026-06-15,대한항공,30000,28000,31200,27600
2026-06-15,신한지주,105600,102900,110800,102000
2026-06-15,하이닉스,2288000,2283000,2322000,2265000
2026-06-15,한화에어로,647000,638000,659000,633000
2026-06-16,대한항공,29300,29500,29700,28500
2026-06-16,신한지주,106700,105600,110700,105500
2026-06-16,하이닉스,2382000,2381000,2400000,2286000
2026-06-16,한화에어로,640000,648000,654000,627000
2026-06-17,대한항공,28800,29400,29450,28700
2026-06-17,신한지주,103100,107100,108800,102700
2026-06-17,하이닉스,2521000,2335000,2523000,2334000
2026-06-17,한화에어로,618000,633000,633000,613000
2026-06-18,대한항공,28850,28250,29300,28250
2026-06-18,신한지주,100800,101500,103300,100100
2026-06-18,하이닉스,2685000,2556000,2738000,2556000
2026-06-18,한화에어로,601000,619000,620000,600000
2026-06-19,대한항공,27950,28600,29600,27300
2026-06-19,신한지주,100900,102000,104400,98700
2026-06-19,하이닉스,2764000,2824000,2891000,2688000
2026-06-19,한화에어로,613000,606000,631000,590000
2026-06-22,대한항공,27050,27300,27400,26700
2026-06-22,신한지주,97500,100000,100400,97400
2026-06-22,하이닉스,2919000,2728000,2945000,2728000
2026-06-22,한화에어로,581000,599000,600000,581000
2026-06-23,대한항공,25900,27350,27450,25900
2026-06-23,신한지주,97700,100400,103700,96500
2026-06-23,하이닉스,2555000,2898000,2943000,2536000
2026-06-23,한화에어로,511000,582000,583000,508000
2026-06-24,대한항공,27350,26100,27550,25800
2026-06-24,신한지주,95700,97700,98000,94400
2026-06-24,하이닉스,2580000,2598000,2703000,2453000
2026-06-24,한화에어로,509000,513000,522000,493500
2026-06-25,대한항공,29100,28100,29600,28050
2026-06-25,신한지주,94500,97600,97600,94000
2026-06-25,하이닉스,2917000,2865000,2987000,2749000
2026-06-25,한화에어로,503000,520000,524000,501000
2026-06-26,대한항공,28050,28600,28650,27400
2026-06-26,신한지주,91600,93700,94200,89400
2026-06-26,하이닉스,2673000,2850000,2880000,2600000
2026-06-26,한화에어로,480500,496500,502000,460500
2026-06-29,대한항공,28350,28150,28700,27000
2026-06-29,신한지주,96400,91300,97200,90900
2026-06-29,하이닉스,2628000,2636000,2688000,2517000
2026-06-29,한화에어로,497000,480000,504000,463000
2026-06-30,대한항공,27550,28200,28550,27400
2026-06-30,신한지주,95800,98300,98600,95700
2026-06-30,하이닉스,2650000,2608000,2742000,2541000
2026-06-30,한화에어로,495000,505000,506000,485250
2026-07-01,대한항공,27800,27750,28300,27250
2026-07-01,신한지주,96400,98400,98800,94500
2026-07-01,하이닉스,2560000,2665000,2723000,2502000
2026-07-01,한화에어로,487500,502000,514000,474500
2026-07-02,대한항공,28550,27650,29700,26850
2026-07-02,신한지주,102200,95800,105000,94000
2026-07-02,하이닉스,2187000,2351000,2448000,2187000
2026-07-02,한화에어로,482000,474000,501000,457000
2026-07-03,대한항공,28850,28800,29100,28050
2026-07-03,신한지주,107300,104000,108000,103100
2026-07-03,하이닉스,2425000,2197000,2454000,2045000
2026-07-03,한화에어로,492000,477000,493500,458000
2026-07-06,대한항공,28750,29150,29500,28450
2026-07-06,신한지주,107700,107300,110700,106500
2026-07-06,하이닉스,2343000,2450000,2497000,2292000
2026-07-06,한화에어로,502000,492500,513000,485000
2026-07-07,대한항공,29150,28750,29450,28500
2026-07-07,신한지주,108600,107300,109500,105800
2026-07-07,하이닉스,2201000,2289000,2343000,2080000
2026-07-07,한화에어로,479500,494000,495500,460500
2026-07-08,대한항공,28150,28600,28700,27100
2026-07-08,신한지주,107300,108700,111000,105200
2026-07-08,하이닉스,2076000,2118000,2329000,2076000
2026-07-08,한화에어로,462500,469000,484500,453500
2026-07-09,대한항공,26700,27800,27900,26400
2026-07-09,신한지주,105000,108700,109700,104000
2026-07-09,하이닉스,2186000,2228000,2270000,2091000
2026-07-09,한화에어로,445500,460000,463500,433500
2026-07-10,대한항공,26750,27300,28050,26700
2026-07-10,신한지주,109200,106000,111800,104300
2026-07-10,하이닉스,2180000,2296000,2305000,2166000
2026-07-10,한화에어로,457500,448000,468000,447500
2026-07-13,대한항공,25850,26500,26850,25650
2026-07-13,신한지주,108600,110800,113300,107500
2026-07-13,하이닉스,1845000,2113000,2142000,1839000
2026-07-13,한화에어로,444000,456500,482000,440500
2026-07-14,대한항공,26500,25900,26700,25400
2026-07-14,신한지주,106500,111100,112000,106000
2026-07-14,하이닉스,1913000,1825000,1936000,1678000
2026-07-14,한화에어로,424500,433500,434000,403250
2026-07-15,대한항공,26650,27200,27950,26500
2026-07-15,신한지주,107300,107700,110400,106700
2026-07-15,하이닉스,2082000,2120000,2171000,2070000
2026-07-15,한화에어로,434000,433000,439500,424000
2026-07-16,대한항공,26500,26450,27200,26200
2026-07-16,신한지주,107900,108600,112400,105000
2026-07-16,하이닉스,1842000,1902000,1919000,1821000
2026-07-16,한화에어로,425000,423000,431000,412000
2026-07-20,대한항공,25350,25850,25900,25000
2026-07-20,신한지주,101800,104500,105800,100000
2026-07-20,하이닉스,1764000,1745000,1892000,1735000
2026-07-20,한화에어로,399000,408000,410000,394500
2026-07-21,대한항공,25350,25200,25750,25000
2026-07-21,신한지주,104700,97400,105500,97300
2026-07-21,하이닉스,1836000,1775000,1889000,1732000
2026-07-21,한화에어로,399000,393000,404000,381000
2026-07-22,대한항공,24900,25600,25900,24900
2026-07-22,신한지주,104500,105500,107200,103600
2026-07-22,하이닉스,1830000,1977000,2006000,1830000
2026-07-22,한화에어로,418000,413500,433000,411500
2026-07-23,대한항공,25750,24850,25850,24700
2026-07-23,신한지주,103800,104000,105400,102700
2026-07-23,하이닉스,1919000,1910000,1948000,1845000
2026-07-23,한화에어로,432000,419500,433000,416500
2026-07-24,대한항공,25450,25050,25700,24900
2026-07-24,신한지주,104400,102900,107900,101900
2026-07-24,하이닉스,1759000,1894000,1894000,1752000
2026-07-24,한화에어로,401000,418500,418500,390000
2026-07-27,대한항공,26450,26100,27350,25950
2026-07-27,신한지주,105000,104800,105700,102400
2026-07-27,하이닉스,1816000,1814000,1821000,1707000
2026-07-27,한화에어로,403000,410000,411000,393500
2026-07-28,대한항공,25250,26200,26350,25000
2026-07-28,신한지주,100900,102500,105400,99700
2026-07-28,하이닉스,1550000,1662000,1674000,1550000
2026-07-28,한화에어로,364000,386500,390500,359000
2026-07-29,대한항공,24800,25650,25750,23950
2026-07-29,신한지주,98300,100300,103600,95700
2026-07-29,하이닉스,1401000,1567000,1619000,1246000
2026-07-29,한화에어로,353500,369500,382000,338500
2026-07-30,대한항공,24650,24750,25300,24450
2026-07-30,신한지주,100800,98300,104800,96700
2026-07-30,하이닉스,1322000,1361000,1459000,1287000
2026-07-30,한화에어로,351000,346000,369000,343500
2026-07-31,대한항공,25900,25300,26100,25050
2026-07-31,신한지주,100700,100900,101800,97500
2026-07-31,하이닉스,1718000,1697000,1718000,1586000
2026-07-31,한화에어로,388000,370000,391500,366000
